#2026 04 13 19:06:34.464#Z#DEBUG#be2d3d37-376b-11f1-938a-eeee0a8c9147.BTP_CI_CD_Deployment_CAPM-postgres-deployer#flowable-async-job-executor-thread-16193#
[PollStageAppStatusExecution] c49c6f4e-6a21-4cf0-9f92-c125a8dc9d83 [2026-04-13T19:05:44.570395] Updated app with guid c49c6f4e-6a21-4cf0-9f92-c125a8dc9d83 ({"lifecycle"=>{"data"=>{"buildpacks"=>["nodejs_buildpack"]}, "type"=>"buildpack"}}) (STDOUT, API)#
#2026 04 13 19:06:34.464#Z#DEBUG#be2d3d37-376b-11f1-938a-eeee0a8c9147.BTP_CI_CD_Deployment_CAPM-postgres-deployer#flowable-async-job-executor-thread-16193#
[PollStageAppStatusExecution] c49c6f4e-6a21-4cf0-9f92-c125a8dc9d83 [2026-04-13T19:05:44.671872] Updating process: "web" (STDOUT, API)#
#2026 04 13 19:06:34.464#Z#DEBUG#be2d3d37-376b-11f1-938a-eeee0a8c9147.BTP_CI_CD_Deployment_CAPM-postgres-deployer#flowable-async-job-executor-thread-16193#
[PollStageAppStatusExecution] c49c6f4e-6a21-4cf0-9f92-c125a8dc9d83 [2026-04-13T19:06:14.765926] Uploading app package for app with guid c49c6f4e-6a21-4cf0-9f92-c125a8dc9d83 (STDOUT, API)#
#2026 04 13 19:06:34.464#Z#DEBUG#be2d3d37-376b-11f1-938a-eeee0a8c9147.BTP_CI_CD_Deployment_CAPM-postgres-deployer#flowable-async-job-executor-thread-16193#
[PollStageAppStatusExecution] c49c6f4e-6a21-4cf0-9f92-c125a8dc9d83 [2026-04-13T19:06:15.022943] Updated app with guid c49c6f4e-6a21-4cf0-9f92-c125a8dc9d83 ({"environment_variables"=>"[PRIVATE DATA HIDDEN]"}) (STDOUT, API)#
#2026 04 13 19:06:34.464#Z#DEBUG#be2d3d37-376b-11f1-938a-eeee0a8c9147.BTP_CI_CD_Deployment_CAPM-postgres-deployer#flowable-async-job-executor-thread-16193#
[PollStageAppStatusExecution] c49c6f4e-6a21-4cf0-9f92-c125a8dc9d83 [2026-04-13T19:06:24.646109] Creating build for app with guid c49c6f4e-6a21-4cf0-9f92-c125a8dc9d83 (STDOUT, API)#
#2026 04 13 19:06:34.464#Z#DEBUG#be2d3d37-376b-11f1-938a-eeee0a8c9147.BTP_CI_CD_Deployment_CAPM-postgres-deployer#flowable-async-job-executor-thread-16193#
[PollStageAppStatusExecution] c49c6f4e-6a21-4cf0-9f92-c125a8dc9d83 [2026-04-13T19:06:25.071039] Downloading nodejs_buildpack... (STDOUT, STG)#
#2026 04 13 19:06:34.464#Z#DEBUG#be2d3d37-376b-11f1-938a-eeee0a8c9147.BTP_CI_CD_Deployment_CAPM-postgres-deployer#flowable-async-job-executor-thread-16193#
[PollStageAppStatusExecution] c49c6f4e-6a21-4cf0-9f92-c125a8dc9d83 [2026-04-13T19:06:25.124347] Downloaded nodejs_buildpack (STDOUT, STG)#
#2026 04 13 19:06:34.464#Z#DEBUG#be2d3d37-376b-11f1-938a-eeee0a8c9147.BTP_CI_CD_Deployment_CAPM-postgres-deployer#flowable-async-job-executor-thread-16193#
[PollStageAppStatusExecution] c49c6f4e-6a21-4cf0-9f92-c125a8dc9d83 [2026-04-13T19:06:25.124439] Cell 684caff8-89cd-492b-be01-b3d0835f1763 creating container for instance 520dd5bf-9e73-4cd2-81ae-ff4728adf795 (STDOUT, STG)#
#2026 04 13 19:06:34.464#Z#DEBUG#be2d3d37-376b-11f1-938a-eeee0a8c9147.BTP_CI_CD_Deployment_CAPM-postgres-deployer#flowable-async-job-executor-thread-16193#
[PollStageAppStatusExecution] c49c6f4e-6a21-4cf0-9f92-c125a8dc9d83 [2026-04-13T19:06:25.979951] Security group rules were updated (STDOUT, STG)#
#2026 04 13 19:06:34.464#Z#DEBUG#be2d3d37-376b-11f1-938a-eeee0a8c9147.BTP_CI_CD_Deployment_CAPM-postgres-deployer#flowable-async-job-executor-thread-16193#
[PollStageAppStatusExecution] c49c6f4e-6a21-4cf0-9f92-c125a8dc9d83 [2026-04-13T19:06:26.117240] Cell 684caff8-89cd-492b-be01-b3d0835f1763 successfully created container for instance 520dd5bf-9e73-4cd2-81ae-ff4728adf795 (STDOUT, STG)#
#2026 04 13 19:06:34.464#Z#DEBUG#be2d3d37-376b-11f1-938a-eeee0a8c9147.BTP_CI_CD_Deployment_CAPM-postgres-deployer#flowable-async-job-executor-thread-16193#
[PollStageAppStatusExecution] c49c6f4e-6a21-4cf0-9f92-c125a8dc9d83 [2026-04-13T19:06:26.767236] Downloading app package... (STDOUT, STG)#
#2026 04 13 19:06:34.464#Z#DEBUG#be2d3d37-376b-11f1-938a-eeee0a8c9147.BTP_CI_CD_Deployment_CAPM-postgres-deployer#flowable-async-job-executor-thread-16193#
[PollStageAppStatusExecution] c49c6f4e-6a21-4cf0-9f92-c125a8dc9d83 [2026-04-13T19:06:26.767498] Downloading build artifacts cache... (STDOUT, STG)#
#2026 04 13 19:06:34.464#Z#DEBUG#be2d3d37-376b-11f1-938a-eeee0a8c9147.BTP_CI_CD_Deployment_CAPM-postgres-deployer#flowable-async-job-executor-thread-16193#
[PollStageAppStatusExecution] c49c6f4e-6a21-4cf0-9f92-c125a8dc9d83 [2026-04-13T19:06:26.901910] Downloaded build artifacts cache (223B) (STDOUT, STG)#
#2026 04 13 19:06:34.464#Z#DEBUG#be2d3d37-376b-11f1-938a-eeee0a8c9147.BTP_CI_CD_Deployment_CAPM-postgres-deployer#flowable-async-job-executor-thread-16193#
[PollStageAppStatusExecution] c49c6f4e-6a21-4cf0-9f92-c125a8dc9d83 [2026-04-13T19:06:27.329413] Downloaded app package (2.9M) (STDOUT, STG)#
#2026 04 13 19:06:34.464#Z#DEBUG#be2d3d37-376b-11f1-938a-eeee0a8c9147.BTP_CI_CD_Deployment_CAPM-postgres-deployer#flowable-async-job-executor-thread-16193#
[PollStageAppStatusExecution] c49c6f4e-6a21-4cf0-9f92-c125a8dc9d83 [2026-04-13T19:06:27.464092] -----> Nodejs Buildpack version 1.8.44 (STDOUT, STG)#
#2026 04 13 19:06:34.464#Z#DEBUG#be2d3d37-376b-11f1-938a-eeee0a8c9147.BTP_CI_CD_Deployment_CAPM-postgres-deployer#flowable-async-job-executor-thread-16193#
[PollStageAppStatusExecution] c49c6f4e-6a21-4cf0-9f92-c125a8dc9d83 [2026-04-13T19:06:27.681947] -----> Bootstrapping python (STDOUT, STG)#
#2026 04 13 19:06:34.464#Z#DEBUG#be2d3d37-376b-11f1-938a-eeee0a8c9147.BTP_CI_CD_Deployment_CAPM-postgres-deployer#flowable-async-job-executor-thread-16193#
[PollStageAppStatusExecution] c49c6f4e-6a21-4cf0-9f92-c125a8dc9d83 [2026-04-13T19:06:27.682061] -----> Installing python 3.11.14 (STDOUT, STG)#
#2026 04 13 19:06:34.464#Z#DEBUG#be2d3d37-376b-11f1-938a-eeee0a8c9147.BTP_CI_CD_Deployment_CAPM-postgres-deployer#flowable-async-job-executor-thread-16193#
[PollStageAppStatusExecution] c49c6f4e-6a21-4cf0-9f92-c125a8dc9d83 [2026-04-13T19:06:27.682115] Copy [/tmp/buildpacks/978cee5ec9c58000/dependencies/b5e0345ae0ae1932e7d56fffaa49a487/python_3.11.14_linux_x64_cflinuxfs4_66f53248.tgz] (STDOUT, STG)#
#2026 04 13 19:06:34.464#Z#DEBUG#be2d3d37-376b-11f1-938a-eeee0a8c9147.BTP_CI_CD_Deployment_CAPM-postgres-deployer#flowable-async-job-executor-thread-16193#
[PollStageAppStatusExecution] c49c6f4e-6a21-4cf0-9f92-c125a8dc9d83 [2026-04-13T19:06:32.390012] -----> Installing binaries (STDOUT, STG)#
#2026 04 13 19:06:34.464#Z#DEBUG#be2d3d37-376b-11f1-938a-eeee0a8c9147.BTP_CI_CD_Deployment_CAPM-postgres-deployer#flowable-async-job-executor-thread-16193#
[PollStageAppStatusExecution] c49c6f4e-6a21-4cf0-9f92-c125a8dc9d83 [2026-04-13T19:06:32.390269] engines.node (package.json): unspecified (STDOUT, STG)#
#2026 04 13 19:06:34.464#Z#DEBUG#be2d3d37-376b-11f1-938a-eeee0a8c9147.BTP_CI_CD_Deployment_CAPM-postgres-deployer#flowable-async-job-executor-thread-16193#
[PollStageAppStatusExecution] c49c6f4e-6a21-4cf0-9f92-c125a8dc9d83 [2026-04-13T19:06:32.390348] engines.npm (package.json): unspecified (use default) (STDOUT, STG)#
#2026 04 13 19:06:34.464#Z#DEBUG#be2d3d37-376b-11f1-938a-eeee0a8c9147.BTP_CI_CD_Deployment_CAPM-postgres-deployer#flowable-async-job-executor-thread-16193#
[PollStageAppStatusExecution] c49c6f4e-6a21-4cf0-9f92-c125a8dc9d83 [2026-04-13T19:06:32.390459] [31;1m**WARNING**[0m Node version not specified in package.json or .nvmrc. See: http://docs.cloudfoundry.org/buildpacks/node/node-tips.html (STDOUT, STG)#
#2026 04 13 19:06:34.464#Z#DEBUG#be2d3d37-376b-11f1-938a-eeee0a8c9147.BTP_CI_CD_Deployment_CAPM-postgres-deployer#flowable-async-job-executor-thread-16193#
[PollStageAppStatusExecution] c49c6f4e-6a21-4cf0-9f92-c125a8dc9d83 [2026-04-13T19:06:32.390555] -----> Installing node 22.22.0 (STDOUT, STG)#
#2026 04 13 19:06:34.464#Z#DEBUG#be2d3d37-376b-11f1-938a-eeee0a8c9147.BTP_CI_CD_Deployment_CAPM-postgres-deployer#flowable-async-job-executor-thread-16193#
[PollStageAppStatusExecution] c49c6f4e-6a21-4cf0-9f92-c125a8dc9d83 [2026-04-13T19:06:32.390992] Copy [/tmp/buildpacks/978cee5ec9c58000/dependencies/65c50d3a8311e7796847437aebc5aebd/node_22.22.0_linux_x64_cflinuxfs4_a73ffe6d.tgz] (STDOUT, STG)#
#2026 04 13 19:06:44.578#Z#DEBUG#be2d3d37-376b-11f1-938a-eeee0a8c9147.BTP_CI_CD_Deployment_CAPM-postgres-deployer#flowable-async-job-executor-thread-16201#
[PollStageAppStatusExecution] c49c6f4e-6a21-4cf0-9f92-c125a8dc9d83 [2026-04-13T19:06:35.225096] Using default npm version: 10.9.4 (STDOUT, STG)#
#2026 04 13 19:06:44.578#Z#DEBUG#be2d3d37-376b-11f1-938a-eeee0a8c9147.BTP_CI_CD_Deployment_CAPM-postgres-deployer#flowable-async-job-executor-thread-16201#
[PollStageAppStatusExecution] c49c6f4e-6a21-4cf0-9f92-c125a8dc9d83 [2026-04-13T19:06:35.225128] -----> Installing yarn 1.22.22 (STDOUT, STG)#
#2026 04 13 19:06:44.578#Z#DEBUG#be2d3d37-376b-11f1-938a-eeee0a8c9147.BTP_CI_CD_Deployment_CAPM-postgres-deployer#flowable-async-job-executor-thread-16201#
[PollStageAppStatusExecution] c49c6f4e-6a21-4cf0-9f92-c125a8dc9d83 [2026-04-13T19:06:35.225494] Copy [/tmp/buildpacks/978cee5ec9c58000/dependencies/e3a39aedd1236924d69cc2d0637a8ed2/yarn_1.22.22_linux_noarch_any-stack_4911d0a6.tgz] (STDOUT, STG)#
#2026 04 13 19:06:44.578#Z#DEBUG#be2d3d37-376b-11f1-938a-eeee0a8c9147.BTP_CI_CD_Deployment_CAPM-postgres-deployer#flowable-async-job-executor-thread-16201#
[PollStageAppStatusExecution] c49c6f4e-6a21-4cf0-9f92-c125a8dc9d83 [2026-04-13T19:06:35.639891] Installed yarn 1.22.22 (STDOUT, STG)#
#2026 04 13 19:06:44.578#Z#DEBUG#be2d3d37-376b-11f1-938a-eeee0a8c9147.BTP_CI_CD_Deployment_CAPM-postgres-deployer#flowable-async-job-executor-thread-16201#
[PollStageAppStatusExecution] c49c6f4e-6a21-4cf0-9f92-c125a8dc9d83 [2026-04-13T19:06:35.639928] -----> Creating runtime environment (STDOUT, STG)#
#2026 04 13 19:06:44.578#Z#DEBUG#be2d3d37-376b-11f1-938a-eeee0a8c9147.BTP_CI_CD_Deployment_CAPM-postgres-deployer#flowable-async-job-executor-thread-16201#
[PollStageAppStatusExecution] c49c6f4e-6a21-4cf0-9f92-c125a8dc9d83 [2026-04-13T19:06:35.642132] NODE_ENV=production (STDOUT, STG)#
#2026 04 13 19:06:44.578#Z#DEBUG#be2d3d37-376b-11f1-938a-eeee0a8c9147.BTP_CI_CD_Deployment_CAPM-postgres-deployer#flowable-async-job-executor-thread-16201#
[PollStageAppStatusExecution] c49c6f4e-6a21-4cf0-9f92-c125a8dc9d83 [2026-04-13T19:06:35.642152] NODE_HOME=/tmp/contents3451037157/deps/0/node (STDOUT, STG)#
#2026 04 13 19:06:44.578#Z#DEBUG#be2d3d37-376b-11f1-938a-eeee0a8c9147.BTP_CI_CD_Deployment_CAPM-postgres-deployer#flowable-async-job-executor-thread-16201#
[PollStageAppStatusExecution] c49c6f4e-6a21-4cf0-9f92-c125a8dc9d83 [2026-04-13T19:06:35.642155] NODE_MODULES_CACHE=true (STDOUT, STG)#
#2026 04 13 19:06:44.578#Z#DEBUG#be2d3d37-376b-11f1-938a-eeee0a8c9147.BTP_CI_CD_Deployment_CAPM-postgres-deployer#flowable-async-job-executor-thread-16201#
[PollStageAppStatusExecution] c49c6f4e-6a21-4cf0-9f92-c125a8dc9d83 [2026-04-13T19:06:35.642157] NODE_VERBOSE=false (STDOUT, STG)#
#2026 04 13 19:06:44.578#Z#DEBUG#be2d3d37-376b-11f1-938a-eeee0a8c9147.BTP_CI_CD_Deployment_CAPM-postgres-deployer#flowable-async-job-executor-thread-16201#
[PollStageAppStatusExecution] c49c6f4e-6a21-4cf0-9f92-c125a8dc9d83 [2026-04-13T19:06:35.642160] NPM_CONFIG_LOGLEVEL=error (STDOUT, STG)#
#2026 04 13 19:06:44.578#Z#DEBUG#be2d3d37-376b-11f1-938a-eeee0a8c9147.BTP_CI_CD_Deployment_CAPM-postgres-deployer#flowable-async-job-executor-thread-16201#
[PollStageAppStatusExecution] c49c6f4e-6a21-4cf0-9f92-c125a8dc9d83 [2026-04-13T19:06:35.642180] NPM_CONFIG_PRODUCTION=true (STDOUT, STG)#
#2026 04 13 19:06:44.578#Z#DEBUG#be2d3d37-376b-11f1-938a-eeee0a8c9147.BTP_CI_CD_Deployment_CAPM-postgres-deployer#flowable-async-job-executor-thread-16201#
[PollStageAppStatusExecution] c49c6f4e-6a21-4cf0-9f92-c125a8dc9d83 [2026-04-13T19:06:35.642295] -----> Building dependencies (STDOUT, STG)#
#2026 04 13 19:06:44.578#Z#DEBUG#be2d3d37-376b-11f1-938a-eeee0a8c9147.BTP_CI_CD_Deployment_CAPM-postgres-deployer#flowable-async-job-executor-thread-16201#
[PollStageAppStatusExecution] c49c6f4e-6a21-4cf0-9f92-c125a8dc9d83 [2026-04-13T19:06:35.642327] Prebuild detected (node_modules already exists) (STDOUT, STG)#
#2026 04 13 19:06:44.578#Z#DEBUG#be2d3d37-376b-11f1-938a-eeee0a8c9147.BTP_CI_CD_Deployment_CAPM-postgres-deployer#flowable-async-job-executor-thread-16201#
[PollStageAppStatusExecution] c49c6f4e-6a21-4cf0-9f92-c125a8dc9d83 [2026-04-13T19:06:35.642390] Rebuilding any native modules (STDOUT, STG)#
#2026 04 13 19:06:44.578#Z#DEBUG#be2d3d37-376b-11f1-938a-eeee0a8c9147.BTP_CI_CD_Deployment_CAPM-postgres-deployer#flowable-async-job-executor-thread-16201#
[PollStageAppStatusExecution] c49c6f4e-6a21-4cf0-9f92-c125a8dc9d83 [2026-04-13T19:06:36.416783] rebuilt dependencies successfully (STDOUT, STG)#
#2026 04 13 19:06:44.578#Z#DEBUG#be2d3d37-376b-11f1-938a-eeee0a8c9147.BTP_CI_CD_Deployment_CAPM-postgres-deployer#flowable-async-job-executor-thread-16201#
[PollStageAppStatusExecution] c49c6f4e-6a21-4cf0-9f92-c125a8dc9d83 [2026-04-13T19:06:36.417891] npm notice (STDOUT, STG)#
#2026 04 13 19:06:44.578#Z#DEBUG#be2d3d37-376b-11f1-938a-eeee0a8c9147.BTP_CI_CD_Deployment_CAPM-postgres-deployer#flowable-async-job-executor-thread-16201#
[PollStageAppStatusExecution] c49c6f4e-6a21-4cf0-9f92-c125a8dc9d83 [2026-04-13T19:06:36.417911] npm notice New major version of npm available! 10.9.4 -> 11.12.1 (STDOUT, STG)#
#2026 04 13 19:06:44.578#Z#DEBUG#be2d3d37-376b-11f1-938a-eeee0a8c9147.BTP_CI_CD_Deployment_CAPM-postgres-deployer#flowable-async-job-executor-thread-16201#
[PollStageAppStatusExecution] c49c6f4e-6a21-4cf0-9f92-c125a8dc9d83 [2026-04-13T19:06:36.417915] npm notice Changelog: https://github.com/npm/cli/releases/tag/v11.12.1 (STDOUT, STG)#
#2026 04 13 19:06:44.578#Z#DEBUG#be2d3d37-376b-11f1-938a-eeee0a8c9147.BTP_CI_CD_Deployment_CAPM-postgres-deployer#flowable-async-job-executor-thread-16201#
[PollStageAppStatusExecution] c49c6f4e-6a21-4cf0-9f92-c125a8dc9d83 [2026-04-13T19:06:36.417919] npm notice To update run: npm install -g npm@11.12.1 (STDOUT, STG)#
#2026 04 13 19:06:44.578#Z#DEBUG#be2d3d37-376b-11f1-938a-eeee0a8c9147.BTP_CI_CD_Deployment_CAPM-postgres-deployer#flowable-async-job-executor-thread-16201#
[PollStageAppStatusExecution] c49c6f4e-6a21-4cf0-9f92-c125a8dc9d83 [2026-04-13T19:06:36.417925] npm notice (STDOUT, STG)#
#2026 04 13 19:06:44.578#Z#DEBUG#be2d3d37-376b-11f1-938a-eeee0a8c9147.BTP_CI_CD_Deployment_CAPM-postgres-deployer#flowable-async-job-executor-thread-16201#
[PollStageAppStatusExecution] c49c6f4e-6a21-4cf0-9f92-c125a8dc9d83 [2026-04-13T19:06:36.492984] Installing any new modules (package.json + package-lock.json) (STDOUT, STG)#
#2026 04 13 19:06:44.578#Z#DEBUG#be2d3d37-376b-11f1-938a-eeee0a8c9147.BTP_CI_CD_Deployment_CAPM-postgres-deployer#flowable-async-job-executor-thread-16201#
[PollStageAppStatusExecution] c49c6f4e-6a21-4cf0-9f92-c125a8dc9d83 [2026-04-13T19:06:37.186007] up to date in 605ms (STDOUT, STG)#
#2026 04 13 19:06:44.578#Z#DEBUG#be2d3d37-376b-11f1-938a-eeee0a8c9147.BTP_CI_CD_Deployment_CAPM-postgres-deployer#flowable-async-job-executor-thread-16201#
[PollStageAppStatusExecution] c49c6f4e-6a21-4cf0-9f92-c125a8dc9d83 [2026-04-13T19:06:37.186224] 23 packages are looking for funding (STDOUT, STG)#
#2026 04 13 19:06:44.579#Z#DEBUG#be2d3d37-376b-11f1-938a-eeee0a8c9147.BTP_CI_CD_Deployment_CAPM-postgres-deployer#flowable-async-job-executor-thread-16201#
[PollStageAppStatusExecution] c49c6f4e-6a21-4cf0-9f92-c125a8dc9d83 [2026-04-13T19:06:37.186244] run `npm fund` for details (STDOUT, STG)#
#2026 04 13 19:06:44.579#Z#DEBUG#be2d3d37-376b-11f1-938a-eeee0a8c9147.BTP_CI_CD_Deployment_CAPM-postgres-deployer#flowable-async-job-executor-thread-16201#
[PollStageAppStatusExecution] c49c6f4e-6a21-4cf0-9f92-c125a8dc9d83 [2026-04-13T19:06:37.983123] Contrast Security no credentials found. Will not write environment files. (STDOUT, STG)#
#2026 04 13 19:06:54.601#Z#DEBUG#be2d3d37-376b-11f1-938a-eeee0a8c9147.BTP_CI_CD_Deployment_CAPM-postgres-deployer#flowable-async-job-executor-thread-16204#
[PollStageAppStatusExecution] c49c6f4e-6a21-4cf0-9f92-c125a8dc9d83 [2026-04-13T19:06:48.612169] Exit status 0 (STDOUT, STG)#
#2026 04 13 19:06:54.601#Z#DEBUG#be2d3d37-376b-11f1-938a-eeee0a8c9147.BTP_CI_CD_Deployment_CAPM-postgres-deployer#flowable-async-job-executor-thread-16204#
[PollStageAppStatusExecution] c49c6f4e-6a21-4cf0-9f92-c125a8dc9d83 [2026-04-13T19:06:48.612216] Uploading droplet, build artifacts cache... (STDOUT, STG)#
#2026 04 13 19:06:54.601#Z#DEBUG#be2d3d37-376b-11f1-938a-eeee0a8c9147.BTP_CI_CD_Deployment_CAPM-postgres-deployer#flowable-async-job-executor-thread-16204#
[PollStageAppStatusExecution] c49c6f4e-6a21-4cf0-9f92-c125a8dc9d83 [2026-04-13T19:06:48.612253] Uploading build artifacts cache... (STDOUT, STG)#
#2026 04 13 19:06:54.601#Z#DEBUG#be2d3d37-376b-11f1-938a-eeee0a8c9147.BTP_CI_CD_Deployment_CAPM-postgres-deployer#flowable-async-job-executor-thread-16204#
[PollStageAppStatusExecution] c49c6f4e-6a21-4cf0-9f92-c125a8dc9d83 [2026-04-13T19:06:48.612376] Uploading droplet... (STDOUT, STG)#
#2026 04 13 19:06:54.601#Z#DEBUG#be2d3d37-376b-11f1-938a-eeee0a8c9147.BTP_CI_CD_Deployment_CAPM-postgres-deployer#flowable-async-job-executor-thread-16204#
[PollStageAppStatusExecution] c49c6f4e-6a21-4cf0-9f92-c125a8dc9d83 [2026-04-13T19:06:48.638406] Uploaded build artifacts cache (225B) (STDOUT, STG)#
#2026 04 13 19:06:54.601#Z#DEBUG#be2d3d37-376b-11f1-938a-eeee0a8c9147.BTP_CI_CD_Deployment_CAPM-postgres-deployer#flowable-async-job-executor-thread-16204#
[PollStageAppStatusExecution] c49c6f4e-6a21-4cf0-9f92-c125a8dc9d83 [2026-04-13T19:06:49.328491] Creating droplet for app with guid c49c6f4e-6a21-4cf0-9f92-c125a8dc9d83 (STDOUT, API)#
#2026 04 13 19:06:54.601#Z#DEBUG#be2d3d37-376b-11f1-938a-eeee0a8c9147.BTP_CI_CD_Deployment_CAPM-postgres-deployer#flowable-async-job-executor-thread-16204#
[PollStageAppStatusExecution] c49c6f4e-6a21-4cf0-9f92-c125a8dc9d83 [2026-04-13T19:06:51.394520] Uploaded droplet (59.3M) (STDOUT, STG)#
#2026 04 13 19:06:54.601#Z#DEBUG#be2d3d37-376b-11f1-938a-eeee0a8c9147.BTP_CI_CD_Deployment_CAPM-postgres-deployer#flowable-async-job-executor-thread-16204#
[PollStageAppStatusExecution] c49c6f4e-6a21-4cf0-9f92-c125a8dc9d83 [2026-04-13T19:06:51.416294] Uploading complete (STDOUT, STG)#
#2026 04 13 19:06:54.601#Z#DEBUG#be2d3d37-376b-11f1-938a-eeee0a8c9147.BTP_CI_CD_Deployment_CAPM-postgres-deployer#flowable-async-job-executor-thread-16204#
[PollStageAppStatusExecution] c49c6f4e-6a21-4cf0-9f92-c125a8dc9d83 [2026-04-13T19:06:52.078736] Cell 684caff8-89cd-492b-be01-b3d0835f1763 stopping instance 520dd5bf-9e73-4cd2-81ae-ff4728adf795 (STDOUT, STG)#
#2026 04 13 19:06:54.601#Z#DEBUG#be2d3d37-376b-11f1-938a-eeee0a8c9147.BTP_CI_CD_Deployment_CAPM-postgres-deployer#flowable-async-job-executor-thread-16204#
[PollStageAppStatusExecution] c49c6f4e-6a21-4cf0-9f92-c125a8dc9d83 [2026-04-13T19:06:52.078782] Cell 684caff8-89cd-492b-be01-b3d0835f1763 destroying container for instance 520dd5bf-9e73-4cd2-81ae-ff4728adf795 (STDOUT, STG)#
#2026 04 13 19:06:54.601#Z#DEBUG#be2d3d37-376b-11f1-938a-eeee0a8c9147.BTP_CI_CD_Deployment_CAPM-postgres-deployer#flowable-async-job-executor-thread-16204#
[PollStageAppStatusExecution] c49c6f4e-6a21-4cf0-9f92-c125a8dc9d83 [2026-04-13T19:06:52.129013] Staging complete for build 520dd5bf-9e73-4cd2-81ae-ff4728adf795 (STDOUT, API)#
#2026 04 13 19:07:04.699#Z#DEBUG#be2d3d37-376b-11f1-938a-eeee0a8c9147.BTP_CI_CD_Deployment_CAPM-postgres-deployer#flowable-async-job-executor-thread-16216#
[PollExecuteTaskStatusExecution] c49c6f4e-6a21-4cf0-9f92-c125a8dc9d83 [2026-04-13T19:05:44.570395] Updated app with guid c49c6f4e-6a21-4cf0-9f92-c125a8dc9d83 ({"lifecycle"=>{"data"=>{"buildpacks"=>["nodejs_buildpack"]}, "type"=>"buildpack"}}) (STDOUT, API)#
#2026 04 13 19:07:04.699#Z#DEBUG#be2d3d37-376b-11f1-938a-eeee0a8c9147.BTP_CI_CD_Deployment_CAPM-postgres-deployer#flowable-async-job-executor-thread-16216#
[PollExecuteTaskStatusExecution] c49c6f4e-6a21-4cf0-9f92-c125a8dc9d83 [2026-04-13T19:05:44.671872] Updating process: "web" (STDOUT, API)#
#2026 04 13 19:07:04.699#Z#DEBUG#be2d3d37-376b-11f1-938a-eeee0a8c9147.BTP_CI_CD_Deployment_CAPM-postgres-deployer#flowable-async-job-executor-thread-16216#
[PollExecuteTaskStatusExecution] c49c6f4e-6a21-4cf0-9f92-c125a8dc9d83 [2026-04-13T19:06:14.765926] Uploading app package for app with guid c49c6f4e-6a21-4cf0-9f92-c125a8dc9d83 (STDOUT, API)#
#2026 04 13 19:07:04.699#Z#DEBUG#be2d3d37-376b-11f1-938a-eeee0a8c9147.BTP_CI_CD_Deployment_CAPM-postgres-deployer#flowable-async-job-executor-thread-16216#
[PollExecuteTaskStatusExecution] c49c6f4e-6a21-4cf0-9f92-c125a8dc9d83 [2026-04-13T19:06:15.022943] Updated app with guid c49c6f4e-6a21-4cf0-9f92-c125a8dc9d83 ({"environment_variables"=>"[PRIVATE DATA HIDDEN]"}) (STDOUT, API)#
#2026 04 13 19:07:04.699#Z#DEBUG#be2d3d37-376b-11f1-938a-eeee0a8c9147.BTP_CI_CD_Deployment_CAPM-postgres-deployer#flowable-async-job-executor-thread-16216#
[PollExecuteTaskStatusExecution] c49c6f4e-6a21-4cf0-9f92-c125a8dc9d83 [2026-04-13T19:06:24.646109] Creating build for app with guid c49c6f4e-6a21-4cf0-9f92-c125a8dc9d83 (STDOUT, API)#
#2026 04 13 19:07:04.699#Z#DEBUG#be2d3d37-376b-11f1-938a-eeee0a8c9147.BTP_CI_CD_Deployment_CAPM-postgres-deployer#flowable-async-job-executor-thread-16216#
[PollExecuteTaskStatusExecution] c49c6f4e-6a21-4cf0-9f92-c125a8dc9d83 [2026-04-13T19:06:25.071039] Downloading nodejs_buildpack... (STDOUT, STG)#
#2026 04 13 19:07:04.699#Z#DEBUG#be2d3d37-376b-11f1-938a-eeee0a8c9147.BTP_CI_CD_Deployment_CAPM-postgres-deployer#flowable-async-job-executor-thread-16216#
[PollExecuteTaskStatusExecution] c49c6f4e-6a21-4cf0-9f92-c125a8dc9d83 [2026-04-13T19:06:25.124347] Downloaded nodejs_buildpack (STDOUT, STG)#
#2026 04 13 19:07:04.699#Z#DEBUG#be2d3d37-376b-11f1-938a-eeee0a8c9147.BTP_CI_CD_Deployment_CAPM-postgres-deployer#flowable-async-job-executor-thread-16216#
[PollExecuteTaskStatusExecution] c49c6f4e-6a21-4cf0-9f92-c125a8dc9d83 [2026-04-13T19:06:25.124439] Cell 684caff8-89cd-492b-be01-b3d0835f1763 creating container for instance 520dd5bf-9e73-4cd2-81ae-ff4728adf795 (STDOUT, STG)#
#2026 04 13 19:07:04.699#Z#DEBUG#be2d3d37-376b-11f1-938a-eeee0a8c9147.BTP_CI_CD_Deployment_CAPM-postgres-deployer#flowable-async-job-executor-thread-16216#
[PollExecuteTaskStatusExecution] c49c6f4e-6a21-4cf0-9f92-c125a8dc9d83 [2026-04-13T19:06:25.979951] Security group rules were updated (STDOUT, STG)#
#2026 04 13 19:07:04.699#Z#DEBUG#be2d3d37-376b-11f1-938a-eeee0a8c9147.BTP_CI_CD_Deployment_CAPM-postgres-deployer#flowable-async-job-executor-thread-16216#
[PollExecuteTaskStatusExecution] c49c6f4e-6a21-4cf0-9f92-c125a8dc9d83 [2026-04-13T19:06:26.117240] Cell 684caff8-89cd-492b-be01-b3d0835f1763 successfully created container for instance 520dd5bf-9e73-4cd2-81ae-ff4728adf795 (STDOUT, STG)#
#2026 04 13 19:07:04.699#Z#DEBUG#be2d3d37-376b-11f1-938a-eeee0a8c9147.BTP_CI_CD_Deployment_CAPM-postgres-deployer#flowable-async-job-executor-thread-16216#
[PollExecuteTaskStatusExecution] c49c6f4e-6a21-4cf0-9f92-c125a8dc9d83 [2026-04-13T19:06:26.767236] Downloading app package... (STDOUT, STG)#
#2026 04 13 19:07:04.699#Z#DEBUG#be2d3d37-376b-11f1-938a-eeee0a8c9147.BTP_CI_CD_Deployment_CAPM-postgres-deployer#flowable-async-job-executor-thread-16216#
[PollExecuteTaskStatusExecution] c49c6f4e-6a21-4cf0-9f92-c125a8dc9d83 [2026-04-13T19:06:26.767498] Downloading build artifacts cache... (STDOUT, STG)#
#2026 04 13 19:07:04.699#Z#DEBUG#be2d3d37-376b-11f1-938a-eeee0a8c9147.BTP_CI_CD_Deployment_CAPM-postgres-deployer#flowable-async-job-executor-thread-16216#
[PollExecuteTaskStatusExecution] c49c6f4e-6a21-4cf0-9f92-c125a8dc9d83 [2026-04-13T19:06:26.901910] Downloaded build artifacts cache (223B) (STDOUT, STG)#
#2026 04 13 19:07:04.699#Z#DEBUG#be2d3d37-376b-11f1-938a-eeee0a8c9147.BTP_CI_CD_Deployment_CAPM-postgres-deployer#flowable-async-job-executor-thread-16216#
[PollExecuteTaskStatusExecution] c49c6f4e-6a21-4cf0-9f92-c125a8dc9d83 [2026-04-13T19:06:27.329413] Downloaded app package (2.9M) (STDOUT, STG)#
#2026 04 13 19:07:04.699#Z#DEBUG#be2d3d37-376b-11f1-938a-eeee0a8c9147.BTP_CI_CD_Deployment_CAPM-postgres-deployer#flowable-async-job-executor-thread-16216#
[PollExecuteTaskStatusExecution] c49c6f4e-6a21-4cf0-9f92-c125a8dc9d83 [2026-04-13T19:06:27.464092] -----> Nodejs Buildpack version 1.8.44 (STDOUT, STG)#
#2026 04 13 19:07:04.699#Z#DEBUG#be2d3d37-376b-11f1-938a-eeee0a8c9147.BTP_CI_CD_Deployment_CAPM-postgres-deployer#flowable-async-job-executor-thread-16216#
[PollExecuteTaskStatusExecution] c49c6f4e-6a21-4cf0-9f92-c125a8dc9d83 [2026-04-13T19:06:27.681947] -----> Bootstrapping python (STDOUT, STG)#
#2026 04 13 19:07:04.699#Z#DEBUG#be2d3d37-376b-11f1-938a-eeee0a8c9147.BTP_CI_CD_Deployment_CAPM-postgres-deployer#flowable-async-job-executor-thread-16216#
[PollExecuteTaskStatusExecution] c49c6f4e-6a21-4cf0-9f92-c125a8dc9d83 [2026-04-13T19:06:27.682061] -----> Installing python 3.11.14 (STDOUT, STG)#
#2026 04 13 19:07:04.699#Z#DEBUG#be2d3d37-376b-11f1-938a-eeee0a8c9147.BTP_CI_CD_Deployment_CAPM-postgres-deployer#flowable-async-job-executor-thread-16216#
[PollExecuteTaskStatusExecution] c49c6f4e-6a21-4cf0-9f92-c125a8dc9d83 [2026-04-13T19:06:27.682115] Copy [/tmp/buildpacks/978cee5ec9c58000/dependencies/b5e0345ae0ae1932e7d56fffaa49a487/python_3.11.14_linux_x64_cflinuxfs4_66f53248.tgz] (STDOUT, STG)#
#2026 04 13 19:07:04.699#Z#DEBUG#be2d3d37-376b-11f1-938a-eeee0a8c9147.BTP_CI_CD_Deployment_CAPM-postgres-deployer#flowable-async-job-executor-thread-16216#
[PollExecuteTaskStatusExecution] c49c6f4e-6a21-4cf0-9f92-c125a8dc9d83 [2026-04-13T19:06:32.390012] -----> Installing binaries (STDOUT, STG)#
#2026 04 13 19:07:04.699#Z#DEBUG#be2d3d37-376b-11f1-938a-eeee0a8c9147.BTP_CI_CD_Deployment_CAPM-postgres-deployer#flowable-async-job-executor-thread-16216#
[PollExecuteTaskStatusExecution] c49c6f4e-6a21-4cf0-9f92-c125a8dc9d83 [2026-04-13T19:06:32.390269] engines.node (package.json): unspecified (STDOUT, STG)#
#2026 04 13 19:07:04.699#Z#DEBUG#be2d3d37-376b-11f1-938a-eeee0a8c9147.BTP_CI_CD_Deployment_CAPM-postgres-deployer#flowable-async-job-executor-thread-16216#
[PollExecuteTaskStatusExecution] c49c6f4e-6a21-4cf0-9f92-c125a8dc9d83 [2026-04-13T19:06:32.390348] engines.npm (package.json): unspecified (use default) (STDOUT, STG)#
#2026 04 13 19:07:04.699#Z#DEBUG#be2d3d37-376b-11f1-938a-eeee0a8c9147.BTP_CI_CD_Deployment_CAPM-postgres-deployer#flowable-async-job-executor-thread-16216#
[PollExecuteTaskStatusExecution] c49c6f4e-6a21-4cf0-9f92-c125a8dc9d83 [2026-04-13T19:06:32.390459] [31;1m**WARNING**[0m Node version not specified in package.json or .nvmrc. See: http://docs.cloudfoundry.org/buildpacks/node/node-tips.html (STDOUT, STG)#
#2026 04 13 19:07:04.699#Z#DEBUG#be2d3d37-376b-11f1-938a-eeee0a8c9147.BTP_CI_CD_Deployment_CAPM-postgres-deployer#flowable-async-job-executor-thread-16216#
[PollExecuteTaskStatusExecution] c49c6f4e-6a21-4cf0-9f92-c125a8dc9d83 [2026-04-13T19:06:32.390555] -----> Installing node 22.22.0 (STDOUT, STG)#
#2026 04 13 19:07:04.699#Z#DEBUG#be2d3d37-376b-11f1-938a-eeee0a8c9147.BTP_CI_CD_Deployment_CAPM-postgres-deployer#flowable-async-job-executor-thread-16216#
[PollExecuteTaskStatusExecution] c49c6f4e-6a21-4cf0-9f92-c125a8dc9d83 [2026-04-13T19:06:32.390992] Copy [/tmp/buildpacks/978cee5ec9c58000/dependencies/65c50d3a8311e7796847437aebc5aebd/node_22.22.0_linux_x64_cflinuxfs4_a73ffe6d.tgz] (STDOUT, STG)#
#2026 04 13 19:07:04.699#Z#DEBUG#be2d3d37-376b-11f1-938a-eeee0a8c9147.BTP_CI_CD_Deployment_CAPM-postgres-deployer#flowable-async-job-executor-thread-16216#
[PollExecuteTaskStatusExecution] c49c6f4e-6a21-4cf0-9f92-c125a8dc9d83 [2026-04-13T19:06:35.225096] Using default npm version: 10.9.4 (STDOUT, STG)#
#2026 04 13 19:07:04.699#Z#DEBUG#be2d3d37-376b-11f1-938a-eeee0a8c9147.BTP_CI_CD_Deployment_CAPM-postgres-deployer#flowable-async-job-executor-thread-16216#
[PollExecuteTaskStatusExecution] c49c6f4e-6a21-4cf0-9f92-c125a8dc9d83 [2026-04-13T19:06:35.225128] -----> Installing yarn 1.22.22 (STDOUT, STG)#
#2026 04 13 19:07:04.699#Z#DEBUG#be2d3d37-376b-11f1-938a-eeee0a8c9147.BTP_CI_CD_Deployment_CAPM-postgres-deployer#flowable-async-job-executor-thread-16216#
[PollExecuteTaskStatusExecution] c49c6f4e-6a21-4cf0-9f92-c125a8dc9d83 [2026-04-13T19:06:35.225494] Copy [/tmp/buildpacks/978cee5ec9c58000/dependencies/e3a39aedd1236924d69cc2d0637a8ed2/yarn_1.22.22_linux_noarch_any-stack_4911d0a6.tgz] (STDOUT, STG)#
#2026 04 13 19:07:04.699#Z#DEBUG#be2d3d37-376b-11f1-938a-eeee0a8c9147.BTP_CI_CD_Deployment_CAPM-postgres-deployer#flowable-async-job-executor-thread-16216#
[PollExecuteTaskStatusExecution] c49c6f4e-6a21-4cf0-9f92-c125a8dc9d83 [2026-04-13T19:06:35.639891] Installed yarn 1.22.22 (STDOUT, STG)#
#2026 04 13 19:07:04.699#Z#DEBUG#be2d3d37-376b-11f1-938a-eeee0a8c9147.BTP_CI_CD_Deployment_CAPM-postgres-deployer#flowable-async-job-executor-thread-16216#
[PollExecuteTaskStatusExecution] c49c6f4e-6a21-4cf0-9f92-c125a8dc9d83 [2026-04-13T19:06:35.639928] -----> Creating runtime environment (STDOUT, STG)#
#2026 04 13 19:07:04.699#Z#DEBUG#be2d3d37-376b-11f1-938a-eeee0a8c9147.BTP_CI_CD_Deployment_CAPM-postgres-deployer#flowable-async-job-executor-thread-16216#
[PollExecuteTaskStatusExecution] c49c6f4e-6a21-4cf0-9f92-c125a8dc9d83 [2026-04-13T19:06:35.642132] NODE_ENV=production (STDOUT, STG)#
#2026 04 13 19:07:04.699#Z#DEBUG#be2d3d37-376b-11f1-938a-eeee0a8c9147.BTP_CI_CD_Deployment_CAPM-postgres-deployer#flowable-async-job-executor-thread-16216#
[PollExecuteTaskStatusExecution] c49c6f4e-6a21-4cf0-9f92-c125a8dc9d83 [2026-04-13T19:06:35.642152] NODE_HOME=/tmp/contents3451037157/deps/0/node (STDOUT, STG)#
#2026 04 13 19:07:04.699#Z#DEBUG#be2d3d37-376b-11f1-938a-eeee0a8c9147.BTP_CI_CD_Deployment_CAPM-postgres-deployer#flowable-async-job-executor-thread-16216#
[PollExecuteTaskStatusExecution] c49c6f4e-6a21-4cf0-9f92-c125a8dc9d83 [2026-04-13T19:06:35.642155] NODE_MODULES_CACHE=true (STDOUT, STG)#
#2026 04 13 19:07:04.699#Z#DEBUG#be2d3d37-376b-11f1-938a-eeee0a8c9147.BTP_CI_CD_Deployment_CAPM-postgres-deployer#flowable-async-job-executor-thread-16216#
[PollExecuteTaskStatusExecution] c49c6f4e-6a21-4cf0-9f92-c125a8dc9d83 [2026-04-13T19:06:35.642157] NODE_VERBOSE=false (STDOUT, STG)#
#2026 04 13 19:07:04.699#Z#DEBUG#be2d3d37-376b-11f1-938a-eeee0a8c9147.BTP_CI_CD_Deployment_CAPM-postgres-deployer#flowable-async-job-executor-thread-16216#
[PollExecuteTaskStatusExecution] c49c6f4e-6a21-4cf0-9f92-c125a8dc9d83 [2026-04-13T19:06:35.642160] NPM_CONFIG_LOGLEVEL=error (STDOUT, STG)#
#2026 04 13 19:07:04.699#Z#DEBUG#be2d3d37-376b-11f1-938a-eeee0a8c9147.BTP_CI_CD_Deployment_CAPM-postgres-deployer#flowable-async-job-executor-thread-16216#
[PollExecuteTaskStatusExecution] c49c6f4e-6a21-4cf0-9f92-c125a8dc9d83 [2026-04-13T19:06:35.642180] NPM_CONFIG_PRODUCTION=true (STDOUT, STG)#
#2026 04 13 19:07:04.699#Z#DEBUG#be2d3d37-376b-11f1-938a-eeee0a8c9147.BTP_CI_CD_Deployment_CAPM-postgres-deployer#flowable-async-job-executor-thread-16216#
[PollExecuteTaskStatusExecution] c49c6f4e-6a21-4cf0-9f92-c125a8dc9d83 [2026-04-13T19:06:35.642295] -----> Building dependencies (STDOUT, STG)#
#2026 04 13 19:07:04.699#Z#DEBUG#be2d3d37-376b-11f1-938a-eeee0a8c9147.BTP_CI_CD_Deployment_CAPM-postgres-deployer#flowable-async-job-executor-thread-16216#
[PollExecuteTaskStatusExecution] c49c6f4e-6a21-4cf0-9f92-c125a8dc9d83 [2026-04-13T19:06:35.642327] Prebuild detected (node_modules already exists) (STDOUT, STG)#
#2026 04 13 19:07:04.699#Z#DEBUG#be2d3d37-376b-11f1-938a-eeee0a8c9147.BTP_CI_CD_Deployment_CAPM-postgres-deployer#flowable-async-job-executor-thread-16216#
[PollExecuteTaskStatusExecution] c49c6f4e-6a21-4cf0-9f92-c125a8dc9d83 [2026-04-13T19:06:35.642390] Rebuilding any native modules (STDOUT, STG)#
#2026 04 13 19:07:04.699#Z#DEBUG#be2d3d37-376b-11f1-938a-eeee0a8c9147.BTP_CI_CD_Deployment_CAPM-postgres-deployer#flowable-async-job-executor-thread-16216#
[PollExecuteTaskStatusExecution] c49c6f4e-6a21-4cf0-9f92-c125a8dc9d83 [2026-04-13T19:06:36.416783] rebuilt dependencies successfully (STDOUT, STG)#
#2026 04 13 19:07:04.699#Z#DEBUG#be2d3d37-376b-11f1-938a-eeee0a8c9147.BTP_CI_CD_Deployment_CAPM-postgres-deployer#flowable-async-job-executor-thread-16216#
[PollExecuteTaskStatusExecution] c49c6f4e-6a21-4cf0-9f92-c125a8dc9d83 [2026-04-13T19:06:36.417891] npm notice (STDOUT, STG)#
#2026 04 13 19:07:04.699#Z#DEBUG#be2d3d37-376b-11f1-938a-eeee0a8c9147.BTP_CI_CD_Deployment_CAPM-postgres-deployer#flowable-async-job-executor-thread-16216#
[PollExecuteTaskStatusExecution] c49c6f4e-6a21-4cf0-9f92-c125a8dc9d83 [2026-04-13T19:06:36.417911] npm notice New major version of npm available! 10.9.4 -> 11.12.1 (STDOUT, STG)#
#2026 04 13 19:07:04.699#Z#DEBUG#be2d3d37-376b-11f1-938a-eeee0a8c9147.BTP_CI_CD_Deployment_CAPM-postgres-deployer#flowable-async-job-executor-thread-16216#
[PollExecuteTaskStatusExecution] c49c6f4e-6a21-4cf0-9f92-c125a8dc9d83 [2026-04-13T19:06:36.417915] npm notice Changelog: https://github.com/npm/cli/releases/tag/v11.12.1 (STDOUT, STG)#
#2026 04 13 19:07:04.699#Z#DEBUG#be2d3d37-376b-11f1-938a-eeee0a8c9147.BTP_CI_CD_Deployment_CAPM-postgres-deployer#flowable-async-job-executor-thread-16216#
[PollExecuteTaskStatusExecution] c49c6f4e-6a21-4cf0-9f92-c125a8dc9d83 [2026-04-13T19:06:36.417919] npm notice To update run: npm install -g npm@11.12.1 (STDOUT, STG)#
#2026 04 13 19:07:04.699#Z#DEBUG#be2d3d37-376b-11f1-938a-eeee0a8c9147.BTP_CI_CD_Deployment_CAPM-postgres-deployer#flowable-async-job-executor-thread-16216#
[PollExecuteTaskStatusExecution] c49c6f4e-6a21-4cf0-9f92-c125a8dc9d83 [2026-04-13T19:06:36.417925] npm notice (STDOUT, STG)#
#2026 04 13 19:07:04.699#Z#DEBUG#be2d3d37-376b-11f1-938a-eeee0a8c9147.BTP_CI_CD_Deployment_CAPM-postgres-deployer#flowable-async-job-executor-thread-16216#
[PollExecuteTaskStatusExecution] c49c6f4e-6a21-4cf0-9f92-c125a8dc9d83 [2026-04-13T19:06:36.492984] Installing any new modules (package.json + package-lock.json) (STDOUT, STG)#
#2026 04 13 19:07:04.699#Z#DEBUG#be2d3d37-376b-11f1-938a-eeee0a8c9147.BTP_CI_CD_Deployment_CAPM-postgres-deployer#flowable-async-job-executor-thread-16216#
[PollExecuteTaskStatusExecution] c49c6f4e-6a21-4cf0-9f92-c125a8dc9d83 [2026-04-13T19:06:37.186007] up to date in 605ms (STDOUT, STG)#
#2026 04 13 19:07:04.699#Z#DEBUG#be2d3d37-376b-11f1-938a-eeee0a8c9147.BTP_CI_CD_Deployment_CAPM-postgres-deployer#flowable-async-job-executor-thread-16216#
[PollExecuteTaskStatusExecution] c49c6f4e-6a21-4cf0-9f92-c125a8dc9d83 [2026-04-13T19:06:37.186224] 23 packages are looking for funding (STDOUT, STG)#
#2026 04 13 19:07:04.699#Z#DEBUG#be2d3d37-376b-11f1-938a-eeee0a8c9147.BTP_CI_CD_Deployment_CAPM-postgres-deployer#flowable-async-job-executor-thread-16216#
[PollExecuteTaskStatusExecution] c49c6f4e-6a21-4cf0-9f92-c125a8dc9d83 [2026-04-13T19:06:37.186244] run `npm fund` for details (STDOUT, STG)#
#2026 04 13 19:07:04.699#Z#DEBUG#be2d3d37-376b-11f1-938a-eeee0a8c9147.BTP_CI_CD_Deployment_CAPM-postgres-deployer#flowable-async-job-executor-thread-16216#
[PollExecuteTaskStatusExecution] c49c6f4e-6a21-4cf0-9f92-c125a8dc9d83 [2026-04-13T19:06:37.983123] Contrast Security no credentials found. Will not write environment files. (STDOUT, STG)#
#2026 04 13 19:07:04.699#Z#DEBUG#be2d3d37-376b-11f1-938a-eeee0a8c9147.BTP_CI_CD_Deployment_CAPM-postgres-deployer#flowable-async-job-executor-thread-16216#
[PollExecuteTaskStatusExecution] c49c6f4e-6a21-4cf0-9f92-c125a8dc9d83 [2026-04-13T19:06:48.612169] Exit status 0 (STDOUT, STG)#
#2026 04 13 19:07:04.699#Z#DEBUG#be2d3d37-376b-11f1-938a-eeee0a8c9147.BTP_CI_CD_Deployment_CAPM-postgres-deployer#flowable-async-job-executor-thread-16216#
[PollExecuteTaskStatusExecution] c49c6f4e-6a21-4cf0-9f92-c125a8dc9d83 [2026-04-13T19:06:48.612216] Uploading droplet, build artifacts cache... (STDOUT, STG)#
#2026 04 13 19:07:04.699#Z#DEBUG#be2d3d37-376b-11f1-938a-eeee0a8c9147.BTP_CI_CD_Deployment_CAPM-postgres-deployer#flowable-async-job-executor-thread-16216#
[PollExecuteTaskStatusExecution] c49c6f4e-6a21-4cf0-9f92-c125a8dc9d83 [2026-04-13T19:06:48.612253] Uploading build artifacts cache... (STDOUT, STG)#
#2026 04 13 19:07:04.699#Z#DEBUG#be2d3d37-376b-11f1-938a-eeee0a8c9147.BTP_CI_CD_Deployment_CAPM-postgres-deployer#flowable-async-job-executor-thread-16216#
[PollExecuteTaskStatusExecution] c49c6f4e-6a21-4cf0-9f92-c125a8dc9d83 [2026-04-13T19:06:48.612376] Uploading droplet... (STDOUT, STG)#
#2026 04 13 19:07:04.699#Z#DEBUG#be2d3d37-376b-11f1-938a-eeee0a8c9147.BTP_CI_CD_Deployment_CAPM-postgres-deployer#flowable-async-job-executor-thread-16216#
[PollExecuteTaskStatusExecution] c49c6f4e-6a21-4cf0-9f92-c125a8dc9d83 [2026-04-13T19:06:48.638406] Uploaded build artifacts cache (225B) (STDOUT, STG)#
#2026 04 13 19:07:04.699#Z#DEBUG#be2d3d37-376b-11f1-938a-eeee0a8c9147.BTP_CI_CD_Deployment_CAPM-postgres-deployer#flowable-async-job-executor-thread-16216#
[PollExecuteTaskStatusExecution] c49c6f4e-6a21-4cf0-9f92-c125a8dc9d83 [2026-04-13T19:06:49.328491] Creating droplet for app with guid c49c6f4e-6a21-4cf0-9f92-c125a8dc9d83 (STDOUT, API)#
#2026 04 13 19:07:04.699#Z#DEBUG#be2d3d37-376b-11f1-938a-eeee0a8c9147.BTP_CI_CD_Deployment_CAPM-postgres-deployer#flowable-async-job-executor-thread-16216#
[PollExecuteTaskStatusExecution] c49c6f4e-6a21-4cf0-9f92-c125a8dc9d83 [2026-04-13T19:06:51.394520] Uploaded droplet (59.3M) (STDOUT, STG)#
#2026 04 13 19:07:04.699#Z#DEBUG#be2d3d37-376b-11f1-938a-eeee0a8c9147.BTP_CI_CD_Deployment_CAPM-postgres-deployer#flowable-async-job-executor-thread-16216#
[PollExecuteTaskStatusExecution] c49c6f4e-6a21-4cf0-9f92-c125a8dc9d83 [2026-04-13T19:06:51.416294] Uploading complete (STDOUT, STG)#
#2026 04 13 19:07:04.699#Z#DEBUG#be2d3d37-376b-11f1-938a-eeee0a8c9147.BTP_CI_CD_Deployment_CAPM-postgres-deployer#flowable-async-job-executor-thread-16216#
[PollExecuteTaskStatusExecution] c49c6f4e-6a21-4cf0-9f92-c125a8dc9d83 [2026-04-13T19:06:52.078736] Cell 684caff8-89cd-492b-be01-b3d0835f1763 stopping instance 520dd5bf-9e73-4cd2-81ae-ff4728adf795 (STDOUT, STG)#
#2026 04 13 19:07:04.699#Z#DEBUG#be2d3d37-376b-11f1-938a-eeee0a8c9147.BTP_CI_CD_Deployment_CAPM-postgres-deployer#flowable-async-job-executor-thread-16216#
[PollExecuteTaskStatusExecution] c49c6f4e-6a21-4cf0-9f92-c125a8dc9d83 [2026-04-13T19:06:52.078782] Cell 684caff8-89cd-492b-be01-b3d0835f1763 destroying container for instance 520dd5bf-9e73-4cd2-81ae-ff4728adf795 (STDOUT, STG)#
#2026 04 13 19:07:04.699#Z#DEBUG#be2d3d37-376b-11f1-938a-eeee0a8c9147.BTP_CI_CD_Deployment_CAPM-postgres-deployer#flowable-async-job-executor-thread-16216#
[PollExecuteTaskStatusExecution] c49c6f4e-6a21-4cf0-9f92-c125a8dc9d83 [2026-04-13T19:06:52.129013] Staging complete for build 520dd5bf-9e73-4cd2-81ae-ff4728adf795 (STDOUT, API)#
#2026 04 13 19:07:04.699#Z#DEBUG#be2d3d37-376b-11f1-938a-eeee0a8c9147.BTP_CI_CD_Deployment_CAPM-postgres-deployer#flowable-async-job-executor-thread-16216#
[PollExecuteTaskStatusExecution] c49c6f4e-6a21-4cf0-9f92-c125a8dc9d83 [2026-04-13T19:06:54.677155] Updated app with guid c49c6f4e-6a21-4cf0-9f92-c125a8dc9d83 ({:droplet_guid=>"66820033-03b0-4088-8b93-547b0f74541b"}) (STDOUT, API)#
#2026 04 13 19:07:04.699#Z#DEBUG#be2d3d37-376b-11f1-938a-eeee0a8c9147.BTP_CI_CD_Deployment_CAPM-postgres-deployer#flowable-async-job-executor-thread-16216#
[PollExecuteTaskStatusExecution] c49c6f4e-6a21-4cf0-9f92-c125a8dc9d83 [2026-04-13T19:06:54.830496] Cell 684caff8-89cd-492b-be01-b3d0835f1763 successfully destroyed container for instance 520dd5bf-9e73-4cd2-81ae-ff4728adf795 (STDOUT, STG)#
#2026 04 13 19:07:04.699#Z#DEBUG#be2d3d37-376b-11f1-938a-eeee0a8c9147.BTP_CI_CD_Deployment_CAPM-postgres-deployer#flowable-async-job-executor-thread-16216#
[PollExecuteTaskStatusExecution] c49c6f4e-6a21-4cf0-9f92-c125a8dc9d83 [2026-04-13T19:06:55.280757] Cell 684caff8-89cd-492b-be01-b3d0835f1763 creating container for instance 61946480-7c1e-46cb-8861-09d9be2a1338 (STDOUT, CELL)#
#2026 04 13 19:07:04.699#Z#DEBUG#be2d3d37-376b-11f1-938a-eeee0a8c9147.BTP_CI_CD_Deployment_CAPM-postgres-deployer#flowable-async-job-executor-thread-16216#
[PollExecuteTaskStatusExecution] c49c6f4e-6a21-4cf0-9f92-c125a8dc9d83 [2026-04-13T19:06:56.321814] Security group rules were updated (STDOUT, CELL)#
#2026 04 13 19:07:04.699#Z#DEBUG#be2d3d37-376b-11f1-938a-eeee0a8c9147.BTP_CI_CD_Deployment_CAPM-postgres-deployer#flowable-async-job-executor-thread-16216#
[PollExecuteTaskStatusExecution] c49c6f4e-6a21-4cf0-9f92-c125a8dc9d83 [2026-04-13T19:06:56.419133] Cell 684caff8-89cd-492b-be01-b3d0835f1763 successfully created container for instance 61946480-7c1e-46cb-8861-09d9be2a1338 (STDOUT, CELL)#
#2026 04 13 19:07:04.699#Z#DEBUG#be2d3d37-376b-11f1-938a-eeee0a8c9147.BTP_CI_CD_Deployment_CAPM-postgres-deployer#flowable-async-job-executor-thread-16216#
[PollExecuteTaskStatusExecution] c49c6f4e-6a21-4cf0-9f92-c125a8dc9d83 [2026-04-13T19:07:01.335776] Invoking pre-start scripts. (STDOUT, APP/TASK/deploy-to-postgresql)#
#2026 04 13 19:07:04.699#Z#DEBUG#be2d3d37-376b-11f1-938a-eeee0a8c9147.BTP_CI_CD_Deployment_CAPM-postgres-deployer#flowable-async-job-executor-thread-16216#
[PollExecuteTaskStatusExecution] c49c6f4e-6a21-4cf0-9f92-c125a8dc9d83 [2026-04-13T19:07:01.566388] Invoking start command. (STDOUT, APP/TASK/deploy-to-postgresql)#
#2026 04 13 19:07:04.699#Z#DEBUG#be2d3d37-376b-11f1-938a-eeee0a8c9147.BTP_CI_CD_Deployment_CAPM-postgres-deployer#flowable-async-job-executor-thread-16216#
[PollExecuteTaskStatusExecution] c49c6f4e-6a21-4cf0-9f92-c125a8dc9d83 [2026-04-13T19:07:02.126870] > start (STDOUT, APP/TASK/deploy-to-postgresql)#
#2026 04 13 19:07:04.699#Z#DEBUG#be2d3d37-376b-11f1-938a-eeee0a8c9147.BTP_CI_CD_Deployment_CAPM-postgres-deployer#flowable-async-job-executor-thread-16216#
[PollExecuteTaskStatusExecution] c49c6f4e-6a21-4cf0-9f92-c125a8dc9d83 [2026-04-13T19:07:02.126896] > cds-deploy (STDOUT, APP/TASK/deploy-to-postgresql)#
#2026 04 13 19:07:04.699#Z#DEBUG#be2d3d37-376b-11f1-938a-eeee0a8c9147.BTP_CI_CD_Deployment_CAPM-postgres-deployer#flowable-async-job-executor-thread-16216#
[PollExecuteTaskStatusExecution] c49c6f4e-6a21-4cf0-9f92-c125a8dc9d83 [2026-04-13T19:07:02.217927] Deploying with options: { (STDOUT, APP/TASK/deploy-to-postgresql)#
#2026 04 13 19:07:04.699#Z#DEBUG#be2d3d37-376b-11f1-938a-eeee0a8c9147.BTP_CI_CD_Deployment_CAPM-postgres-deployer#flowable-async-job-executor-thread-16216#
[PollExecuteTaskStatusExecution] c49c6f4e-6a21-4cf0-9f92-c125a8dc9d83 [2026-04-13T19:07:02.217960] impl: '@cap-js/postgres', (STDOUT, APP/TASK/deploy-to-postgresql)#
#2026 04 13 19:07:04.699#Z#DEBUG#be2d3d37-376b-11f1-938a-eeee0a8c9147.BTP_CI_CD_Deployment_CAPM-postgres-deployer#flowable-async-job-executor-thread-16216#
[PollExecuteTaskStatusExecution] c49c6f4e-6a21-4cf0-9f92-c125a8dc9d83 [2026-04-13T19:07:02.217965] kind: 'postgres', (STDOUT, APP/TASK/deploy-to-postgresql)#
#2026 04 13 19:07:04.699#Z#DEBUG#be2d3d37-376b-11f1-938a-eeee0a8c9147.BTP_CI_CD_Deployment_CAPM-postgres-deployer#flowable-async-job-executor-thread-16216#
[PollExecuteTaskStatusExecution] c49c6f4e-6a21-4cf0-9f92-c125a8dc9d83 [2026-04-13T19:07:02.217972] dialect: 'postgres', (STDOUT, APP/TASK/deploy-to-postgresql)#
#2026 04 13 19:07:04.699#Z#DEBUG#be2d3d37-376b-11f1-938a-eeee0a8c9147.BTP_CI_CD_Deployment_CAPM-postgres-deployer#flowable-async-job-executor-thread-16216#
[PollExecuteTaskStatusExecution] c49c6f4e-6a21-4cf0-9f92-c125a8dc9d83 [2026-04-13T19:07:02.217976] vcap: { label: 'postgresql-db' }, (STDOUT, APP/TASK/deploy-to-postgresql)#
#2026 04 13 19:07:04.699#Z#DEBUG#be2d3d37-376b-11f1-938a-eeee0a8c9147.BTP_CI_CD_Deployment_CAPM-postgres-deployer#flowable-async-job-executor-thread-16216#
[PollExecuteTaskStatusExecution] c49c6f4e-6a21-4cf0-9f92-c125a8dc9d83 [2026-04-13T19:07:02.217982] pool: { (STDOUT, APP/TASK/deploy-to-postgresql)#
#2026 04 13 19:07:04.699#Z#DEBUG#be2d3d37-376b-11f1-938a-eeee0a8c9147.BTP_CI_CD_Deployment_CAPM-postgres-deployer#flowable-async-job-executor-thread-16216#
[PollExecuteTaskStatusExecution] c49c6f4e-6a21-4cf0-9f92-c125a8dc9d83 [2026-04-13T19:07:02.217987] min: 0, (STDOUT, APP/TASK/deploy-to-postgresql)#
#2026 04 13 19:07:04.699#Z#DEBUG#be2d3d37-376b-11f1-938a-eeee0a8c9147.BTP_CI_CD_Deployment_CAPM-postgres-deployer#flowable-async-job-executor-thread-16216#
[PollExecuteTaskStatusExecution] c49c6f4e-6a21-4cf0-9f92-c125a8dc9d83 [2026-04-13T19:07:02.217993] max: 10, (STDOUT, APP/TASK/deploy-to-postgresql)#
#2026 04 13 19:07:04.699#Z#DEBUG#be2d3d37-376b-11f1-938a-eeee0a8c9147.BTP_CI_CD_Deployment_CAPM-postgres-deployer#flowable-async-job-executor-thread-16216#
[PollExecuteTaskStatusExecution] c49c6f4e-6a21-4cf0-9f92-c125a8dc9d83 [2026-04-13T19:07:02.217995] testOnBorrow: true, (STDOUT, APP/TASK/deploy-to-postgresql)#
#2026 04 13 19:07:04.699#Z#DEBUG#be2d3d37-376b-11f1-938a-eeee0a8c9147.BTP_CI_CD_Deployment_CAPM-postgres-deployer#flowable-async-job-executor-thread-16216#
[PollExecuteTaskStatusExecution] c49c6f4e-6a21-4cf0-9f92-c125a8dc9d83 [2026-04-13T19:07:02.217999] acquireTimeoutMillis: 1000, (STDOUT, APP/TASK/deploy-to-postgresql)#
#2026 04 13 19:07:04.699#Z#DEBUG#be2d3d37-376b-11f1-938a-eeee0a8c9147.BTP_CI_CD_Deployment_CAPM-postgres-deployer#flowable-async-job-executor-thread-16216#
[PollExecuteTaskStatusExecution] c49c6f4e-6a21-4cf0-9f92-c125a8dc9d83 [2026-04-13T19:07:02.218001] destroyTimeoutMillis: 1000 (STDOUT, APP/TASK/deploy-to-postgresql)#
#2026 04 13 19:07:04.699#Z#DEBUG#be2d3d37-376b-11f1-938a-eeee0a8c9147.BTP_CI_CD_Deployment_CAPM-postgres-deployer#flowable-async-job-executor-thread-16216#
[PollExecuteTaskStatusExecution] c49c6f4e-6a21-4cf0-9f92-c125a8dc9d83 [2026-04-13T19:07:02.218005] }, (STDOUT, APP/TASK/deploy-to-postgresql)#
#2026 04 13 19:07:04.699#Z#DEBUG#be2d3d37-376b-11f1-938a-eeee0a8c9147.BTP_CI_CD_Deployment_CAPM-postgres-deployer#flowable-async-job-executor-thread-16216#
[PollExecuteTaskStatusExecution] c49c6f4e-6a21-4cf0-9f92-c125a8dc9d83 [2026-04-13T19:07:02.218007] schema_evolution: 'auto', (STDOUT, APP/TASK/deploy-to-postgresql)#
#2026 04 13 19:07:04.699#Z#DEBUG#be2d3d37-376b-11f1-938a-eeee0a8c9147.BTP_CI_CD_Deployment_CAPM-postgres-deployer#flowable-async-job-executor-thread-16216#
[PollExecuteTaskStatusExecution] c49c6f4e-6a21-4cf0-9f92-c125a8dc9d83 [2026-04-13T19:07:02.218010] credentials: { (STDOUT, APP/TASK/deploy-to-postgresql)#
#2026 04 13 19:07:04.699#Z#DEBUG#be2d3d37-376b-11f1-938a-eeee0a8c9147.BTP_CI_CD_Deployment_CAPM-postgres-deployer#flowable-async-job-executor-thread-16216#
[PollExecuteTaskStatusExecution] c49c6f4e-6a21-4cf0-9f92-c125a8dc9d83 [2026-04-13T19:07:02.218013] username: '36c89beec156', (STDOUT, APP/TASK/deploy-to-postgresql)#
#2026 04 13 19:07:04.699#Z#DEBUG#be2d3d37-376b-11f1-938a-eeee0a8c9147.BTP_CI_CD_Deployment_CAPM-postgres-deployer#flowable-async-job-executor-thread-16216#
[PollExecuteTaskStatusExecution] c49c6f4e-6a21-4cf0-9f92-c125a8dc9d83 [2026-04-13T19:07:02.218018] password: '55e6938c7d414f3fb516545d23ad3', (STDOUT, APP/TASK/deploy-to-postgresql)#
#2026 04 13 19:07:04.699#Z#DEBUG#be2d3d37-376b-11f1-938a-eeee0a8c9147.BTP_CI_CD_Deployment_CAPM-postgres-deployer#flowable-async-job-executor-thread-16216#
[PollExecuteTaskStatusExecution] c49c6f4e-6a21-4cf0-9f92-c125a8dc9d83 [2026-04-13T19:07:02.218023] hostname: 'postgres-ba329acb-cb7e-475c-b74a-6a3daa78372b.cqryblsdrbcs.us-east-1.rds.amazonaws.com', (STDOUT, APP/TASK/deploy-to-postgresql)#
#2026 04 13 19:07:04.699#Z#DEBUG#be2d3d37-376b-11f1-938a-eeee0a8c9147.BTP_CI_CD_Deployment_CAPM-postgres-deployer#flowable-async-job-executor-thread-16216#
[PollExecuteTaskStatusExecution] c49c6f4e-6a21-4cf0-9f92-c125a8dc9d83 [2026-04-13T19:07:02.218025] dbname: 'BgEevKumUsMP', (STDOUT, APP/TASK/deploy-to-postgresql)#
#2026 04 13 19:07:04.699#Z#DEBUG#be2d3d37-376b-11f1-938a-eeee0a8c9147.BTP_CI_CD_Deployment_CAPM-postgres-deployer#flowable-async-job-executor-thread-16216#
[PollExecuteTaskStatusExecution] c49c6f4e-6a21-4cf0-9f92-c125a8dc9d83 [2026-04-13T19:07:02.218028] port: '6137', (STDOUT, APP/TASK/deploy-to-postgresql)#
#2026 04 13 19:07:04.699#Z#DEBUG#be2d3d37-376b-11f1-938a-eeee0a8c9147.BTP_CI_CD_Deployment_CAPM-postgres-deployer#flowable-async-job-executor-thread-16216#
[PollExecuteTaskStatusExecution] c49c6f4e-6a21-4cf0-9f92-c125a8dc9d83 [2026-04-13T19:07:02.218035] uri: 'postgres://36c89beec156:55e6938c7d414f3fb516545d23ad3@postgres-ba329acb-cb7e-475c-b74a-6a3daa78372b.cqryblsdrbcs.us-east-1.rds.amazonaws.com:6137/BgEevKumUsMP', (STDOUT, APP/TASK/deploy-to-postgresql)#
#2026 04 13 19:07:04.699#Z#DEBUG#be2d3d37-376b-11f1-938a-eeee0a8c9147.BTP_CI_CD_Deployment_CAPM-postgres-deployer#flowable-async-job-executor-thread-16216#
[PollExecuteTaskStatusExecution] c49c6f4e-6a21-4cf0-9f92-c125a8dc9d83 [2026-04-13T19:07:02.218038] urls: { (STDOUT, APP/TASK/deploy-to-postgresql)#
#2026 04 13 19:07:04.699#Z#DEBUG#be2d3d37-376b-11f1-938a-eeee0a8c9147.BTP_CI_CD_Deployment_CAPM-postgres-deployer#flowable-async-job-executor-thread-16216#
[PollExecuteTaskStatusExecution] c49c6f4e-6a21-4cf0-9f92-c125a8dc9d83 [2026-04-13T19:07:02.218044] api_server: 'https://api-backing-services.us10-001.data.services.cloud.sap' (STDOUT, APP/TASK/deploy-to-postgresql)#
#2026 04 13 19:07:04.699#Z#DEBUG#be2d3d37-376b-11f1-938a-eeee0a8c9147.BTP_CI_CD_Deployment_CAPM-postgres-deployer#flowable-async-job-executor-thread-16216#
[PollExecuteTaskStatusExecution] c49c6f4e-6a21-4cf0-9f92-c125a8dc9d83 [2026-04-13T19:07:02.218051] }, (STDOUT, APP/TASK/deploy-to-postgresql)#
#2026 04 13 19:07:04.699#Z#DEBUG#be2d3d37-376b-11f1-938a-eeee0a8c9147.BTP_CI_CD_Deployment_CAPM-postgres-deployer#flowable-async-job-executor-thread-16216#
[PollExecuteTaskStatusExecution] c49c6f4e-6a21-4cf0-9f92-c125a8dc9d83 [2026-04-13T19:07:02.218054] sslcert: '-----BEGIN CERTIFICATE-----\n' + (STDOUT, APP/TASK/deploy-to-postgresql)#
#2026 04 13 19:07:04.699#Z#DEBUG#be2d3d37-376b-11f1-938a-eeee0a8c9147.BTP_CI_CD_Deployment_CAPM-postgres-deployer#flowable-async-job-executor-thread-16216#
[PollExecuteTaskStatusExecution] c49c6f4e-6a21-4cf0-9f92-c125a8dc9d83 [2026-04-13T19:07:02.218059] 'MIID/zCCAuegAwIBAgIRAPVSMfFitmM5PhmbaOFoGfUwDQYJKoZIhvcNAQELBQAw\n' + (STDOUT, APP/TASK/deploy-to-postgresql)#
#2026 04 13 19:07:04.699#Z#DEBUG#be2d3d37-376b-11f1-938a-eeee0a8c9147.BTP_CI_CD_Deployment_CAPM-postgres-deployer#flowable-async-job-executor-thread-16216#
[PollExecuteTaskStatusExecution] c49c6f4e-6a21-4cf0-9f92-c125a8dc9d83 [2026-04-13T19:07:02.218062] 'gZcxCzAJBgNVBAYTAlVTMSIwIAYDVQQKDBlBbWF6b24gV2ViIFNlcnZpY2VzLCBJ\n' + (STDOUT, APP/TASK/deploy-to-postgresql)#
#2026 04 13 19:07:04.699#Z#DEBUG#be2d3d37-376b-11f1-938a-eeee0a8c9147.BTP_CI_CD_Deployment_CAPM-postgres-deployer#flowable-async-job-executor-thread-16216#
[PollExecuteTaskStatusExecution] c49c6f4e-6a21-4cf0-9f92-c125a8dc9d83 [2026-04-13T19:07:02.218065] 'bmMuMRMwEQYDVQQLDApBbWF6b24gUkRTMQswCQYDVQQIDAJXQTEwMC4GA1UEAwwn\n' + (STDOUT, APP/TASK/deploy-to-postgresql)#
#2026 04 13 19:07:04.699#Z#DEBUG#be2d3d37-376b-11f1-938a-eeee0a8c9147.BTP_CI_CD_Deployment_CAPM-postgres-deployer#flowable-async-job-executor-thread-16216#
[PollExecuteTaskStatusExecution] c49c6f4e-6a21-4cf0-9f92-c125a8dc9d83 [2026-04-13T19:07:02.218067] 'QW1hem9uIFJEUyB1cy1lYXN0LTEgUm9vdCBDQSBSU0EyMDQ4IEcxMRAwDgYDVQQH\n' + (STDOUT, APP/TASK/deploy-to-postgresql)#
#2026 04 13 19:07:04.699#Z#DEBUG#be2d3d37-376b-11f1-938a-eeee0a8c9147.BTP_CI_CD_Deployment_CAPM-postgres-deployer#flowable-async-job-executor-thread-16216#
[PollExecuteTaskStatusExecution] c49c6f4e-6a21-4cf0-9f92-c125a8dc9d83 [2026-04-13T19:07:02.218069] 'DAdTZWF0dGxlMCAXDTIxMDUyNTIyMzQ1N1oYDzIwNjEwNTI1MjMzNDU3WjCBlzEL\n' + (STDOUT, APP/TASK/deploy-to-postgresql)#
#2026 04 13 19:07:04.699#Z#DEBUG#be2d3d37-376b-11f1-938a-eeee0a8c9147.BTP_CI_CD_Deployment_CAPM-postgres-deployer#flowable-async-job-executor-thread-16216#
[PollExecuteTaskStatusExecution] c49c6f4e-6a21-4cf0-9f92-c125a8dc9d83 [2026-04-13T19:07:02.218072] 'MAkGA1UEBhMCVVMxIjAgBgNVBAoMGUFtYXpvbiBXZWIgU2VydmljZXMsIEluYy4x\n' + (STDOUT, APP/TASK/deploy-to-postgresql)#
#2026 04 13 19:07:04.699#Z#DEBUG#be2d3d37-376b-11f1-938a-eeee0a8c9147.BTP_CI_CD_Deployment_CAPM-postgres-deployer#flowable-async-job-executor-thread-16216#
[PollExecuteTaskStatusExecution] c49c6f4e-6a21-4cf0-9f92-c125a8dc9d83 [2026-04-13T19:07:02.218075] 'EzARBgNVBAsMCkFtYXpvbiBSRFMxCzAJBgNVBAgMAldBMTAwLgYDVQQDDCdBbWF6\n' + (STDOUT, APP/TASK/deploy-to-postgresql)#
#2026 04 13 19:07:04.699#Z#DEBUG#be2d3d37-376b-11f1-938a-eeee0a8c9147.BTP_CI_CD_Deployment_CAPM-postgres-deployer#flowable-async-job-executor-thread-16216#
[PollExecuteTaskStatusExecution] c49c6f4e-6a21-4cf0-9f92-c125a8dc9d83 [2026-04-13T19:07:02.218080] 'b24gUkRTIHVzLWVhc3QtMSBSb290IENBIFJTQTIwNDggRzExEDAOBgNVBAcMB1Nl\n' + (STDOUT, APP/TASK/deploy-to-postgresql)#
#2026 04 13 19:07:04.699#Z#DEBUG#be2d3d37-376b-11f1-938a-eeee0a8c9147.BTP_CI_CD_Deployment_CAPM-postgres-deployer#flowable-async-job-executor-thread-16216#
[PollExecuteTaskStatusExecution] c49c6f4e-6a21-4cf0-9f92-c125a8dc9d83 [2026-04-13T19:07:02.218083] 'YXR0bGUwggEiMA0GCSqGSIb3DQEBAQUAA4IBDwAwggEKAoIBAQDu9H7TBeGoDzMr\n' + (STDOUT, APP/TASK/deploy-to-postgresql)#
#2026 04 13 19:07:04.699#Z#DEBUG#be2d3d37-376b-11f1-938a-eeee0a8c9147.BTP_CI_CD_Deployment_CAPM-postgres-deployer#flowable-async-job-executor-thread-16216#
[PollExecuteTaskStatusExecution] c49c6f4e-6a21-4cf0-9f92-c125a8dc9d83 [2026-04-13T19:07:02.218085] 'dxN6H8COntJX4IR6dbyhnj5qMD4xl/IWvp50lt0VpmMd+z2PNZzx8RazeGC5IniV\n' + (STDOUT, APP/TASK/deploy-to-postgresql)#
#2026 04 13 19:07:04.699#Z#DEBUG#be2d3d37-376b-11f1-938a-eeee0a8c9147.BTP_CI_CD_Deployment_CAPM-postgres-deployer#flowable-async-job-executor-thread-16216#
[PollExecuteTaskStatusExecution] c49c6f4e-6a21-4cf0-9f92-c125a8dc9d83 [2026-04-13T19:07:02.218089] '5nrLg0AKWRQ2A/lGGXbUrGXCSe09brMQCxWBSIYe1WZZ1iU1IJ/6Bp4D2YEHpXrW\n' + (STDOUT, APP/TASK/deploy-to-postgresql)#
#2026 04 13 19:07:04.699#Z#DEBUG#be2d3d37-376b-11f1-938a-eeee0a8c9147.BTP_CI_CD_Deployment_CAPM-postgres-deployer#flowable-async-job-executor-thread-16216#
[PollExecuteTaskStatusExecution] c49c6f4e-6a21-4cf0-9f92-c125a8dc9d83 [2026-04-13T19:07:02.218092] 'bPkOq5x3YPcsoitgm1Xh8ygz6vb7PsvJvPbvRMnkDg5IqEThapPjmKb8ZJWyEFEE\n' + (STDOUT, APP/TASK/deploy-to-postgresql)#
#2026 04 13 19:07:04.699#Z#DEBUG#be2d3d37-376b-11f1-938a-eeee0a8c9147.BTP_CI_CD_Deployment_CAPM-postgres-deployer#flowable-async-job-executor-thread-16216#
[PollExecuteTaskStatusExecution] c49c6f4e-6a21-4cf0-9f92-c125a8dc9d83 [2026-04-13T19:07:02.218094] 'QRrkCIRueB1EqQtJw0fvP4PKDlCJAKBEs/y049FoOqYpT3pRy0WKqPhWve+hScMd\n' + (STDOUT, APP/TASK/deploy-to-postgresql)#
#2026 04 13 19:07:04.699#Z#DEBUG#be2d3d37-376b-11f1-938a-eeee0a8c9147.BTP_CI_CD_Deployment_CAPM-postgres-deployer#flowable-async-job-executor-thread-16216#
[PollExecuteTaskStatusExecution] c49c6f4e-6a21-4cf0-9f92-c125a8dc9d83 [2026-04-13T19:07:02.218097] '6obq8kxTFy1IHACjHc51nrGII5Bt76/MpTWhnJIJrCnq1/Uc3Qs8IVeb+sLaFC8K\n' + (STDOUT, APP/TASK/deploy-to-postgresql)#
#2026 04 13 19:07:04.699#Z#DEBUG#be2d3d37-376b-11f1-938a-eeee0a8c9147.BTP_CI_CD_Deployment_CAPM-postgres-deployer#flowable-async-job-executor-thread-16216#
[PollExecuteTaskStatusExecution] c49c6f4e-6a21-4cf0-9f92-c125a8dc9d83 [2026-04-13T19:07:02.218100] 'DI69Sw6bAgMBAAGjQjBAMA8GA1UdEwEB/wQFMAMBAf8wHQYDVR0OBBYEFE7PCopt\n' + (STDOUT, APP/TASK/deploy-to-postgresql)#
#2026 04 13 19:07:04.699#Z#DEBUG#be2d3d37-376b-11f1-938a-eeee0a8c9147.BTP_CI_CD_Deployment_CAPM-postgres-deployer#flowable-async-job-executor-thread-16216#
[PollExecuteTaskStatusExecution] c49c6f4e-6a21-4cf0-9f92-c125a8dc9d83 [2026-04-13T19:07:02.218119] 'lyOgtXX0Y1lObBUxuKaCMA4GA1UdDwEB/wQEAwIBhjANBgkqhkiG9w0BAQsFAAOC\n' + (STDOUT, APP/TASK/deploy-to-postgresql)#
#2026 04 13 19:07:04.699#Z#DEBUG#be2d3d37-376b-11f1-938a-eeee0a8c9147.BTP_CI_CD_Deployment_CAPM-postgres-deployer#flowable-async-job-executor-thread-16216#
[PollExecuteTaskStatusExecution] c49c6f4e-6a21-4cf0-9f92-c125a8dc9d83 [2026-04-13T19:07:02.218122] 'AQEAFj+bX8gLmMNefr5jRJfHjrL3iuZCjf7YEZgn89pS4z8408mjj9z6Q5D1H7yS\n' + (STDOUT, APP/TASK/deploy-to-postgresql)#
#2026 04 13 19:07:04.699#Z#DEBUG#be2d3d37-376b-11f1-938a-eeee0a8c9147.BTP_CI_CD_Deployment_CAPM-postgres-deployer#flowable-async-job-executor-thread-16216#
[PollExecuteTaskStatusExecution] c49c6f4e-6a21-4cf0-9f92-c125a8dc9d83 [2026-04-13T19:07:02.218126] 'jNETVV8QaJip1qyhh5gRzRaArgGAYvi2/r0zPsy+Tgf7v1KGL5Lh8NT8iCEGGXwF\n' + (STDOUT, APP/TASK/deploy-to-postgresql)#
#2026 04 13 19:07:04.699#Z#DEBUG#be2d3d37-376b-11f1-938a-eeee0a8c9147.BTP_CI_CD_Deployment_CAPM-postgres-deployer#flowable-async-job-executor-thread-16216#
[PollExecuteTaskStatusExecution] c49c6f4e-6a21-4cf0-9f92-c125a8dc9d83 [2026-04-13T19:07:02.218129] 'g3Ir+Nl3e+9XUp0eyyzBIjHtjLBm6yy8rGk9p6OtFDQnKF5OxwbAgip42CD75r/q\n' + (STDOUT, APP/TASK/deploy-to-postgresql)#
#2026 04 13 19:07:04.699#Z#DEBUG#be2d3d37-376b-11f1-938a-eeee0a8c9147.BTP_CI_CD_Deployment_CAPM-postgres-deployer#flowable-async-job-executor-thread-16216#
[PollExecuteTaskStatusExecution] c49c6f4e-6a21-4cf0-9f92-c125a8dc9d83 [2026-04-13T19:07:02.218133] 'p421maEDDvvRFR4D+99JZxgAYDBGqRRceUoe16qDzbMvlz0A9paCZFclxeftAxv6\n' + (STDOUT, APP/TASK/deploy-to-postgresql)#
#2026 04 13 19:07:04.699#Z#DEBUG#be2d3d37-376b-11f1-938a-eeee0a8c9147.BTP_CI_CD_Deployment_CAPM-postgres-deployer#flowable-async-job-executor-thread-16216#
[PollExecuteTaskStatusExecution] c49c6f4e-6a21-4cf0-9f92-c125a8dc9d83 [2026-04-13T19:07:02.218136] 'QlR5rItMz/XdzpBJUpYhdzM0gCzAzdQuVO5tjJxmXhkSMcDP+8Q+Uv6FA9k2VpUV\n' + (STDOUT, APP/TASK/deploy-to-postgresql)#
#2026 04 13 19:07:04.699#Z#DEBUG#be2d3d37-376b-11f1-938a-eeee0a8c9147.BTP_CI_CD_Deployment_CAPM-postgres-deployer#flowable-async-job-executor-thread-16216#
[PollExecuteTaskStatusExecution] c49c6f4e-6a21-4cf0-9f92-c125a8dc9d83 [2026-04-13T19:07:02.218139] 'E/O5jgpqUJJ2Hc/5rs9VkAPXeA==\n' + (STDOUT, APP/TASK/deploy-to-postgresql)#
#2026 04 13 19:07:04.699#Z#DEBUG#be2d3d37-376b-11f1-938a-eeee0a8c9147.BTP_CI_CD_Deployment_CAPM-postgres-deployer#flowable-async-job-executor-thread-16216#
[PollExecuteTaskStatusExecution] c49c6f4e-6a21-4cf0-9f92-c125a8dc9d83 [2026-04-13T19:07:02.218143] '-----END CERTIFICATE-----\n' + (STDOUT, APP/TASK/deploy-to-postgresql)#
#2026 04 13 19:07:04.699#Z#DEBUG#be2d3d37-376b-11f1-938a-eeee0a8c9147.BTP_CI_CD_Deployment_CAPM-postgres-deployer#flowable-async-job-executor-thread-16216#
[PollExecuteTaskStatusExecution] c49c6f4e-6a21-4cf0-9f92-c125a8dc9d83 [2026-04-13T19:07:02.218146] '-----BEGIN CERTIFICATE-----\n' + (STDOUT, APP/TASK/deploy-to-postgresql)#
#2026 04 13 19:07:04.699#Z#DEBUG#be2d3d37-376b-11f1-938a-eeee0a8c9147.BTP_CI_CD_Deployment_CAPM-postgres-deployer#flowable-async-job-executor-thread-16216#
[PollExecuteTaskStatusExecution] c49c6f4e-6a21-4cf0-9f92-c125a8dc9d83 [2026-04-13T19:07:02.218148] 'MIIF/jCCA+agAwIBAgIQaRHaEqqacXN20e8zZJtmDDANBgkqhkiG9w0BAQwFADCB\n' + (STDOUT, APP/TASK/deploy-to-postgresql)#
#2026 04 13 19:07:04.699#Z#DEBUG#be2d3d37-376b-11f1-938a-eeee0a8c9147.BTP_CI_CD_Deployment_CAPM-postgres-deployer#flowable-async-job-executor-thread-16216#
[PollExecuteTaskStatusExecution] c49c6f4e-6a21-4cf0-9f92-c125a8dc9d83 [2026-04-13T19:07:02.218151] 'lzELMAkGA1UEBhMCVVMxIjAgBgNVBAoMGUFtYXpvbiBXZWIgU2VydmljZXMsIElu\n' + (STDOUT, APP/TASK/deploy-to-postgresql)#
#2026 04 13 19:07:04.699#Z#DEBUG#be2d3d37-376b-11f1-938a-eeee0a8c9147.BTP_CI_CD_Deployment_CAPM-postgres-deployer#flowable-async-job-executor-thread-16216#
[PollExecuteTaskStatusExecution] c49c6f4e-6a21-4cf0-9f92-c125a8dc9d83 [2026-04-13T19:07:02.218153] 'Yy4xEzARBgNVBAsMCkFtYXpvbiBSRFMxCzAJBgNVBAgMAldBMTAwLgYDVQQDDCdB\n' + (STDOUT, APP/TASK/deploy-to-postgresql)#
#2026 04 13 19:07:04.699#Z#DEBUG#be2d3d37-376b-11f1-938a-eeee0a8c9147.BTP_CI_CD_Deployment_CAPM-postgres-deployer#flowable-async-job-executor-thread-16216#
[PollExecuteTaskStatusExecution] c49c6f4e-6a21-4cf0-9f92-c125a8dc9d83 [2026-04-13T19:07:02.218156] 'bWF6b24gUkRTIHVzLWVhc3QtMSBSb290IENBIFJTQTQwOTYgRzExEDAOBgNVBAcM\n' + (STDOUT, APP/TASK/deploy-to-postgresql)#
#2026 04 13 19:07:04.699#Z#DEBUG#be2d3d37-376b-11f1-938a-eeee0a8c9147.BTP_CI_CD_Deployment_CAPM-postgres-deployer#flowable-async-job-executor-thread-16216#
[PollExecuteTaskStatusExecution] c49c6f4e-6a21-4cf0-9f92-c125a8dc9d83 [2026-04-13T19:07:02.218161] 'B1NlYXR0bGUwIBcNMjEwNTI1MjIzODM1WhgPMjEyMTA1MjUyMzM4MzVaMIGXMQsw\n' + (STDOUT, APP/TASK/deploy-to-postgresql)#
#2026 04 13 19:07:04.699#Z#DEBUG#be2d3d37-376b-11f1-938a-eeee0a8c9147.BTP_CI_CD_Deployment_CAPM-postgres-deployer#flowable-async-job-executor-thread-16216#
[PollExecuteTaskStatusExecution] c49c6f4e-6a21-4cf0-9f92-c125a8dc9d83 [2026-04-13T19:07:02.218163] 'CQYDVQQGEwJVUzEiMCAGA1UECgwZQW1hem9uIFdlYiBTZXJ2aWNlcywgSW5jLjET\n' + (STDOUT, APP/TASK/deploy-to-postgresql)#
#2026 04 13 19:07:04.699#Z#DEBUG#be2d3d37-376b-11f1-938a-eeee0a8c9147.BTP_CI_CD_Deployment_CAPM-postgres-deployer#flowable-async-job-executor-thread-16216#
[PollExecuteTaskStatusExecution] c49c6f4e-6a21-4cf0-9f92-c125a8dc9d83 [2026-04-13T19:07:02.218166] 'MBEGA1UECwwKQW1hem9uIFJEUzELMAkGA1UECAwCV0ExMDAuBgNVBAMMJ0FtYXpv\n' + (STDOUT, APP/TASK/deploy-to-postgresql)#
#2026 04 13 19:07:04.699#Z#DEBUG#be2d3d37-376b-11f1-938a-eeee0a8c9147.BTP_CI_CD_Deployment_CAPM-postgres-deployer#flowable-async-job-executor-thread-16216#
[PollExecuteTaskStatusExecution] c49c6f4e-6a21-4cf0-9f92-c125a8dc9d83 [2026-04-13T19:07:02.218170] 'biBSRFMgdXMtZWFzdC0xIFJvb3QgQ0EgUlNBNDA5NiBHMTEQMA4GA1UEBwwHU2Vh\n' + (STDOUT, APP/TASK/deploy-to-postgresql)#
#2026 04 13 19:07:04.699#Z#DEBUG#be2d3d37-376b-11f1-938a-eeee0a8c9147.BTP_CI_CD_Deployment_CAPM-postgres-deployer#flowable-async-job-executor-thread-16216#
[PollExecuteTaskStatusExecution] c49c6f4e-6a21-4cf0-9f92-c125a8dc9d83 [2026-04-13T19:07:02.218172] 'dHRsZTCCAiIwDQYJKoZIhvcNAQEBBQADggIPADCCAgoCggIBAInfBCaHuvj6Rb5c\n' + (STDOUT, APP/TASK/deploy-to-postgresql)#
#2026 04 13 19:07:04.699#Z#DEBUG#be2d3d37-376b-11f1-938a-eeee0a8c9147.BTP_CI_CD_Deployment_CAPM-postgres-deployer#flowable-async-job-executor-thread-16216#
[PollExecuteTaskStatusExecution] c49c6f4e-6a21-4cf0-9f92-c125a8dc9d83 [2026-04-13T19:07:02.218179] 'L5Wmn1jv2PHtEGMHm+7Z8dYosdwouG8VG2A+BCYCZfij9lIGszrTXkY4O7vnXgru\n' + (STDOUT, APP/TASK/deploy-to-postgresql)#
#2026 04 13 19:07:04.699#Z#DEBUG#be2d3d37-376b-11f1-938a-eeee0a8c9147.BTP_CI_CD_Deployment_CAPM-postgres-deployer#flowable-async-job-executor-thread-16216#
[PollExecuteTaskStatusExecution] c49c6f4e-6a21-4cf0-9f92-c125a8dc9d83 [2026-04-13T19:07:02.218182] 'JUNdxh0Q3M83p4X+bg+gODUs3jf+Z3Oeq7nTOk/2UYvQLcxP4FEXILxDInbQFcIx\n' + (STDOUT, APP/TASK/deploy-to-postgresql)#
#2026 04 13 19:07:04.699#Z#DEBUG#be2d3d37-376b-11f1-938a-eeee0a8c9147.BTP_CI_CD_Deployment_CAPM-postgres-deployer#flowable-async-job-executor-thread-16216#
[PollExecuteTaskStatusExecution] c49c6f4e-6a21-4cf0-9f92-c125a8dc9d83 [2026-04-13T19:07:02.218184] 'yen1ESHggGrjEodgn6nbKQNRfIhjhW+TKYaewfsVWH7EF2pfj+cjbJ6njjgZ0/M9\n' + (STDOUT, APP/TASK/deploy-to-postgresql)#
#2026 04 13 19:07:04.699#Z#DEBUG#be2d3d37-376b-11f1-938a-eeee0a8c9147.BTP_CI_CD_Deployment_CAPM-postgres-deployer#flowable-async-job-executor-thread-16216#
[PollExecuteTaskStatusExecution] c49c6f4e-6a21-4cf0-9f92-c125a8dc9d83 [2026-04-13T19:07:02.218190] 'VZifJFBgat6XUTOf3jwHwkCBh7T6rDpgy19A61laImJCQhdTnHKvzTpxcxiLRh69\n' + (STDOUT, APP/TASK/deploy-to-postgresql)#
#2026 04 13 19:07:04.699#Z#DEBUG#be2d3d37-376b-11f1-938a-eeee0a8c9147.BTP_CI_CD_Deployment_CAPM-postgres-deployer#flowable-async-job-executor-thread-16216#
[PollExecuteTaskStatusExecution] c49c6f4e-6a21-4cf0-9f92-c125a8dc9d83 [2026-04-13T19:07:02.218194] 'ZObypR7W04OAUmFS88V7IotlPmCL8xf7kwxG+gQfvx31+A9IDMsiTqJ1Cc4fYEKg\n' + (STDOUT, APP/TASK/deploy-to-postgresql)#
#2026 04 13 19:07:04.699#Z#DEBUG#be2d3d37-376b-11f1-938a-eeee0a8c9147.BTP_CI_CD_Deployment_CAPM-postgres-deployer#flowable-async-job-executor-thread-16216#
[PollExecuteTaskStatusExecution] c49c6f4e-6a21-4cf0-9f92-c125a8dc9d83 [2026-04-13T19:07:02.218197] 'bL+Vo+2Ii4W2esCTGVYmHm73drznfeKwL+kmIC/Bq+DrZ+veTqKFYwSkpHRyJCEe\n' + (STDOUT, APP/TASK/deploy-to-postgresql)#
#2026 04 13 19:07:04.699#Z#DEBUG#be2d3d37-376b-11f1-938a-eeee0a8c9147.BTP_CI_CD_Deployment_CAPM-postgres-deployer#flowable-async-job-executor-thread-16216#
[PollExecuteTaskStatusExecution] c49c6f4e-6a21-4cf0-9f92-c125a8dc9d83 [2026-04-13T19:07:02.218200] 'U4Zym6POqQ/4LBSKwDUhWLJIlq99bjKX+hNTJykB+Lbcx0ScOP4IAZQoxmDxGWxN\n' + (STDOUT, APP/TASK/deploy-to-postgresql)#
#2026 04 13 19:07:04.699#Z#DEBUG#be2d3d37-376b-11f1-938a-eeee0a8c9147.BTP_CI_CD_Deployment_CAPM-postgres-deployer#flowable-async-job-executor-thread-16216#
[PollExecuteTaskStatusExecution] c49c6f4e-6a21-4cf0-9f92-c125a8dc9d83 [2026-04-13T19:07:02.218203] 'S+lQj+Cx2pwU3S/7+OxlRndZAX/FKgk7xSMkg88HykUZaZ/ozIiqJqSnGpgXCtED\n' + (STDOUT, APP/TASK/deploy-to-postgresql)#
#2026 04 13 19:07:04.699#Z#DEBUG#be2d3d37-376b-11f1-938a-eeee0a8c9147.BTP_CI_CD_Deployment_CAPM-postgres-deployer#flowable-async-job-executor-thread-16216#
[PollExecuteTaskStatusExecution] c49c6f4e-6a21-4cf0-9f92-c125a8dc9d83 [2026-04-13T19:07:02.218205] 'oQ4OJw5ozAr+/wudOawaMwUWQl5asD8fuy/hl5S1nv9XxIc842QJOtJFxhyeMIXt\n' + (STDOUT, APP/TASK/deploy-to-postgresql)#
#2026 04 13 19:07:04.699#Z#DEBUG#be2d3d37-376b-11f1-938a-eeee0a8c9147.BTP_CI_CD_Deployment_CAPM-postgres-deployer#flowable-async-job-executor-thread-16216#
[PollExecuteTaskStatusExecution] c49c6f4e-6a21-4cf0-9f92-c125a8dc9d83 [2026-04-13T19:07:02.218208] 'LVECVw/dPekhMjS3Zo3wwRgYbnKG7YXXT5WMxJEnHu8+cYpMiRClzq2BEP6/MtI2\n' + (STDOUT, APP/TASK/deploy-to-postgresql)#
#2026 04 13 19:07:04.699#Z#DEBUG#be2d3d37-376b-11f1-938a-eeee0a8c9147.BTP_CI_CD_Deployment_CAPM-postgres-deployer#flowable-async-job-executor-thread-16216#
[PollExecuteTaskStatusExecution] c49c6f4e-6a21-4cf0-9f92-c125a8dc9d83 [2026-04-13T19:07:02.218221] 'AZQQUFu2yFjRGL2OZA6IYjxnXYiRAgMBAAGjQjBAMA8GA1UdEwEB/wQFMAMBAf8w\n' + (STDOUT, APP/TASK/deploy-to-postgresql)#
#2026 04 13 19:07:04.699#Z#DEBUG#be2d3d37-376b-11f1-938a-eeee0a8c9147.BTP_CI_CD_Deployment_CAPM-postgres-deployer#flowable-async-job-executor-thread-16216#
[PollExecuteTaskStatusExecution] c49c6f4e-6a21-4cf0-9f92-c125a8dc9d83 [2026-04-13T19:07:02.218225] 'HQYDVR0OBBYEFADCcQCPX2HmkqQcmuHfiQ2jjqnrMA4GA1UdDwEB/wQEAwIBhjAN\n' + (STDOUT, APP/TASK/deploy-to-postgresql)#
#2026 04 13 19:07:04.699#Z#DEBUG#be2d3d37-376b-11f1-938a-eeee0a8c9147.BTP_CI_CD_Deployment_CAPM-postgres-deployer#flowable-async-job-executor-thread-16216#
[PollExecuteTaskStatusExecution] c49c6f4e-6a21-4cf0-9f92-c125a8dc9d83 [2026-04-13T19:07:02.218228] 'BgkqhkiG9w0BAQwFAAOCAgEASXkGQ2eUmudIKPeOIF7RBryCoPmMOsqP0+1qxF8l\n' + (STDOUT, APP/TASK/deploy-to-postgresql)#
#2026 04 13 19:07:04.699#Z#DEBUG#be2d3d37-376b-11f1-938a-eeee0a8c9147.BTP_CI_CD_Deployment_CAPM-postgres-deployer#flowable-async-job-executor-thread-16216#
[PollExecuteTaskStatusExecution] c49c6f4e-6a21-4cf0-9f92-c125a8dc9d83 [2026-04-13T19:07:02.218231] 'pGkwmrgNDGpmd9s0ArfIVBTc1jmpgB3oiRW9c6n2OmwBKL4UPuQ8O3KwSP0iD2sZ\n' + (STDOUT, APP/TASK/deploy-to-postgresql)#
#2026 04 13 19:07:04.699#Z#DEBUG#be2d3d37-376b-11f1-938a-eeee0a8c9147.BTP_CI_CD_Deployment_CAPM-postgres-deployer#flowable-async-job-executor-thread-16216#
[PollExecuteTaskStatusExecution] c49c6f4e-6a21-4cf0-9f92-c125a8dc9d83 [2026-04-13T19:07:02.218235] 'KMXoMEyphCEzW1I2GRvYDugL3Z9MWrnHkoaoH2l8YyTYvszTvdgxBPpM2x4pSkp+\n' + (STDOUT, APP/TASK/deploy-to-postgresql)#
#2026 04 13 19:07:04.699#Z#DEBUG#be2d3d37-376b-11f1-938a-eeee0a8c9147.BTP_CI_CD_Deployment_CAPM-postgres-deployer#flowable-async-job-executor-thread-16216#
[PollExecuteTaskStatusExecution] c49c6f4e-6a21-4cf0-9f92-c125a8dc9d83 [2026-04-13T19:07:02.218237] '76d4/eRpJ5mVuQ93nC+YG0wXCxSq63hX4kyZgPxgCdAA+qgFfKIGyNqUIqWgeyTP\n' + (STDOUT, APP/TASK/deploy-to-postgresql)#
#2026 04 13 19:07:04.699#Z#DEBUG#be2d3d37-376b-11f1-938a-eeee0a8c9147.BTP_CI_CD_Deployment_CAPM-postgres-deployer#flowable-async-job-executor-thread-16216#
[PollExecuteTaskStatusExecution] c49c6f4e-6a21-4cf0-9f92-c125a8dc9d83 [2026-04-13T19:07:02.218240] 'n5OgKaboYk2141Rf2hGMD3/hsGm0rrJh7g3C0ZirPws3eeJfulvAOIy2IZzqHUSY\n' + (STDOUT, APP/TASK/deploy-to-postgresql)#
#2026 04 13 19:07:04.699#Z#DEBUG#be2d3d37-376b-11f1-938a-eeee0a8c9147.BTP_CI_CD_Deployment_CAPM-postgres-deployer#flowable-async-job-executor-thread-16216#
[PollExecuteTaskStatusExecution] c49c6f4e-6a21-4cf0-9f92-c125a8dc9d83 [2026-04-13T19:07:02.218242] 'jkFzraz6LEH3IlArT3jUPvWKqvh2lJWnnp56aqxBR7qHH5voD49UpJWY1K0BjGnS\n' + (STDOUT, APP/TASK/deploy-to-postgresql)#
#2026 04 13 19:07:04.699#Z#DEBUG#be2d3d37-376b-11f1-938a-eeee0a8c9147.BTP_CI_CD_Deployment_CAPM-postgres-deployer#flowable-async-job-executor-thread-16216#
[PollExecuteTaskStatusExecution] c49c6f4e-6a21-4cf0-9f92-c125a8dc9d83 [2026-04-13T19:07:02.218244] 'OHcurpp0Yt/BIs4VZeWdCZwI7JaSeDcPMaMDBvND3Ia5Fga0thgYQTG6dE+N5fgF\n' + (STDOUT, APP/TASK/deploy-to-postgresql)#
#2026 04 13 19:07:04.699#Z#DEBUG#be2d3d37-376b-11f1-938a-eeee0a8c9147.BTP_CI_CD_Deployment_CAPM-postgres-deployer#flowable-async-job-executor-thread-16216#
[PollExecuteTaskStatusExecution] c49c6f4e-6a21-4cf0-9f92-c125a8dc9d83 [2026-04-13T19:07:02.218246] 'z+hRaujXO2nb0LmddVyvE8prYlWRMuYFv+Co8hcMdJ0lEZlfVNu0jbm9/GmwAZ+l\n' + (STDOUT, APP/TASK/deploy-to-postgresql)#
#2026 04 13 19:07:04.699#Z#DEBUG#be2d3d37-376b-11f1-938a-eeee0a8c9147.BTP_CI_CD_Deployment_CAPM-postgres-deployer#flowable-async-job-executor-thread-16216#
[PollExecuteTaskStatusExecution] c49c6f4e-6a21-4cf0-9f92-c125a8dc9d83 [2026-04-13T19:07:02.218250] '9umeYO9yz/uC7edC8XJBglMAKUmVK9wNtOckUWAcCfnPWYLbYa/PqtXBYcxrso5j\n' + (STDOUT, APP/TASK/deploy-to-postgresql)#
#2026 04 13 19:07:04.699#Z#DEBUG#be2d3d37-376b-11f1-938a-eeee0a8c9147.BTP_CI_CD_Deployment_CAPM-postgres-deployer#flowable-async-job-executor-thread-16216#
[PollExecuteTaskStatusExecution] c49c6f4e-6a21-4cf0-9f92-c125a8dc9d83 [2026-04-13T19:07:02.218253] 'iaS/A7iEW51uteHBGrViCy1afGG+hiUWwFlesli+Rq4dNstX3h6h2baWABaAxEVJ\n' + (STDOUT, APP/TASK/deploy-to-postgresql)#
#2026 04 13 19:07:04.699#Z#DEBUG#be2d3d37-376b-11f1-938a-eeee0a8c9147.BTP_CI_CD_Deployment_CAPM-postgres-deployer#flowable-async-job-executor-thread-16216#
[PollExecuteTaskStatusExecution] c49c6f4e-6a21-4cf0-9f92-c125a8dc9d83 [2026-04-13T19:07:02.218255] 'y1RnTQSz6mROT1VmZSgSVO37rgIyY0Hf0872ogcTS+FfvXgBxCxsNWEbiQ/XXva4\n' + (STDOUT, APP/TASK/deploy-to-postgresql)#
#2026 04 13 19:07:04.699#Z#DEBUG#be2d3d37-376b-11f1-938a-eeee0a8c9147.BTP_CI_CD_Deployment_CAPM-postgres-deployer#flowable-async-job-executor-thread-16216#
[PollExecuteTaskStatusExecution] c49c6f4e-6a21-4cf0-9f92-c125a8dc9d83 [2026-04-13T19:07:02.218259] '0Ws=\n' + (STDOUT, APP/TASK/deploy-to-postgresql)#
#2026 04 13 19:07:04.699#Z#DEBUG#be2d3d37-376b-11f1-938a-eeee0a8c9147.BTP_CI_CD_Deployment_CAPM-postgres-deployer#flowable-async-job-executor-thread-16216#
[PollExecuteTaskStatusExecution] c49c6f4e-6a21-4cf0-9f92-c125a8dc9d83 [2026-04-13T19:07:02.218262] '-----END CERTIFICATE-----\n' + (STDOUT, APP/TASK/deploy-to-postgresql)#
#2026 04 13 19:07:04.699#Z#DEBUG#be2d3d37-376b-11f1-938a-eeee0a8c9147.BTP_CI_CD_Deployment_CAPM-postgres-deployer#flowable-async-job-executor-thread-16216#
[PollExecuteTaskStatusExecution] c49c6f4e-6a21-4cf0-9f92-c125a8dc9d83 [2026-04-13T19:07:02.218264] '-----BEGIN CERTIFICATE-----\n' + (STDOUT, APP/TASK/deploy-to-postgresql)#
#2026 04 13 19:07:04.699#Z#DEBUG#be2d3d37-376b-11f1-938a-eeee0a8c9147.BTP_CI_CD_Deployment_CAPM-postgres-deployer#flowable-async-job-executor-thread-16216#
[PollExecuteTaskStatusExecution] c49c6f4e-6a21-4cf0-9f92-c125a8dc9d83 [2026-04-13T19:07:02.218266] 'MIICrjCCAjSgAwIBAgIRAPAlEk8VJPmEzVRRaWvTh2AwCgYIKoZIzj0EAwMwgZYx\n' + (STDOUT, APP/TASK/deploy-to-postgresql)#
#2026 04 13 19:07:04.699#Z#DEBUG#be2d3d37-376b-11f1-938a-eeee0a8c9147.BTP_CI_CD_Deployment_CAPM-postgres-deployer#flowable-async-job-executor-thread-16216#
[PollExecuteTaskStatusExecution] c49c6f4e-6a21-4cf0-9f92-c125a8dc9d83 [2026-04-13T19:07:02.218272] 'CzAJBgNVBAYTAlVTMSIwIAYDVQQKDBlBbWF6b24gV2ViIFNlcnZpY2VzLCBJbmMu\n' + (STDOUT, APP/TASK/deploy-to-postgresql)#
#2026 04 13 19:07:04.699#Z#DEBUG#be2d3d37-376b-11f1-938a-eeee0a8c9147.BTP_CI_CD_Deployment_CAPM-postgres-deployer#flowable-async-job-executor-thread-16216#
[PollExecuteTaskStatusExecution] c49c6f4e-6a21-4cf0-9f92-c125a8dc9d83 [2026-04-13T19:07:02.218276] 'MRMwEQYDVQQLDApBbWF6b24gUkRTMQswCQYDVQQIDAJXQTEvMC0GA1UEAwwmQW1h\n' + (STDOUT, APP/TASK/deploy-to-postgresql)#
#2026 04 13 19:07:04.699#Z#DEBUG#be2d3d37-376b-11f1-938a-eeee0a8c9147.BTP_CI_CD_Deployment_CAPM-postgres-deployer#flowable-async-job-executor-thread-16216#
[PollExecuteTaskStatusExecution] c49c6f4e-6a21-4cf0-9f92-c125a8dc9d83 [2026-04-13T19:07:02.218280] 'em9uIFJEUyB1cy1lYXN0LTEgUm9vdCBDQSBFQ0MzODQgRzExEDAOBgNVBAcMB1Nl\n' + (STDOUT, APP/TASK/deploy-to-postgresql)#
#2026 04 13 19:07:04.699#Z#DEBUG#be2d3d37-376b-11f1-938a-eeee0a8c9147.BTP_CI_CD_Deployment_CAPM-postgres-deployer#flowable-async-job-executor-thread-16216#
[PollExecuteTaskStatusExecution] c49c6f4e-6a21-4cf0-9f92-c125a8dc9d83 [2026-04-13T19:07:02.218282] 'YXR0bGUwIBcNMjEwNTI1MjI0MTU1WhgPMjEyMTA1MjUyMzQxNTVaMIGWMQswCQYD\n' + (STDOUT, APP/TASK/deploy-to-postgresql)#
#2026 04 13 19:07:04.699#Z#DEBUG#be2d3d37-376b-11f1-938a-eeee0a8c9147.BTP_CI_CD_Deployment_CAPM-postgres-deployer#flowable-async-job-executor-thread-16216#
[PollExecuteTaskStatusExecution] c49c6f4e-6a21-4cf0-9f92-c125a8dc9d83 [2026-04-13T19:07:02.218285] 'VQQGEwJVUzEiMCAGA1UECgwZQW1hem9uIFdlYiBTZXJ2aWNlcywgSW5jLjETMBEG\n' + (STDOUT, APP/TASK/deploy-to-postgresql)#
#2026 04 13 19:07:04.699#Z#DEBUG#be2d3d37-376b-11f1-938a-eeee0a8c9147.BTP_CI_CD_Deployment_CAPM-postgres-deployer#flowable-async-job-executor-thread-16216#
[PollExecuteTaskStatusExecution] c49c6f4e-6a21-4cf0-9f92-c125a8dc9d83 [2026-04-13T19:07:02.218287] 'A1UECwwKQW1hem9uIFJEUzELMAkGA1UECAwCV0ExLzAtBgNVBAMMJkFtYXpvbiBS\n' + (STDOUT, APP/TASK/deploy-to-postgresql)#
#2026 04 13 19:07:04.699#Z#DEBUG#be2d3d37-376b-11f1-938a-eeee0a8c9147.BTP_CI_CD_Deployment_CAPM-postgres-deployer#flowable-async-job-executor-thread-16216#
[PollExecuteTaskStatusExecution] c49c6f4e-6a21-4cf0-9f92-c125a8dc9d83 [2026-04-13T19:07:02.218289] 'RFMgdXMtZWFzdC0xIFJvb3QgQ0EgRUNDMzg0IEcxMRAwDgYDVQQHDAdTZWF0dGxl\n' + (STDOUT, APP/TASK/deploy-to-postgresql)#
#2026 04 13 19:07:04.699#Z#DEBUG#be2d3d37-376b-11f1-938a-eeee0a8c9147.BTP_CI_CD_Deployment_CAPM-postgres-deployer#flowable-async-job-executor-thread-16216#
[PollExecuteTaskStatusExecution] c49c6f4e-6a21-4cf0-9f92-c125a8dc9d83 [2026-04-13T19:07:02.218292] 'MHYwEAYHKoZIzj0CAQYFK4EEACIDYgAEx5xjrup8II4HOJw15NTnS3H5yMrQGlbj\n' + (STDOUT, APP/TASK/deploy-to-postgresql)#
#2026 04 13 19:07:04.699#Z#DEBUG#be2d3d37-376b-11f1-938a-eeee0a8c9147.BTP_CI_CD_Deployment_CAPM-postgres-deployer#flowable-async-job-executor-thread-16216#
[PollExecuteTaskStatusExecution] c49c6f4e-6a21-4cf0-9f92-c125a8dc9d83 [2026-04-13T19:07:02.218294] 'EDA5MMGnE9DmHp5dACIxmPXPMe/99nO7wNdl7G71OYPCgEvWm0FhdvVUeTb3LVnV\n' + (STDOUT, APP/TASK/deploy-to-postgresql)#
#2026 04 13 19:07:04.699#Z#DEBUG#be2d3d37-376b-11f1-938a-eeee0a8c9147.BTP_CI_CD_Deployment_CAPM-postgres-deployer#flowable-async-job-executor-thread-16216#
[PollExecuteTaskStatusExecution] c49c6f4e-6a21-4cf0-9f92-c125a8dc9d83 [2026-04-13T19:07:02.218296] 'BnaXt32Ek7/oxGk1T+Df03C+W0vmuJ+wo0IwQDAPBgNVHRMBAf8EBTADAQH/MB0G\n' + (STDOUT, APP/TASK/deploy-to-postgresql)#
#2026 04 13 19:07:04.699#Z#DEBUG#be2d3d37-376b-11f1-938a-eeee0a8c9147.BTP_CI_CD_Deployment_CAPM-postgres-deployer#flowable-async-job-executor-thread-16216#
[PollExecuteTaskStatusExecution] c49c6f4e-6a21-4cf0-9f92-c125a8dc9d83 [2026-04-13T19:07:02.218298] 'A1UdDgQWBBTGXmqBWN/1tkSea4pNw0oHrjk2UDAOBgNVHQ8BAf8EBAMCAYYwCgYI\n' + (STDOUT, APP/TASK/deploy-to-postgresql)#
#2026 04 13 19:07:04.699#Z#DEBUG#be2d3d37-376b-11f1-938a-eeee0a8c9147.BTP_CI_CD_Deployment_CAPM-postgres-deployer#flowable-async-job-executor-thread-16216#
[PollExecuteTaskStatusExecution] c49c6f4e-6a21-4cf0-9f92-c125a8dc9d83 [2026-04-13T19:07:02.218301] 'KoZIzj0EAwMDaAAwZQIxAIqqZWCSrIkZ7zsv/FygtAusW6yvlL935YAWYPVXU30m\n' + (STDOUT, APP/TASK/deploy-to-postgresql)#
#2026 04 13 19:07:04.699#Z#DEBUG#be2d3d37-376b-11f1-938a-eeee0a8c9147.BTP_CI_CD_Deployment_CAPM-postgres-deployer#flowable-async-job-executor-thread-16216#
[PollExecuteTaskStatusExecution] c49c6f4e-6a21-4cf0-9f92-c125a8dc9d83 [2026-04-13T19:07:02.218304] 'jkMFLM+/RJ9GMvnO8jHfCgIwB+whlkcItzE9CRQ6CsMo/d5cEHDUu/QW6jSIh9BR\n' + (STDOUT, APP/TASK/deploy-to-postgresql)#
#2026 04 13 19:07:04.699#Z#DEBUG#be2d3d37-376b-11f1-938a-eeee0a8c9147.BTP_CI_CD_Deployment_CAPM-postgres-deployer#flowable-async-job-executor-thread-16216#
[PollExecuteTaskStatusExecution] c49c6f4e-6a21-4cf0-9f92-c125a8dc9d83 [2026-04-13T19:07:02.218307] 'OGh9pTYPVkUbBiKPA7lVVhre\n' + (STDOUT, APP/TASK/deploy-to-postgresql)#
#2026 04 13 19:07:04.699#Z#DEBUG#be2d3d37-376b-11f1-938a-eeee0a8c9147.BTP_CI_CD_Deployment_CAPM-postgres-deployer#flowable-async-job-executor-thread-16216#
[PollExecuteTaskStatusExecution] c49c6f4e-6a21-4cf0-9f92-c125a8dc9d83 [2026-04-13T19:07:02.218311] '-----END CERTIFICATE-----\n', (STDOUT, APP/TASK/deploy-to-postgresql)#
#2026 04 13 19:07:04.699#Z#DEBUG#be2d3d37-376b-11f1-938a-eeee0a8c9147.BTP_CI_CD_Deployment_CAPM-postgres-deployer#flowable-async-job-executor-thread-16216#
[PollExecuteTaskStatusExecution] c49c6f4e-6a21-4cf0-9f92-c125a8dc9d83 [2026-04-13T19:07:02.218315] sslrootcert: '-----BEGIN CERTIFICATE-----\n' + (STDOUT, APP/TASK/deploy-to-postgresql)#
#2026 04 13 19:07:04.699#Z#DEBUG#be2d3d37-376b-11f1-938a-eeee0a8c9147.BTP_CI_CD_Deployment_CAPM-postgres-deployer#flowable-async-job-executor-thread-16216#
[PollExecuteTaskStatusExecution] c49c6f4e-6a21-4cf0-9f92-c125a8dc9d83 [2026-04-13T19:07:02.218319] 'MIID/zCCAuegAwIBAgIRAPVSMfFitmM5PhmbaOFoGfUwDQYJKoZIhvcNAQELBQAw\n' + (STDOUT, APP/TASK/deploy-to-postgresql)#
#2026 04 13 19:07:04.699#Z#DEBUG#be2d3d37-376b-11f1-938a-eeee0a8c9147.BTP_CI_CD_Deployment_CAPM-postgres-deployer#flowable-async-job-executor-thread-16216#
[PollExecuteTaskStatusExecution] c49c6f4e-6a21-4cf0-9f92-c125a8dc9d83 [2026-04-13T19:07:02.218321] 'gZcxCzAJBgNVBAYTAlVTMSIwIAYDVQQKDBlBbWF6b24gV2ViIFNlcnZpY2VzLCBJ\n' + (STDOUT, APP/TASK/deploy-to-postgresql)#
#2026 04 13 19:07:04.699#Z#DEBUG#be2d3d37-376b-11f1-938a-eeee0a8c9147.BTP_CI_CD_Deployment_CAPM-postgres-deployer#flowable-async-job-executor-thread-16216#
[PollExecuteTaskStatusExecution] c49c6f4e-6a21-4cf0-9f92-c125a8dc9d83 [2026-04-13T19:07:02.218324] 'bmMuMRMwEQYDVQQLDApBbWF6b24gUkRTMQswCQYDVQQIDAJXQTEwMC4GA1UEAwwn\n' + (STDOUT, APP/TASK/deploy-to-postgresql)#
#2026 04 13 19:07:04.699#Z#DEBUG#be2d3d37-376b-11f1-938a-eeee0a8c9147.BTP_CI_CD_Deployment_CAPM-postgres-deployer#flowable-async-job-executor-thread-16216#
[PollExecuteTaskStatusExecution] c49c6f4e-6a21-4cf0-9f92-c125a8dc9d83 [2026-04-13T19:07:02.218326] 'QW1hem9uIFJEUyB1cy1lYXN0LTEgUm9vdCBDQSBSU0EyMDQ4IEcxMRAwDgYDVQQH\n' + (STDOUT, APP/TASK/deploy-to-postgresql)#
#2026 04 13 19:07:04.699#Z#DEBUG#be2d3d37-376b-11f1-938a-eeee0a8c9147.BTP_CI_CD_Deployment_CAPM-postgres-deployer#flowable-async-job-executor-thread-16216#
[PollExecuteTaskStatusExecution] c49c6f4e-6a21-4cf0-9f92-c125a8dc9d83 [2026-04-13T19:07:02.218329] 'DAdTZWF0dGxlMCAXDTIxMDUyNTIyMzQ1N1oYDzIwNjEwNTI1MjMzNDU3WjCBlzEL\n' + (STDOUT, APP/TASK/deploy-to-postgresql)#
#2026 04 13 19:07:04.699#Z#DEBUG#be2d3d37-376b-11f1-938a-eeee0a8c9147.BTP_CI_CD_Deployment_CAPM-postgres-deployer#flowable-async-job-executor-thread-16216#
[PollExecuteTaskStatusExecution] c49c6f4e-6a21-4cf0-9f92-c125a8dc9d83 [2026-04-13T19:07:02.218331] 'MAkGA1UEBhMCVVMxIjAgBgNVBAoMGUFtYXpvbiBXZWIgU2VydmljZXMsIEluYy4x\n' + (STDOUT, APP/TASK/deploy-to-postgresql)#
#2026 04 13 19:07:04.699#Z#DEBUG#be2d3d37-376b-11f1-938a-eeee0a8c9147.BTP_CI_CD_Deployment_CAPM-postgres-deployer#flowable-async-job-executor-thread-16216#
[PollExecuteTaskStatusExecution] c49c6f4e-6a21-4cf0-9f92-c125a8dc9d83 [2026-04-13T19:07:02.218334] 'EzARBgNVBAsMCkFtYXpvbiBSRFMxCzAJBgNVBAgMAldBMTAwLgYDVQQDDCdBbWF6\n' + (STDOUT, APP/TASK/deploy-to-postgresql)#
#2026 04 13 19:07:04.699#Z#DEBUG#be2d3d37-376b-11f1-938a-eeee0a8c9147.BTP_CI_CD_Deployment_CAPM-postgres-deployer#flowable-async-job-executor-thread-16216#
[PollExecuteTaskStatusExecution] c49c6f4e-6a21-4cf0-9f92-c125a8dc9d83 [2026-04-13T19:07:02.218336] 'b24gUkRTIHVzLWVhc3QtMSBSb290IENBIFJTQTIwNDggRzExEDAOBgNVBAcMB1Nl\n' + (STDOUT, APP/TASK/deploy-to-postgresql)#
#2026 04 13 19:07:04.699#Z#DEBUG#be2d3d37-376b-11f1-938a-eeee0a8c9147.BTP_CI_CD_Deployment_CAPM-postgres-deployer#flowable-async-job-executor-thread-16216#
[PollExecuteTaskStatusExecution] c49c6f4e-6a21-4cf0-9f92-c125a8dc9d83 [2026-04-13T19:07:02.218339] 'YXR0bGUwggEiMA0GCSqGSIb3DQEBAQUAA4IBDwAwggEKAoIBAQDu9H7TBeGoDzMr\n' + (STDOUT, APP/TASK/deploy-to-postgresql)#
#2026 04 13 19:07:04.699#Z#DEBUG#be2d3d37-376b-11f1-938a-eeee0a8c9147.BTP_CI_CD_Deployment_CAPM-postgres-deployer#flowable-async-job-executor-thread-16216#
[PollExecuteTaskStatusExecution] c49c6f4e-6a21-4cf0-9f92-c125a8dc9d83 [2026-04-13T19:07:02.218342] 'dxN6H8COntJX4IR6dbyhnj5qMD4xl/IWvp50lt0VpmMd+z2PNZzx8RazeGC5IniV\n' + (STDOUT, APP/TASK/deploy-to-postgresql)#
#2026 04 13 19:07:04.699#Z#DEBUG#be2d3d37-376b-11f1-938a-eeee0a8c9147.BTP_CI_CD_Deployment_CAPM-postgres-deployer#flowable-async-job-executor-thread-16216#
[PollExecuteTaskStatusExecution] c49c6f4e-6a21-4cf0-9f92-c125a8dc9d83 [2026-04-13T19:07:02.218344] '5nrLg0AKWRQ2A/lGGXbUrGXCSe09brMQCxWBSIYe1WZZ1iU1IJ/6Bp4D2YEHpXrW\n' + (STDOUT, APP/TASK/deploy-to-postgresql)#
#2026 04 13 19:07:04.699#Z#DEBUG#be2d3d37-376b-11f1-938a-eeee0a8c9147.BTP_CI_CD_Deployment_CAPM-postgres-deployer#flowable-async-job-executor-thread-16216#
[PollExecuteTaskStatusExecution] c49c6f4e-6a21-4cf0-9f92-c125a8dc9d83 [2026-04-13T19:07:02.218347] 'bPkOq5x3YPcsoitgm1Xh8ygz6vb7PsvJvPbvRMnkDg5IqEThapPjmKb8ZJWyEFEE\n' + (STDOUT, APP/TASK/deploy-to-postgresql)#
#2026 04 13 19:07:04.699#Z#DEBUG#be2d3d37-376b-11f1-938a-eeee0a8c9147.BTP_CI_CD_Deployment_CAPM-postgres-deployer#flowable-async-job-executor-thread-16216#
[PollExecuteTaskStatusExecution] c49c6f4e-6a21-4cf0-9f92-c125a8dc9d83 [2026-04-13T19:07:02.218350] 'QRrkCIRueB1EqQtJw0fvP4PKDlCJAKBEs/y049FoOqYpT3pRy0WKqPhWve+hScMd\n' + (STDOUT, APP/TASK/deploy-to-postgresql)#
#2026 04 13 19:07:04.699#Z#DEBUG#be2d3d37-376b-11f1-938a-eeee0a8c9147.BTP_CI_CD_Deployment_CAPM-postgres-deployer#flowable-async-job-executor-thread-16216#
[PollExecuteTaskStatusExecution] c49c6f4e-6a21-4cf0-9f92-c125a8dc9d83 [2026-04-13T19:07:02.218378] '6obq8kxTFy1IHACjHc51nrGII5Bt76/MpTWhnJIJrCnq1/Uc3Qs8IVeb+sLaFC8K\n' + (STDOUT, APP/TASK/deploy-to-postgresql)#
#2026 04 13 19:07:04.699#Z#DEBUG#be2d3d37-376b-11f1-938a-eeee0a8c9147.BTP_CI_CD_Deployment_CAPM-postgres-deployer#flowable-async-job-executor-thread-16216#
[PollExecuteTaskStatusExecution] c49c6f4e-6a21-4cf0-9f92-c125a8dc9d83 [2026-04-13T19:07:02.218381] 'DI69Sw6bAgMBAAGjQjBAMA8GA1UdEwEB/wQFMAMBAf8wHQYDVR0OBBYEFE7PCopt\n' + (STDOUT, APP/TASK/deploy-to-postgresql)#
#2026 04 13 19:07:04.699#Z#DEBUG#be2d3d37-376b-11f1-938a-eeee0a8c9147.BTP_CI_CD_Deployment_CAPM-postgres-deployer#flowable-async-job-executor-thread-16216#
[PollExecuteTaskStatusExecution] c49c6f4e-6a21-4cf0-9f92-c125a8dc9d83 [2026-04-13T19:07:02.218384] 'lyOgtXX0Y1lObBUxuKaCMA4GA1UdDwEB/wQEAwIBhjANBgkqhkiG9w0BAQsFAAOC\n' + (STDOUT, APP/TASK/deploy-to-postgresql)#
#2026 04 13 19:07:04.699#Z#DEBUG#be2d3d37-376b-11f1-938a-eeee0a8c9147.BTP_CI_CD_Deployment_CAPM-postgres-deployer#flowable-async-job-executor-thread-16216#
[PollExecuteTaskStatusExecution] c49c6f4e-6a21-4cf0-9f92-c125a8dc9d83 [2026-04-13T19:07:02.218386] 'AQEAFj+bX8gLmMNefr5jRJfHjrL3iuZCjf7YEZgn89pS4z8408mjj9z6Q5D1H7yS\n' + (STDOUT, APP/TASK/deploy-to-postgresql)#
#2026 04 13 19:07:04.699#Z#DEBUG#be2d3d37-376b-11f1-938a-eeee0a8c9147.BTP_CI_CD_Deployment_CAPM-postgres-deployer#flowable-async-job-executor-thread-16216#
[PollExecuteTaskStatusExecution] c49c6f4e-6a21-4cf0-9f92-c125a8dc9d83 [2026-04-13T19:07:02.218390] 'jNETVV8QaJip1qyhh5gRzRaArgGAYvi2/r0zPsy+Tgf7v1KGL5Lh8NT8iCEGGXwF\n' + (STDOUT, APP/TASK/deploy-to-postgresql)#
#2026 04 13 19:07:04.699#Z#DEBUG#be2d3d37-376b-11f1-938a-eeee0a8c9147.BTP_CI_CD_Deployment_CAPM-postgres-deployer#flowable-async-job-executor-thread-16216#
[PollExecuteTaskStatusExecution] c49c6f4e-6a21-4cf0-9f92-c125a8dc9d83 [2026-04-13T19:07:02.218392] 'g3Ir+Nl3e+9XUp0eyyzBIjHtjLBm6yy8rGk9p6OtFDQnKF5OxwbAgip42CD75r/q\n' + (STDOUT, APP/TASK/deploy-to-postgresql)#
#2026 04 13 19:07:04.699#Z#DEBUG#be2d3d37-376b-11f1-938a-eeee0a8c9147.BTP_CI_CD_Deployment_CAPM-postgres-deployer#flowable-async-job-executor-thread-16216#
[PollExecuteTaskStatusExecution] c49c6f4e-6a21-4cf0-9f92-c125a8dc9d83 [2026-04-13T19:07:02.218395] 'p421maEDDvvRFR4D+99JZxgAYDBGqRRceUoe16qDzbMvlz0A9paCZFclxeftAxv6\n' + (STDOUT, APP/TASK/deploy-to-postgresql)#
#2026 04 13 19:07:04.699#Z#DEBUG#be2d3d37-376b-11f1-938a-eeee0a8c9147.BTP_CI_CD_Deployment_CAPM-postgres-deployer#flowable-async-job-executor-thread-16216#
[PollExecuteTaskStatusExecution] c49c6f4e-6a21-4cf0-9f92-c125a8dc9d83 [2026-04-13T19:07:02.218397] 'QlR5rItMz/XdzpBJUpYhdzM0gCzAzdQuVO5tjJxmXhkSMcDP+8Q+Uv6FA9k2VpUV\n' + (STDOUT, APP/TASK/deploy-to-postgresql)#
#2026 04 13 19:07:04.699#Z#DEBUG#be2d3d37-376b-11f1-938a-eeee0a8c9147.BTP_CI_CD_Deployment_CAPM-postgres-deployer#flowable-async-job-executor-thread-16216#
[PollExecuteTaskStatusExecution] c49c6f4e-6a21-4cf0-9f92-c125a8dc9d83 [2026-04-13T19:07:02.218400] 'E/O5jgpqUJJ2Hc/5rs9VkAPXeA==\n' + (STDOUT, APP/TASK/deploy-to-postgresql)#
#2026 04 13 19:07:04.699#Z#DEBUG#be2d3d37-376b-11f1-938a-eeee0a8c9147.BTP_CI_CD_Deployment_CAPM-postgres-deployer#flowable-async-job-executor-thread-16216#
[PollExecuteTaskStatusExecution] c49c6f4e-6a21-4cf0-9f92-c125a8dc9d83 [2026-04-13T19:07:02.218402] '-----END CERTIFICATE-----\n' + (STDOUT, APP/TASK/deploy-to-postgresql)#
#2026 04 13 19:07:04.699#Z#DEBUG#be2d3d37-376b-11f1-938a-eeee0a8c9147.BTP_CI_CD_Deployment_CAPM-postgres-deployer#flowable-async-job-executor-thread-16216#
[PollExecuteTaskStatusExecution] c49c6f4e-6a21-4cf0-9f92-c125a8dc9d83 [2026-04-13T19:07:02.218406] '-----BEGIN CERTIFICATE-----\n' + (STDOUT, APP/TASK/deploy-to-postgresql)#
#2026 04 13 19:07:04.699#Z#DEBUG#be2d3d37-376b-11f1-938a-eeee0a8c9147.BTP_CI_CD_Deployment_CAPM-postgres-deployer#flowable-async-job-executor-thread-16216#
[PollExecuteTaskStatusExecution] c49c6f4e-6a21-4cf0-9f92-c125a8dc9d83 [2026-04-13T19:07:02.218409] 'MIIF/jCCA+agAwIBAgIQaRHaEqqacXN20e8zZJtmDDANBgkqhkiG9w0BAQwFADCB\n' + (STDOUT, APP/TASK/deploy-to-postgresql)#
#2026 04 13 19:07:04.699#Z#DEBUG#be2d3d37-376b-11f1-938a-eeee0a8c9147.BTP_CI_CD_Deployment_CAPM-postgres-deployer#flowable-async-job-executor-thread-16216#
[PollExecuteTaskStatusExecution] c49c6f4e-6a21-4cf0-9f92-c125a8dc9d83 [2026-04-13T19:07:02.218434] 'lzELMAkGA1UEBhMCVVMxIjAgBgNVBAoMGUFtYXpvbiBXZWIgU2VydmljZXMsIElu\n' + (STDOUT, APP/TASK/deploy-to-postgresql)#
#2026 04 13 19:07:04.699#Z#DEBUG#be2d3d37-376b-11f1-938a-eeee0a8c9147.BTP_CI_CD_Deployment_CAPM-postgres-deployer#flowable-async-job-executor-thread-16216#
[PollExecuteTaskStatusExecution] c49c6f4e-6a21-4cf0-9f92-c125a8dc9d83 [2026-04-13T19:07:02.218437] 'Yy4xEzARBgNVBAsMCkFtYXpvbiBSRFMxCzAJBgNVBAgMAldBMTAwLgYDVQQDDCdB\n' + (STDOUT, APP/TASK/deploy-to-postgresql)#
#2026 04 13 19:07:04.699#Z#DEBUG#be2d3d37-376b-11f1-938a-eeee0a8c9147.BTP_CI_CD_Deployment_CAPM-postgres-deployer#flowable-async-job-executor-thread-16216#
[PollExecuteTaskStatusExecution] c49c6f4e-6a21-4cf0-9f92-c125a8dc9d83 [2026-04-13T19:07:02.218445] 'bWF6b24gUkRTIHVzLWVhc3QtMSBSb290IENBIFJTQTQwOTYgRzExEDAOBgNVBAcM\n' + (STDOUT, APP/TASK/deploy-to-postgresql)#
#2026 04 13 19:07:04.699#Z#DEBUG#be2d3d37-376b-11f1-938a-eeee0a8c9147.BTP_CI_CD_Deployment_CAPM-postgres-deployer#flowable-async-job-executor-thread-16216#
[PollExecuteTaskStatusExecution] c49c6f4e-6a21-4cf0-9f92-c125a8dc9d83 [2026-04-13T19:07:02.218447] 'B1NlYXR0bGUwIBcNMjEwNTI1MjIzODM1WhgPMjEyMTA1MjUyMzM4MzVaMIGXMQsw\n' + (STDOUT, APP/TASK/deploy-to-postgresql)#
#2026 04 13 19:07:04.699#Z#DEBUG#be2d3d37-376b-11f1-938a-eeee0a8c9147.BTP_CI_CD_Deployment_CAPM-postgres-deployer#flowable-async-job-executor-thread-16216#
[PollExecuteTaskStatusExecution] c49c6f4e-6a21-4cf0-9f92-c125a8dc9d83 [2026-04-13T19:07:02.218450] 'CQYDVQQGEwJVUzEiMCAGA1UECgwZQW1hem9uIFdlYiBTZXJ2aWNlcywgSW5jLjET\n' + (STDOUT, APP/TASK/deploy-to-postgresql)#
#2026 04 13 19:07:04.699#Z#DEBUG#be2d3d37-376b-11f1-938a-eeee0a8c9147.BTP_CI_CD_Deployment_CAPM-postgres-deployer#flowable-async-job-executor-thread-16216#
[PollExecuteTaskStatusExecution] c49c6f4e-6a21-4cf0-9f92-c125a8dc9d83 [2026-04-13T19:07:02.218453] 'MBEGA1UECwwKQW1hem9uIFJEUzELMAkGA1UECAwCV0ExMDAuBgNVBAMMJ0FtYXpv\n' + (STDOUT, APP/TASK/deploy-to-postgresql)#
#2026 04 13 19:07:04.699#Z#DEBUG#be2d3d37-376b-11f1-938a-eeee0a8c9147.BTP_CI_CD_Deployment_CAPM-postgres-deployer#flowable-async-job-executor-thread-16216#
[PollExecuteTaskStatusExecution] c49c6f4e-6a21-4cf0-9f92-c125a8dc9d83 [2026-04-13T19:07:02.218456] 'biBSRFMgdXMtZWFzdC0xIFJvb3QgQ0EgUlNBNDA5NiBHMTEQMA4GA1UEBwwHU2Vh\n' + (STDOUT, APP/TASK/deploy-to-postgresql)#
#2026 04 13 19:07:04.699#Z#DEBUG#be2d3d37-376b-11f1-938a-eeee0a8c9147.BTP_CI_CD_Deployment_CAPM-postgres-deployer#flowable-async-job-executor-thread-16216#
[PollExecuteTaskStatusExecution] c49c6f4e-6a21-4cf0-9f92-c125a8dc9d83 [2026-04-13T19:07:02.218459] 'dHRsZTCCAiIwDQYJKoZIhvcNAQEBBQADggIPADCCAgoCggIBAInfBCaHuvj6Rb5c\n' + (STDOUT, APP/TASK/deploy-to-postgresql)#
#2026 04 13 19:07:04.699#Z#DEBUG#be2d3d37-376b-11f1-938a-eeee0a8c9147.BTP_CI_CD_Deployment_CAPM-postgres-deployer#flowable-async-job-executor-thread-16216#
[PollExecuteTaskStatusExecution] c49c6f4e-6a21-4cf0-9f92-c125a8dc9d83 [2026-04-13T19:07:02.218461] 'L5Wmn1jv2PHtEGMHm+7Z8dYosdwouG8VG2A+BCYCZfij9lIGszrTXkY4O7vnXgru\n' + (STDOUT, APP/TASK/deploy-to-postgresql)#
#2026 04 13 19:07:04.699#Z#DEBUG#be2d3d37-376b-11f1-938a-eeee0a8c9147.BTP_CI_CD_Deployment_CAPM-postgres-deployer#flowable-async-job-executor-thread-16216#
[PollExecuteTaskStatusExecution] c49c6f4e-6a21-4cf0-9f92-c125a8dc9d83 [2026-04-13T19:07:02.218463] 'JUNdxh0Q3M83p4X+bg+gODUs3jf+Z3Oeq7nTOk/2UYvQLcxP4FEXILxDInbQFcIx\n' + (STDOUT, APP/TASK/deploy-to-postgresql)#
#2026 04 13 19:07:04.699#Z#DEBUG#be2d3d37-376b-11f1-938a-eeee0a8c9147.BTP_CI_CD_Deployment_CAPM-postgres-deployer#flowable-async-job-executor-thread-16216#
[PollExecuteTaskStatusExecution] c49c6f4e-6a21-4cf0-9f92-c125a8dc9d83 [2026-04-13T19:07:02.218466] 'yen1ESHggGrjEodgn6nbKQNRfIhjhW+TKYaewfsVWH7EF2pfj+cjbJ6njjgZ0/M9\n' + (STDOUT, APP/TASK/deploy-to-postgresql)#
#2026 04 13 19:07:04.699#Z#DEBUG#be2d3d37-376b-11f1-938a-eeee0a8c9147.BTP_CI_CD_Deployment_CAPM-postgres-deployer#flowable-async-job-executor-thread-16216#
[PollExecuteTaskStatusExecution] c49c6f4e-6a21-4cf0-9f92-c125a8dc9d83 [2026-04-13T19:07:02.218469] 'VZifJFBgat6XUTOf3jwHwkCBh7T6rDpgy19A61laImJCQhdTnHKvzTpxcxiLRh69\n' + (STDOUT, APP/TASK/deploy-to-postgresql)#
#2026 04 13 19:07:04.699#Z#DEBUG#be2d3d37-376b-11f1-938a-eeee0a8c9147.BTP_CI_CD_Deployment_CAPM-postgres-deployer#flowable-async-job-executor-thread-16216#
[PollExecuteTaskStatusExecution] c49c6f4e-6a21-4cf0-9f92-c125a8dc9d83 [2026-04-13T19:07:02.218472] 'ZObypR7W04OAUmFS88V7IotlPmCL8xf7kwxG+gQfvx31+A9IDMsiTqJ1Cc4fYEKg\n' + (STDOUT, APP/TASK/deploy-to-postgresql)#
#2026 04 13 19:07:04.699#Z#DEBUG#be2d3d37-376b-11f1-938a-eeee0a8c9147.BTP_CI_CD_Deployment_CAPM-postgres-deployer#flowable-async-job-executor-thread-16216#
[PollExecuteTaskStatusExecution] c49c6f4e-6a21-4cf0-9f92-c125a8dc9d83 [2026-04-13T19:07:02.218475] 'bL+Vo+2Ii4W2esCTGVYmHm73drznfeKwL+kmIC/Bq+DrZ+veTqKFYwSkpHRyJCEe\n' + (STDOUT, APP/TASK/deploy-to-postgresql)#
#2026 04 13 19:07:04.699#Z#DEBUG#be2d3d37-376b-11f1-938a-eeee0a8c9147.BTP_CI_CD_Deployment_CAPM-postgres-deployer#flowable-async-job-executor-thread-16216#
[PollExecuteTaskStatusExecution] c49c6f4e-6a21-4cf0-9f92-c125a8dc9d83 [2026-04-13T19:07:02.218477] 'U4Zym6POqQ/4LBSKwDUhWLJIlq99bjKX+hNTJykB+Lbcx0ScOP4IAZQoxmDxGWxN\n' + (STDOUT, APP/TASK/deploy-to-postgresql)#
#2026 04 13 19:07:04.699#Z#DEBUG#be2d3d37-376b-11f1-938a-eeee0a8c9147.BTP_CI_CD_Deployment_CAPM-postgres-deployer#flowable-async-job-executor-thread-16216#
[PollExecuteTaskStatusExecution] c49c6f4e-6a21-4cf0-9f92-c125a8dc9d83 [2026-04-13T19:07:02.218480] 'S+lQj+Cx2pwU3S/7+OxlRndZAX/FKgk7xSMkg88HykUZaZ/ozIiqJqSnGpgXCtED\n' + (STDOUT, APP/TASK/deploy-to-postgresql)#
#2026 04 13 19:07:04.699#Z#DEBUG#be2d3d37-376b-11f1-938a-eeee0a8c9147.BTP_CI_CD_Deployment_CAPM-postgres-deployer#flowable-async-job-executor-thread-16216#
[PollExecuteTaskStatusExecution] c49c6f4e-6a21-4cf0-9f92-c125a8dc9d83 [2026-04-13T19:07:02.218485] 'oQ4OJw5ozAr+/wudOawaMwUWQl5asD8fuy/hl5S1nv9XxIc842QJOtJFxhyeMIXt\n' + (STDOUT, APP/TASK/deploy-to-postgresql)#
#2026 04 13 19:07:04.699#Z#DEBUG#be2d3d37-376b-11f1-938a-eeee0a8c9147.BTP_CI_CD_Deployment_CAPM-postgres-deployer#flowable-async-job-executor-thread-16216#
[PollExecuteTaskStatusExecution] c49c6f4e-6a21-4cf0-9f92-c125a8dc9d83 [2026-04-13T19:07:02.218487] 'LVECVw/dPekhMjS3Zo3wwRgYbnKG7YXXT5WMxJEnHu8+cYpMiRClzq2BEP6/MtI2\n' + (STDOUT, APP/TASK/deploy-to-postgresql)#
#2026 04 13 19:07:04.699#Z#DEBUG#be2d3d37-376b-11f1-938a-eeee0a8c9147.BTP_CI_CD_Deployment_CAPM-postgres-deployer#flowable-async-job-executor-thread-16216#
[PollExecuteTaskStatusExecution] c49c6f4e-6a21-4cf0-9f92-c125a8dc9d83 [2026-04-13T19:07:02.218490] 'AZQQUFu2yFjRGL2OZA6IYjxnXYiRAgMBAAGjQjBAMA8GA1UdEwEB/wQFMAMBAf8w\n' + (STDOUT, APP/TASK/deploy-to-postgresql)#
#2026 04 13 19:07:04.699#Z#DEBUG#be2d3d37-376b-11f1-938a-eeee0a8c9147.BTP_CI_CD_Deployment_CAPM-postgres-deployer#flowable-async-job-executor-thread-16216#
[PollExecuteTaskStatusExecution] c49c6f4e-6a21-4cf0-9f92-c125a8dc9d83 [2026-04-13T19:07:02.218492] 'HQYDVR0OBBYEFADCcQCPX2HmkqQcmuHfiQ2jjqnrMA4GA1UdDwEB/wQEAwIBhjAN\n' + (STDOUT, APP/TASK/deploy-to-postgresql)#
#2026 04 13 19:07:04.699#Z#DEBUG#be2d3d37-376b-11f1-938a-eeee0a8c9147.BTP_CI_CD_Deployment_CAPM-postgres-deployer#flowable-async-job-executor-thread-16216#
[PollExecuteTaskStatusExecution] c49c6f4e-6a21-4cf0-9f92-c125a8dc9d83 [2026-04-13T19:07:02.218495] 'BgkqhkiG9w0BAQwFAAOCAgEASXkGQ2eUmudIKPeOIF7RBryCoPmMOsqP0+1qxF8l\n' + (STDOUT, APP/TASK/deploy-to-postgresql)#
#2026 04 13 19:07:04.699#Z#DEBUG#be2d3d37-376b-11f1-938a-eeee0a8c9147.BTP_CI_CD_Deployment_CAPM-postgres-deployer#flowable-async-job-executor-thread-16216#
[PollExecuteTaskStatusExecution] c49c6f4e-6a21-4cf0-9f92-c125a8dc9d83 [2026-04-13T19:07:02.218497] 'pGkwmrgNDGpmd9s0ArfIVBTc1jmpgB3oiRW9c6n2OmwBKL4UPuQ8O3KwSP0iD2sZ\n' + (STDOUT, APP/TASK/deploy-to-postgresql)#
#2026 04 13 19:07:04.699#Z#DEBUG#be2d3d37-376b-11f1-938a-eeee0a8c9147.BTP_CI_CD_Deployment_CAPM-postgres-deployer#flowable-async-job-executor-thread-16216#
[PollExecuteTaskStatusExecution] c49c6f4e-6a21-4cf0-9f92-c125a8dc9d83 [2026-04-13T19:07:02.218500] 'KMXoMEyphCEzW1I2GRvYDugL3Z9MWrnHkoaoH2l8YyTYvszTvdgxBPpM2x4pSkp+\n' + (STDOUT, APP/TASK/deploy-to-postgresql)#
#2026 04 13 19:07:04.699#Z#DEBUG#be2d3d37-376b-11f1-938a-eeee0a8c9147.BTP_CI_CD_Deployment_CAPM-postgres-deployer#flowable-async-job-executor-thread-16216#
[PollExecuteTaskStatusExecution] c49c6f4e-6a21-4cf0-9f92-c125a8dc9d83 [2026-04-13T19:07:02.218502] '76d4/eRpJ5mVuQ93nC+YG0wXCxSq63hX4kyZgPxgCdAA+qgFfKIGyNqUIqWgeyTP\n' + (STDOUT, APP/TASK/deploy-to-postgresql)#
#2026 04 13 19:07:04.699#Z#DEBUG#be2d3d37-376b-11f1-938a-eeee0a8c9147.BTP_CI_CD_Deployment_CAPM-postgres-deployer#flowable-async-job-executor-thread-16216#
[PollExecuteTaskStatusExecution] c49c6f4e-6a21-4cf0-9f92-c125a8dc9d83 [2026-04-13T19:07:02.218504] 'n5OgKaboYk2141Rf2hGMD3/hsGm0rrJh7g3C0ZirPws3eeJfulvAOIy2IZzqHUSY\n' + (STDOUT, APP/TASK/deploy-to-postgresql)#
#2026 04 13 19:07:04.699#Z#DEBUG#be2d3d37-376b-11f1-938a-eeee0a8c9147.BTP_CI_CD_Deployment_CAPM-postgres-deployer#flowable-async-job-executor-thread-16216#
[PollExecuteTaskStatusExecution] c49c6f4e-6a21-4cf0-9f92-c125a8dc9d83 [2026-04-13T19:07:02.218506] 'jkFzraz6LEH3IlArT3jUPvWKqvh2lJWnnp56aqxBR7qHH5voD49UpJWY1K0BjGnS\n' + (STDOUT, APP/TASK/deploy-to-postgresql)#
#2026 04 13 19:07:04.699#Z#DEBUG#be2d3d37-376b-11f1-938a-eeee0a8c9147.BTP_CI_CD_Deployment_CAPM-postgres-deployer#flowable-async-job-executor-thread-16216#
[PollExecuteTaskStatusExecution] c49c6f4e-6a21-4cf0-9f92-c125a8dc9d83 [2026-04-13T19:07:02.218510] 'OHcurpp0Yt/BIs4VZeWdCZwI7JaSeDcPMaMDBvND3Ia5Fga0thgYQTG6dE+N5fgF\n' + (STDOUT, APP/TASK/deploy-to-postgresql)#
#2026 04 13 19:07:04.699#Z#DEBUG#be2d3d37-376b-11f1-938a-eeee0a8c9147.BTP_CI_CD_Deployment_CAPM-postgres-deployer#flowable-async-job-executor-thread-16216#
[PollExecuteTaskStatusExecution] c49c6f4e-6a21-4cf0-9f92-c125a8dc9d83 [2026-04-13T19:07:02.218512] 'z+hRaujXO2nb0LmddVyvE8prYlWRMuYFv+Co8hcMdJ0lEZlfVNu0jbm9/GmwAZ+l\n' + (STDOUT, APP/TASK/deploy-to-postgresql)#
#2026 04 13 19:07:04.699#Z#DEBUG#be2d3d37-376b-11f1-938a-eeee0a8c9147.BTP_CI_CD_Deployment_CAPM-postgres-deployer#flowable-async-job-executor-thread-16216#
[PollExecuteTaskStatusExecution] c49c6f4e-6a21-4cf0-9f92-c125a8dc9d83 [2026-04-13T19:07:02.218514] '9umeYO9yz/uC7edC8XJBglMAKUmVK9wNtOckUWAcCfnPWYLbYa/PqtXBYcxrso5j\n' + (STDOUT, APP/TASK/deploy-to-postgresql)#
#2026 04 13 19:07:04.699#Z#DEBUG#be2d3d37-376b-11f1-938a-eeee0a8c9147.BTP_CI_CD_Deployment_CAPM-postgres-deployer#flowable-async-job-executor-thread-16216#
[PollExecuteTaskStatusExecution] c49c6f4e-6a21-4cf0-9f92-c125a8dc9d83 [2026-04-13T19:07:02.218517] 'iaS/A7iEW51uteHBGrViCy1afGG+hiUWwFlesli+Rq4dNstX3h6h2baWABaAxEVJ\n' + (STDOUT, APP/TASK/deploy-to-postgresql)#
#2026 04 13 19:07:04.699#Z#DEBUG#be2d3d37-376b-11f1-938a-eeee0a8c9147.BTP_CI_CD_Deployment_CAPM-postgres-deployer#flowable-async-job-executor-thread-16216#
[PollExecuteTaskStatusExecution] c49c6f4e-6a21-4cf0-9f92-c125a8dc9d83 [2026-04-13T19:07:02.218520] 'y1RnTQSz6mROT1VmZSgSVO37rgIyY0Hf0872ogcTS+FfvXgBxCxsNWEbiQ/XXva4\n' + (STDOUT, APP/TASK/deploy-to-postgresql)#
#2026 04 13 19:07:04.699#Z#DEBUG#be2d3d37-376b-11f1-938a-eeee0a8c9147.BTP_CI_CD_Deployment_CAPM-postgres-deployer#flowable-async-job-executor-thread-16216#
[PollExecuteTaskStatusExecution] c49c6f4e-6a21-4cf0-9f92-c125a8dc9d83 [2026-04-13T19:07:02.218522] '0Ws=\n' + (STDOUT, APP/TASK/deploy-to-postgresql)#
#2026 04 13 19:07:04.699#Z#DEBUG#be2d3d37-376b-11f1-938a-eeee0a8c9147.BTP_CI_CD_Deployment_CAPM-postgres-deployer#flowable-async-job-executor-thread-16216#
[PollExecuteTaskStatusExecution] c49c6f4e-6a21-4cf0-9f92-c125a8dc9d83 [2026-04-13T19:07:02.218525] '-----END CERTIFICATE-----\n' + (STDOUT, APP/TASK/deploy-to-postgresql)#
#2026 04 13 19:07:04.699#Z#DEBUG#be2d3d37-376b-11f1-938a-eeee0a8c9147.BTP_CI_CD_Deployment_CAPM-postgres-deployer#flowable-async-job-executor-thread-16216#
[PollExecuteTaskStatusExecution] c49c6f4e-6a21-4cf0-9f92-c125a8dc9d83 [2026-04-13T19:07:02.218530] '-----BEGIN CERTIFICATE-----\n' + (STDOUT, APP/TASK/deploy-to-postgresql)#
#2026 04 13 19:07:04.699#Z#DEBUG#be2d3d37-376b-11f1-938a-eeee0a8c9147.BTP_CI_CD_Deployment_CAPM-postgres-deployer#flowable-async-job-executor-thread-16216#
[PollExecuteTaskStatusExecution] c49c6f4e-6a21-4cf0-9f92-c125a8dc9d83 [2026-04-13T19:07:02.218532] 'MIICrjCCAjSgAwIBAgIRAPAlEk8VJPmEzVRRaWvTh2AwCgYIKoZIzj0EAwMwgZYx\n' + (STDOUT, APP/TASK/deploy-to-postgresql)#
#2026 04 13 19:07:04.699#Z#DEBUG#be2d3d37-376b-11f1-938a-eeee0a8c9147.BTP_CI_CD_Deployment_CAPM-postgres-deployer#flowable-async-job-executor-thread-16216#
[PollExecuteTaskStatusExecution] c49c6f4e-6a21-4cf0-9f92-c125a8dc9d83 [2026-04-13T19:07:02.218535] 'CzAJBgNVBAYTAlVTMSIwIAYDVQQKDBlBbWF6b24gV2ViIFNlcnZpY2VzLCBJbmMu\n' + (STDOUT, APP/TASK/deploy-to-postgresql)#
#2026 04 13 19:07:04.699#Z#DEBUG#be2d3d37-376b-11f1-938a-eeee0a8c9147.BTP_CI_CD_Deployment_CAPM-postgres-deployer#flowable-async-job-executor-thread-16216#
[PollExecuteTaskStatusExecution] c49c6f4e-6a21-4cf0-9f92-c125a8dc9d83 [2026-04-13T19:07:02.218537] 'MRMwEQYDVQQLDApBbWF6b24gUkRTMQswCQYDVQQIDAJXQTEvMC0GA1UEAwwmQW1h\n' + (STDOUT, APP/TASK/deploy-to-postgresql)#
#2026 04 13 19:07:04.700#Z#DEBUG#be2d3d37-376b-11f1-938a-eeee0a8c9147.BTP_CI_CD_Deployment_CAPM-postgres-deployer#flowable-async-job-executor-thread-16216#
[PollExecuteTaskStatusExecution] c49c6f4e-6a21-4cf0-9f92-c125a8dc9d83 [2026-04-13T19:07:02.218539] 'em9uIFJEUyB1cy1lYXN0LTEgUm9vdCBDQSBFQ0MzODQgRzExEDAOBgNVBAcMB1Nl\n' + (STDOUT, APP/TASK/deploy-to-postgresql)#
#2026 04 13 19:07:04.700#Z#DEBUG#be2d3d37-376b-11f1-938a-eeee0a8c9147.BTP_CI_CD_Deployment_CAPM-postgres-deployer#flowable-async-job-executor-thread-16216#
[PollExecuteTaskStatusExecution] c49c6f4e-6a21-4cf0-9f92-c125a8dc9d83 [2026-04-13T19:07:02.218542] 'YXR0bGUwIBcNMjEwNTI1MjI0MTU1WhgPMjEyMTA1MjUyMzQxNTVaMIGWMQswCQYD\n' + (STDOUT, APP/TASK/deploy-to-postgresql)#
#2026 04 13 19:07:04.700#Z#DEBUG#be2d3d37-376b-11f1-938a-eeee0a8c9147.BTP_CI_CD_Deployment_CAPM-postgres-deployer#flowable-async-job-executor-thread-16216#
[PollExecuteTaskStatusExecution] c49c6f4e-6a21-4cf0-9f92-c125a8dc9d83 [2026-04-13T19:07:02.218545] 'VQQGEwJVUzEiMCAGA1UECgwZQW1hem9uIFdlYiBTZXJ2aWNlcywgSW5jLjETMBEG\n' + (STDOUT, APP/TASK/deploy-to-postgresql)#
#2026 04 13 19:07:04.700#Z#DEBUG#be2d3d37-376b-11f1-938a-eeee0a8c9147.BTP_CI_CD_Deployment_CAPM-postgres-deployer#flowable-async-job-executor-thread-16216#
[PollExecuteTaskStatusExecution] c49c6f4e-6a21-4cf0-9f92-c125a8dc9d83 [2026-04-13T19:07:02.218548] 'A1UECwwKQW1hem9uIFJEUzELMAkGA1UECAwCV0ExLzAtBgNVBAMMJkFtYXpvbiBS\n' + (STDOUT, APP/TASK/deploy-to-postgresql)#
#2026 04 13 19:07:04.700#Z#DEBUG#be2d3d37-376b-11f1-938a-eeee0a8c9147.BTP_CI_CD_Deployment_CAPM-postgres-deployer#flowable-async-job-executor-thread-16216#
[PollExecuteTaskStatusExecution] c49c6f4e-6a21-4cf0-9f92-c125a8dc9d83 [2026-04-13T19:07:02.218551] 'RFMgdXMtZWFzdC0xIFJvb3QgQ0EgRUNDMzg0IEcxMRAwDgYDVQQHDAdTZWF0dGxl\n' + (STDOUT, APP/TASK/deploy-to-postgresql)#
#2026 04 13 19:07:04.700#Z#DEBUG#be2d3d37-376b-11f1-938a-eeee0a8c9147.BTP_CI_CD_Deployment_CAPM-postgres-deployer#flowable-async-job-executor-thread-16216#
[PollExecuteTaskStatusExecution] c49c6f4e-6a21-4cf0-9f92-c125a8dc9d83 [2026-04-13T19:07:02.218553] 'MHYwEAYHKoZIzj0CAQYFK4EEACIDYgAEx5xjrup8II4HOJw15NTnS3H5yMrQGlbj\n' + (STDOUT, APP/TASK/deploy-to-postgresql)#
#2026 04 13 19:07:04.700#Z#DEBUG#be2d3d37-376b-11f1-938a-eeee0a8c9147.BTP_CI_CD_Deployment_CAPM-postgres-deployer#flowable-async-job-executor-thread-16216#
[PollExecuteTaskStatusExecution] c49c6f4e-6a21-4cf0-9f92-c125a8dc9d83 [2026-04-13T19:07:02.218555] 'EDA5MMGnE9DmHp5dACIxmPXPMe/99nO7wNdl7G71OYPCgEvWm0FhdvVUeTb3LVnV\n' + (STDOUT, APP/TASK/deploy-to-postgresql)#
#2026 04 13 19:07:04.700#Z#DEBUG#be2d3d37-376b-11f1-938a-eeee0a8c9147.BTP_CI_CD_Deployment_CAPM-postgres-deployer#flowable-async-job-executor-thread-16216#
[PollExecuteTaskStatusExecution] c49c6f4e-6a21-4cf0-9f92-c125a8dc9d83 [2026-04-13T19:07:02.218559] 'BnaXt32Ek7/oxGk1T+Df03C+W0vmuJ+wo0IwQDAPBgNVHRMBAf8EBTADAQH/MB0G\n' + (STDOUT, APP/TASK/deploy-to-postgresql)#
#2026 04 13 19:07:04.700#Z#DEBUG#be2d3d37-376b-11f1-938a-eeee0a8c9147.BTP_CI_CD_Deployment_CAPM-postgres-deployer#flowable-async-job-executor-thread-16216#
[PollExecuteTaskStatusExecution] c49c6f4e-6a21-4cf0-9f92-c125a8dc9d83 [2026-04-13T19:07:02.218561] 'A1UdDgQWBBTGXmqBWN/1tkSea4pNw0oHrjk2UDAOBgNVHQ8BAf8EBAMCAYYwCgYI\n' + (STDOUT, APP/TASK/deploy-to-postgresql)#
#2026 04 13 19:07:04.700#Z#DEBUG#be2d3d37-376b-11f1-938a-eeee0a8c9147.BTP_CI_CD_Deployment_CAPM-postgres-deployer#flowable-async-job-executor-thread-16216#
[PollExecuteTaskStatusExecution] c49c6f4e-6a21-4cf0-9f92-c125a8dc9d83 [2026-04-13T19:07:02.218564] 'KoZIzj0EAwMDaAAwZQIxAIqqZWCSrIkZ7zsv/FygtAusW6yvlL935YAWYPVXU30m\n' + (STDOUT, APP/TASK/deploy-to-postgresql)#
#2026 04 13 19:07:04.700#Z#DEBUG#be2d3d37-376b-11f1-938a-eeee0a8c9147.BTP_CI_CD_Deployment_CAPM-postgres-deployer#flowable-async-job-executor-thread-16216#
[PollExecuteTaskStatusExecution] c49c6f4e-6a21-4cf0-9f92-c125a8dc9d83 [2026-04-13T19:07:02.218566] 'jkMFLM+/RJ9GMvnO8jHfCgIwB+whlkcItzE9CRQ6CsMo/d5cEHDUu/QW6jSIh9BR\n' + (STDOUT, APP/TASK/deploy-to-postgresql)#
#2026 04 13 19:07:04.700#Z#DEBUG#be2d3d37-376b-11f1-938a-eeee0a8c9147.BTP_CI_CD_Deployment_CAPM-postgres-deployer#flowable-async-job-executor-thread-16216#
[PollExecuteTaskStatusExecution] c49c6f4e-6a21-4cf0-9f92-c125a8dc9d83 [2026-04-13T19:07:02.218568] 'OGh9pTYPVkUbBiKPA7lVVhre\n' + (STDOUT, APP/TASK/deploy-to-postgresql)#
#2026 04 13 19:07:04.700#Z#DEBUG#be2d3d37-376b-11f1-938a-eeee0a8c9147.BTP_CI_CD_Deployment_CAPM-postgres-deployer#flowable-async-job-executor-thread-16216#
[PollExecuteTaskStatusExecution] c49c6f4e-6a21-4cf0-9f92-c125a8dc9d83 [2026-04-13T19:07:02.218571] '-----END CERTIFICATE-----\n' (STDOUT, APP/TASK/deploy-to-postgresql)#
#2026 04 13 19:07:04.700#Z#DEBUG#be2d3d37-376b-11f1-938a-eeee0a8c9147.BTP_CI_CD_Deployment_CAPM-postgres-deployer#flowable-async-job-executor-thread-16216#
[PollExecuteTaskStatusExecution] c49c6f4e-6a21-4cf0-9f92-c125a8dc9d83 [2026-04-13T19:07:02.218573] } (STDOUT, APP/TASK/deploy-to-postgresql)#
#2026 04 13 19:07:04.700#Z#DEBUG#be2d3d37-376b-11f1-938a-eeee0a8c9147.BTP_CI_CD_Deployment_CAPM-postgres-deployer#flowable-async-job-executor-thread-16216#
[PollExecuteTaskStatusExecution] c49c6f4e-6a21-4cf0-9f92-c125a8dc9d83 [2026-04-13T19:07:02.218575] } {} (STDOUT, APP/TASK/deploy-to-postgresql)#
#2026 04 13 19:07:04.700#Z#DEBUG#be2d3d37-376b-11f1-938a-eeee0a8c9147.BTP_CI_CD_Deployment_CAPM-postgres-deployer#flowable-async-job-executor-thread-16216#
[PollExecuteTaskStatusExecution] c49c6f4e-6a21-4cf0-9f92-c125a8dc9d83 [2026-04-13T19:07:02.781324] /> deployment to postgres-ba329acb-cb7e-475c-b74a-6a3daa78372b.cqryblsdrbcs.us-east-1.rds.amazonaws.com:6137 failed (STDOUT, APP/TASK/deploy-to-postgresql)#
#2026 04 13 19:07:04.700#Z#DEBUG#be2d3d37-376b-11f1-938a-eeee0a8c9147.BTP_CI_CD_Deployment_CAPM-postgres-deployer#flowable-async-job-executor-thread-16216#
[PollExecuteTaskStatusExecution] c49c6f4e-6a21-4cf0-9f92-c125a8dc9d83 [2026-04-13T19:07:02.784713] Error: CDS compilation failed (@sap/cds-compiler v6.8.0) (STDERR, APP/TASK/deploy-to-postgresql)#
#2026 04 13 19:07:04.700#Z#DEBUG#be2d3d37-376b-11f1-938a-eeee0a8c9147.BTP_CI_CD_Deployment_CAPM-postgres-deployer#flowable-async-job-executor-thread-16216#
[PollExecuteTaskStatusExecution] c49c6f4e-6a21-4cf0-9f92-c125a8dc9d83 [2026-04-13T19:07:02.784735] db/csn.json:4: Error: Dropping elements is not supported (in entity:“com.sap.GitDeployment.Project”/element:“projectName”) (STDERR, APP/TASK/deploy-to-postgresql)#
#2026 04 13 19:07:04.700#Z#DEBUG#be2d3d37-376b-11f1-938a-eeee0a8c9147.BTP_CI_CD_Deployment_CAPM-postgres-deployer#flowable-async-job-executor-thread-16216#
[PollExecuteTaskStatusExecution] c49c6f4e-6a21-4cf0-9f92-c125a8dc9d83 [2026-04-13T19:07:02.784740] at throwWithAnyError (/home/vcap/app/node_modules/@sap/cds-compiler/lib/base/messages.js:587:13) (STDERR, APP/TASK/deploy-to-postgresql)#
#2026 04 13 19:07:04.700#Z#DEBUG#be2d3d37-376b-11f1-938a-eeee0a8c9147.BTP_CI_CD_Deployment_CAPM-postgres-deployer#flowable-async-job-executor-thread-16216#
[PollExecuteTaskStatusExecution] c49c6f4e-6a21-4cf0-9f92-c125a8dc9d83 [2026-04-13T19:07:02.784747] at Proxy.toSqlDdl (/home/vcap/app/node_modules/@sap/cds-compiler/lib/render/toSql.js:311:3) (STDERR, APP/TASK/deploy-to-postgresql)#
#2026 04 13 19:07:04.700#Z#DEBUG#be2d3d37-376b-11f1-938a-eeee0a8c9147.BTP_CI_CD_Deployment_CAPM-postgres-deployer#flowable-async-job-executor-thread-16216#
[PollExecuteTaskStatusExecution] c49c6f4e-6a21-4cf0-9f92-c125a8dc9d83 [2026-04-13T19:07:02.784750] at sqlMigration (/home/vcap/app/node_modules/@sap/cds-compiler/lib/api/main.js:599:13) (STDERR, APP/TASK/deploy-to-postgresql)#
#2026 04 13 19:07:04.700#Z#DEBUG#be2d3d37-376b-11f1-938a-eeee0a8c9147.BTP_CI_CD_Deployment_CAPM-postgres-deployer#flowable-async-job-executor-thread-16216#
[PollExecuteTaskStatusExecution] c49c6f4e-6a21-4cf0-9f92-c125a8dc9d83 [2026-04-13T19:07:02.784753] at Function.api [as migration] (/home/vcap/app/node_modules/@sap/cds-compiler/lib/api/main.js:1178:22) (STDERR, APP/TASK/deploy-to-postgresql)#
#2026 04 13 19:07:04.700#Z#DEBUG#be2d3d37-376b-11f1-938a-eeee0a8c9147.BTP_CI_CD_Deployment_CAPM-postgres-deployer#flowable-async-job-executor-thread-16216#
[PollExecuteTaskStatusExecution] c49c6f4e-6a21-4cf0-9f92-c125a8dc9d83 [2026-04-13T19:07:02.784756] at Function.migration (/home/vcap/app/node_modules/@sap/cds-compiler/lib/main.js:147:41) (STDERR, APP/TASK/deploy-to-postgresql)#
#2026 04 13 19:07:04.700#Z#DEBUG#be2d3d37-376b-11f1-938a-eeee0a8c9147.BTP_CI_CD_Deployment_CAPM-postgres-deployer#flowable-async-job-executor-thread-16216#
[PollExecuteTaskStatusExecution] c49c6f4e-6a21-4cf0-9f92-c125a8dc9d83 [2026-04-13T19:07:02.784758] at Object.deltaSql (/home/vcap/app/node_modules/@sap/cds/lib/compile/cdsc.js:165:53) (STDERR, APP/TASK/deploy-to-postgresql)#
#2026 04 13 19:07:04.700#Z#DEBUG#be2d3d37-376b-11f1-938a-eeee0a8c9147.BTP_CI_CD_Deployment_CAPM-postgres-deployer#flowable-async-job-executor-thread-16216#
[PollExecuteTaskStatusExecution] c49c6f4e-6a21-4cf0-9f92-c125a8dc9d83 [2026-04-13T19:07:02.784762] at /home/vcap/app/node_modules/@sap/cds/lib/compile/to/sql.js:38:61 (STDERR, APP/TASK/deploy-to-postgresql)#
#2026 04 13 19:07:04.700#Z#DEBUG#be2d3d37-376b-11f1-938a-eeee0a8c9147.BTP_CI_CD_Deployment_CAPM-postgres-deployer#flowable-async-job-executor-thread-16216#
[PollExecuteTaskStatusExecution] c49c6f4e-6a21-4cf0-9f92-c125a8dc9d83 [2026-04-13T19:07:02.784764] at next (/home/vcap/app/node_modules/@sap/cds/lib/compile/to/sql.js:44:4) (STDERR, APP/TASK/deploy-to-postgresql)#
#2026 04 13 19:07:04.700#Z#DEBUG#be2d3d37-376b-11f1-938a-eeee0a8c9147.BTP_CI_CD_Deployment_CAPM-postgres-deployer#flowable-async-job-executor-thread-16216#
[PollExecuteTaskStatusExecution] c49c6f4e-6a21-4cf0-9f92-c125a8dc9d83 [2026-04-13T19:07:02.784768] at Function.cds_compile_to_deltaSql [as delta] (/home/vcap/app/node_modules/@sap/cds/lib/compile/to/sql.js:46:21) (STDERR, APP/TASK/deploy-to-postgresql)#
#2026 04 13 19:07:04.700#Z#DEBUG#be2d3d37-376b-11f1-938a-eeee0a8c9147.BTP_CI_CD_Deployment_CAPM-postgres-deployer#flowable-async-job-executor-thread-16216#
[PollExecuteTaskStatusExecution] c49c6f4e-6a21-4cf0-9f92-c125a8dc9d83 [2026-04-13T19:07:02.784770] at deploy.schema (/home/vcap/app/node_modules/@sap/cds/lib/dbs/cds-deploy.js:75:75) (STDERR, APP/TASK/deploy-to-postgresql)#
#2026 04 13 19:07:04.700#Z#DEBUG#be2d3d37-376b-11f1-938a-eeee0a8c9147.BTP_CI_CD_Deployment_CAPM-postgres-deployer#flowable-async-job-executor-thread-16216#
[PollExecuteTaskStatusExecution] c49c6f4e-6a21-4cf0-9f92-c125a8dc9d83 [2026-04-13T19:07:02.826816] npm notice (STDERR, APP/TASK/deploy-to-postgresql)#
#2026 04 13 19:07:04.700#Z#DEBUG#be2d3d37-376b-11f1-938a-eeee0a8c9147.BTP_CI_CD_Deployment_CAPM-postgres-deployer#flowable-async-job-executor-thread-16216#
[PollExecuteTaskStatusExecution] c49c6f4e-6a21-4cf0-9f92-c125a8dc9d83 [2026-04-13T19:07:02.826844] npm notice New major version of npm available! 10.9.4 -> 11.12.1 (STDERR, APP/TASK/deploy-to-postgresql)#
#2026 04 13 19:07:04.700#Z#DEBUG#be2d3d37-376b-11f1-938a-eeee0a8c9147.BTP_CI_CD_Deployment_CAPM-postgres-deployer#flowable-async-job-executor-thread-16216#
[PollExecuteTaskStatusExecution] c49c6f4e-6a21-4cf0-9f92-c125a8dc9d83 [2026-04-13T19:07:02.826849] npm notice Changelog: https://github.com/npm/cli/releases/tag/v11.12.1 (STDERR, APP/TASK/deploy-to-postgresql)#
#2026 04 13 19:07:04.700#Z#DEBUG#be2d3d37-376b-11f1-938a-eeee0a8c9147.BTP_CI_CD_Deployment_CAPM-postgres-deployer#flowable-async-job-executor-thread-16216#
[PollExecuteTaskStatusExecution] c49c6f4e-6a21-4cf0-9f92-c125a8dc9d83 [2026-04-13T19:07:02.826852] npm notice To update run: npm install -g npm@11.12.1 (STDERR, APP/TASK/deploy-to-postgresql)#
#2026 04 13 19:07:04.700#Z#DEBUG#be2d3d37-376b-11f1-938a-eeee0a8c9147.BTP_CI_CD_Deployment_CAPM-postgres-deployer#flowable-async-job-executor-thread-16216#
[PollExecuteTaskStatusExecution] c49c6f4e-6a21-4cf0-9f92-c125a8dc9d83 [2026-04-13T19:07:02.826855] npm notice (STDERR, APP/TASK/deploy-to-postgresql)#
#2026 04 13 19:07:04.700#Z#DEBUG#be2d3d37-376b-11f1-938a-eeee0a8c9147.BTP_CI_CD_Deployment_CAPM-postgres-deployer#flowable-async-job-executor-thread-16216#
[PollExecuteTaskStatusExecution] c49c6f4e-6a21-4cf0-9f92-c125a8dc9d83 [2026-04-13T19:07:02.915823] Exit status 1 (STDOUT, APP/TASK/deploy-to-postgresql)#
#2026 04 13 19:07:04.700#Z#DEBUG#be2d3d37-376b-11f1-938a-eeee0a8c9147.BTP_CI_CD_Deployment_CAPM-postgres-deployer#flowable-async-job-executor-thread-16216#
[PollExecuteTaskStatusExecution] c49c6f4e-6a21-4cf0-9f92-c125a8dc9d83 [2026-04-13T19:07:03.716493] Cell 684caff8-89cd-492b-be01-b3d0835f1763 stopping instance 61946480-7c1e-46cb-8861-09d9be2a1338 (STDOUT, CELL)#
#2026 04 13 19:07:04.700#Z#DEBUG#be2d3d37-376b-11f1-938a-eeee0a8c9147.BTP_CI_CD_Deployment_CAPM-postgres-deployer#flowable-async-job-executor-thread-16216#
[PollExecuteTaskStatusExecution] c49c6f4e-6a21-4cf0-9f92-c125a8dc9d83 [2026-04-13T19:07:03.716544] Cell 684caff8-89cd-492b-be01-b3d0835f1763 destroying container for instance 61946480-7c1e-46cb-8861-09d9be2a1338 (STDOUT, CELL)#
#2026 04 13 19:07:14.841#Z#DEBUG#be2d3d37-376b-11f1-938a-eeee0a8c9147.BTP_CI_CD_Deployment_CAPM-postgres-deployer#flowable-async-job-executor-thread-20382#
[PollExecuteTaskStatusExecution] c49c6f4e-6a21-4cf0-9f92-c125a8dc9d83 [2026-04-13T19:05:44.570395] Updated app with guid c49c6f4e-6a21-4cf0-9f92-c125a8dc9d83 ({"lifecycle"=>{"data"=>{"buildpacks"=>["nodejs_buildpack"]}, "type"=>"buildpack"}}) (STDOUT, API)#
#2026 04 13 19:07:14.841#Z#DEBUG#be2d3d37-376b-11f1-938a-eeee0a8c9147.BTP_CI_CD_Deployment_CAPM-postgres-deployer#flowable-async-job-executor-thread-20382#
[PollExecuteTaskStatusExecution] c49c6f4e-6a21-4cf0-9f92-c125a8dc9d83 [2026-04-13T19:05:44.671872] Updating process: "web" (STDOUT, API)#
#2026 04 13 19:07:14.841#Z#DEBUG#be2d3d37-376b-11f1-938a-eeee0a8c9147.BTP_CI_CD_Deployment_CAPM-postgres-deployer#flowable-async-job-executor-thread-20382#
[PollExecuteTaskStatusExecution] c49c6f4e-6a21-4cf0-9f92-c125a8dc9d83 [2026-04-13T19:06:14.765926] Uploading app package for app with guid c49c6f4e-6a21-4cf0-9f92-c125a8dc9d83 (STDOUT, API)#
#2026 04 13 19:07:14.841#Z#DEBUG#be2d3d37-376b-11f1-938a-eeee0a8c9147.BTP_CI_CD_Deployment_CAPM-postgres-deployer#flowable-async-job-executor-thread-20382#
[PollExecuteTaskStatusExecution] c49c6f4e-6a21-4cf0-9f92-c125a8dc9d83 [2026-04-13T19:06:15.022943] Updated app with guid c49c6f4e-6a21-4cf0-9f92-c125a8dc9d83 ({"environment_variables"=>"[PRIVATE DATA HIDDEN]"}) (STDOUT, API)#
#2026 04 13 19:07:14.841#Z#DEBUG#be2d3d37-376b-11f1-938a-eeee0a8c9147.BTP_CI_CD_Deployment_CAPM-postgres-deployer#flowable-async-job-executor-thread-20382#
[PollExecuteTaskStatusExecution] c49c6f4e-6a21-4cf0-9f92-c125a8dc9d83 [2026-04-13T19:06:24.646109] Creating build for app with guid c49c6f4e-6a21-4cf0-9f92-c125a8dc9d83 (STDOUT, API)#
#2026 04 13 19:07:14.841#Z#DEBUG#be2d3d37-376b-11f1-938a-eeee0a8c9147.BTP_CI_CD_Deployment_CAPM-postgres-deployer#flowable-async-job-executor-thread-20382#
[PollExecuteTaskStatusExecution] c49c6f4e-6a21-4cf0-9f92-c125a8dc9d83 [2026-04-13T19:06:25.071039] Downloading nodejs_buildpack... (STDOUT, STG)#
#2026 04 13 19:07:14.841#Z#DEBUG#be2d3d37-376b-11f1-938a-eeee0a8c9147.BTP_CI_CD_Deployment_CAPM-postgres-deployer#flowable-async-job-executor-thread-20382#
[PollExecuteTaskStatusExecution] c49c6f4e-6a21-4cf0-9f92-c125a8dc9d83 [2026-04-13T19:06:25.124347] Downloaded nodejs_buildpack (STDOUT, STG)#
#2026 04 13 19:07:14.841#Z#DEBUG#be2d3d37-376b-11f1-938a-eeee0a8c9147.BTP_CI_CD_Deployment_CAPM-postgres-deployer#flowable-async-job-executor-thread-20382#
[PollExecuteTaskStatusExecution] c49c6f4e-6a21-4cf0-9f92-c125a8dc9d83 [2026-04-13T19:06:25.124439] Cell 684caff8-89cd-492b-be01-b3d0835f1763 creating container for instance 520dd5bf-9e73-4cd2-81ae-ff4728adf795 (STDOUT, STG)#
#2026 04 13 19:07:14.841#Z#DEBUG#be2d3d37-376b-11f1-938a-eeee0a8c9147.BTP_CI_CD_Deployment_CAPM-postgres-deployer#flowable-async-job-executor-thread-20382#
[PollExecuteTaskStatusExecution] c49c6f4e-6a21-4cf0-9f92-c125a8dc9d83 [2026-04-13T19:06:25.979951] Security group rules were updated (STDOUT, STG)#
#2026 04 13 19:07:14.841#Z#DEBUG#be2d3d37-376b-11f1-938a-eeee0a8c9147.BTP_CI_CD_Deployment_CAPM-postgres-deployer#flowable-async-job-executor-thread-20382#
[PollExecuteTaskStatusExecution] c49c6f4e-6a21-4cf0-9f92-c125a8dc9d83 [2026-04-13T19:06:26.117240] Cell 684caff8-89cd-492b-be01-b3d0835f1763 successfully created container for instance 520dd5bf-9e73-4cd2-81ae-ff4728adf795 (STDOUT, STG)#
#2026 04 13 19:07:14.841#Z#DEBUG#be2d3d37-376b-11f1-938a-eeee0a8c9147.BTP_CI_CD_Deployment_CAPM-postgres-deployer#flowable-async-job-executor-thread-20382#
[PollExecuteTaskStatusExecution] c49c6f4e-6a21-4cf0-9f92-c125a8dc9d83 [2026-04-13T19:06:26.767236] Downloading app package... (STDOUT, STG)#
#2026 04 13 19:07:14.841#Z#DEBUG#be2d3d37-376b-11f1-938a-eeee0a8c9147.BTP_CI_CD_Deployment_CAPM-postgres-deployer#flowable-async-job-executor-thread-20382#
[PollExecuteTaskStatusExecution] c49c6f4e-6a21-4cf0-9f92-c125a8dc9d83 [2026-04-13T19:06:26.767498] Downloading build artifacts cache... (STDOUT, STG)#
#2026 04 13 19:07:14.841#Z#DEBUG#be2d3d37-376b-11f1-938a-eeee0a8c9147.BTP_CI_CD_Deployment_CAPM-postgres-deployer#flowable-async-job-executor-thread-20382#
[PollExecuteTaskStatusExecution] c49c6f4e-6a21-4cf0-9f92-c125a8dc9d83 [2026-04-13T19:06:26.901910] Downloaded build artifacts cache (223B) (STDOUT, STG)#
#2026 04 13 19:07:14.841#Z#DEBUG#be2d3d37-376b-11f1-938a-eeee0a8c9147.BTP_CI_CD_Deployment_CAPM-postgres-deployer#flowable-async-job-executor-thread-20382#
[PollExecuteTaskStatusExecution] c49c6f4e-6a21-4cf0-9f92-c125a8dc9d83 [2026-04-13T19:06:27.329413] Downloaded app package (2.9M) (STDOUT, STG)#
#2026 04 13 19:07:14.841#Z#DEBUG#be2d3d37-376b-11f1-938a-eeee0a8c9147.BTP_CI_CD_Deployment_CAPM-postgres-deployer#flowable-async-job-executor-thread-20382#
[PollExecuteTaskStatusExecution] c49c6f4e-6a21-4cf0-9f92-c125a8dc9d83 [2026-04-13T19:06:27.464092] -----> Nodejs Buildpack version 1.8.44 (STDOUT, STG)#
#2026 04 13 19:07:14.841#Z#DEBUG#be2d3d37-376b-11f1-938a-eeee0a8c9147.BTP_CI_CD_Deployment_CAPM-postgres-deployer#flowable-async-job-executor-thread-20382#
[PollExecuteTaskStatusExecution] c49c6f4e-6a21-4cf0-9f92-c125a8dc9d83 [2026-04-13T19:06:27.681947] -----> Bootstrapping python (STDOUT, STG)#
#2026 04 13 19:07:14.841#Z#DEBUG#be2d3d37-376b-11f1-938a-eeee0a8c9147.BTP_CI_CD_Deployment_CAPM-postgres-deployer#flowable-async-job-executor-thread-20382#
[PollExecuteTaskStatusExecution] c49c6f4e-6a21-4cf0-9f92-c125a8dc9d83 [2026-04-13T19:06:27.682061] -----> Installing python 3.11.14 (STDOUT, STG)#
#2026 04 13 19:07:14.841#Z#DEBUG#be2d3d37-376b-11f1-938a-eeee0a8c9147.BTP_CI_CD_Deployment_CAPM-postgres-deployer#flowable-async-job-executor-thread-20382#
[PollExecuteTaskStatusExecution] c49c6f4e-6a21-4cf0-9f92-c125a8dc9d83 [2026-04-13T19:06:27.682115] Copy [/tmp/buildpacks/978cee5ec9c58000/dependencies/b5e0345ae0ae1932e7d56fffaa49a487/python_3.11.14_linux_x64_cflinuxfs4_66f53248.tgz] (STDOUT, STG)#
#2026 04 13 19:07:14.841#Z#DEBUG#be2d3d37-376b-11f1-938a-eeee0a8c9147.BTP_CI_CD_Deployment_CAPM-postgres-deployer#flowable-async-job-executor-thread-20382#
[PollExecuteTaskStatusExecution] c49c6f4e-6a21-4cf0-9f92-c125a8dc9d83 [2026-04-13T19:06:32.390012] -----> Installing binaries (STDOUT, STG)#
#2026 04 13 19:07:14.841#Z#DEBUG#be2d3d37-376b-11f1-938a-eeee0a8c9147.BTP_CI_CD_Deployment_CAPM-postgres-deployer#flowable-async-job-executor-thread-20382#
[PollExecuteTaskStatusExecution] c49c6f4e-6a21-4cf0-9f92-c125a8dc9d83 [2026-04-13T19:06:32.390269] engines.node (package.json): unspecified (STDOUT, STG)#
#2026 04 13 19:07:14.841#Z#DEBUG#be2d3d37-376b-11f1-938a-eeee0a8c9147.BTP_CI_CD_Deployment_CAPM-postgres-deployer#flowable-async-job-executor-thread-20382#
[PollExecuteTaskStatusExecution] c49c6f4e-6a21-4cf0-9f92-c125a8dc9d83 [2026-04-13T19:06:32.390348] engines.npm (package.json): unspecified (use default) (STDOUT, STG)#
#2026 04 13 19:07:14.841#Z#DEBUG#be2d3d37-376b-11f1-938a-eeee0a8c9147.BTP_CI_CD_Deployment_CAPM-postgres-deployer#flowable-async-job-executor-thread-20382#
[PollExecuteTaskStatusExecution] c49c6f4e-6a21-4cf0-9f92-c125a8dc9d83 [2026-04-13T19:06:32.390459] [31;1m**WARNING**[0m Node version not specified in package.json or .nvmrc. See: http://docs.cloudfoundry.org/buildpacks/node/node-tips.html (STDOUT, STG)#
#2026 04 13 19:07:14.841#Z#DEBUG#be2d3d37-376b-11f1-938a-eeee0a8c9147.BTP_CI_CD_Deployment_CAPM-postgres-deployer#flowable-async-job-executor-thread-20382#
[PollExecuteTaskStatusExecution] c49c6f4e-6a21-4cf0-9f92-c125a8dc9d83 [2026-04-13T19:06:32.390555] -----> Installing node 22.22.0 (STDOUT, STG)#
#2026 04 13 19:07:14.841#Z#DEBUG#be2d3d37-376b-11f1-938a-eeee0a8c9147.BTP_CI_CD_Deployment_CAPM-postgres-deployer#flowable-async-job-executor-thread-20382#
[PollExecuteTaskStatusExecution] c49c6f4e-6a21-4cf0-9f92-c125a8dc9d83 [2026-04-13T19:06:32.390992] Copy [/tmp/buildpacks/978cee5ec9c58000/dependencies/65c50d3a8311e7796847437aebc5aebd/node_22.22.0_linux_x64_cflinuxfs4_a73ffe6d.tgz] (STDOUT, STG)#
#2026 04 13 19:07:14.841#Z#DEBUG#be2d3d37-376b-11f1-938a-eeee0a8c9147.BTP_CI_CD_Deployment_CAPM-postgres-deployer#flowable-async-job-executor-thread-20382#
[PollExecuteTaskStatusExecution] c49c6f4e-6a21-4cf0-9f92-c125a8dc9d83 [2026-04-13T19:06:35.225096] Using default npm version: 10.9.4 (STDOUT, STG)#
#2026 04 13 19:07:14.841#Z#DEBUG#be2d3d37-376b-11f1-938a-eeee0a8c9147.BTP_CI_CD_Deployment_CAPM-postgres-deployer#flowable-async-job-executor-thread-20382#
[PollExecuteTaskStatusExecution] c49c6f4e-6a21-4cf0-9f92-c125a8dc9d83 [2026-04-13T19:06:35.225128] -----> Installing yarn 1.22.22 (STDOUT, STG)#
#2026 04 13 19:07:14.841#Z#DEBUG#be2d3d37-376b-11f1-938a-eeee0a8c9147.BTP_CI_CD_Deployment_CAPM-postgres-deployer#flowable-async-job-executor-thread-20382#
[PollExecuteTaskStatusExecution] c49c6f4e-6a21-4cf0-9f92-c125a8dc9d83 [2026-04-13T19:06:35.225494] Copy [/tmp/buildpacks/978cee5ec9c58000/dependencies/e3a39aedd1236924d69cc2d0637a8ed2/yarn_1.22.22_linux_noarch_any-stack_4911d0a6.tgz] (STDOUT, STG)#
#2026 04 13 19:07:14.841#Z#DEBUG#be2d3d37-376b-11f1-938a-eeee0a8c9147.BTP_CI_CD_Deployment_CAPM-postgres-deployer#flowable-async-job-executor-thread-20382#
[PollExecuteTaskStatusExecution] c49c6f4e-6a21-4cf0-9f92-c125a8dc9d83 [2026-04-13T19:06:35.639891] Installed yarn 1.22.22 (STDOUT, STG)#
#2026 04 13 19:07:14.841#Z#DEBUG#be2d3d37-376b-11f1-938a-eeee0a8c9147.BTP_CI_CD_Deployment_CAPM-postgres-deployer#flowable-async-job-executor-thread-20382#
[PollExecuteTaskStatusExecution] c49c6f4e-6a21-4cf0-9f92-c125a8dc9d83 [2026-04-13T19:06:35.639928] -----> Creating runtime environment (STDOUT, STG)#
#2026 04 13 19:07:14.841#Z#DEBUG#be2d3d37-376b-11f1-938a-eeee0a8c9147.BTP_CI_CD_Deployment_CAPM-postgres-deployer#flowable-async-job-executor-thread-20382#
[PollExecuteTaskStatusExecution] c49c6f4e-6a21-4cf0-9f92-c125a8dc9d83 [2026-04-13T19:06:35.642132] NODE_ENV=production (STDOUT, STG)#
#2026 04 13 19:07:14.841#Z#DEBUG#be2d3d37-376b-11f1-938a-eeee0a8c9147.BTP_CI_CD_Deployment_CAPM-postgres-deployer#flowable-async-job-executor-thread-20382#
[PollExecuteTaskStatusExecution] c49c6f4e-6a21-4cf0-9f92-c125a8dc9d83 [2026-04-13T19:06:35.642152] NODE_HOME=/tmp/contents3451037157/deps/0/node (STDOUT, STG)#
#2026 04 13 19:07:14.841#Z#DEBUG#be2d3d37-376b-11f1-938a-eeee0a8c9147.BTP_CI_CD_Deployment_CAPM-postgres-deployer#flowable-async-job-executor-thread-20382#
[PollExecuteTaskStatusExecution] c49c6f4e-6a21-4cf0-9f92-c125a8dc9d83 [2026-04-13T19:06:35.642155] NODE_MODULES_CACHE=true (STDOUT, STG)#
#2026 04 13 19:07:14.841#Z#DEBUG#be2d3d37-376b-11f1-938a-eeee0a8c9147.BTP_CI_CD_Deployment_CAPM-postgres-deployer#flowable-async-job-executor-thread-20382#
[PollExecuteTaskStatusExecution] c49c6f4e-6a21-4cf0-9f92-c125a8dc9d83 [2026-04-13T19:06:35.642157] NODE_VERBOSE=false (STDOUT, STG)#
#2026 04 13 19:07:14.841#Z#DEBUG#be2d3d37-376b-11f1-938a-eeee0a8c9147.BTP_CI_CD_Deployment_CAPM-postgres-deployer#flowable-async-job-executor-thread-20382#
[PollExecuteTaskStatusExecution] c49c6f4e-6a21-4cf0-9f92-c125a8dc9d83 [2026-04-13T19:06:35.642160] NPM_CONFIG_LOGLEVEL=error (STDOUT, STG)#
#2026 04 13 19:07:14.841#Z#DEBUG#be2d3d37-376b-11f1-938a-eeee0a8c9147.BTP_CI_CD_Deployment_CAPM-postgres-deployer#flowable-async-job-executor-thread-20382#
[PollExecuteTaskStatusExecution] c49c6f4e-6a21-4cf0-9f92-c125a8dc9d83 [2026-04-13T19:06:35.642180] NPM_CONFIG_PRODUCTION=true (STDOUT, STG)#
#2026 04 13 19:07:14.841#Z#DEBUG#be2d3d37-376b-11f1-938a-eeee0a8c9147.BTP_CI_CD_Deployment_CAPM-postgres-deployer#flowable-async-job-executor-thread-20382#
[PollExecuteTaskStatusExecution] c49c6f4e-6a21-4cf0-9f92-c125a8dc9d83 [2026-04-13T19:06:35.642295] -----> Building dependencies (STDOUT, STG)#
#2026 04 13 19:07:14.841#Z#DEBUG#be2d3d37-376b-11f1-938a-eeee0a8c9147.BTP_CI_CD_Deployment_CAPM-postgres-deployer#flowable-async-job-executor-thread-20382#
[PollExecuteTaskStatusExecution] c49c6f4e-6a21-4cf0-9f92-c125a8dc9d83 [2026-04-13T19:06:35.642327] Prebuild detected (node_modules already exists) (STDOUT, STG)#
#2026 04 13 19:07:14.841#Z#DEBUG#be2d3d37-376b-11f1-938a-eeee0a8c9147.BTP_CI_CD_Deployment_CAPM-postgres-deployer#flowable-async-job-executor-thread-20382#
[PollExecuteTaskStatusExecution] c49c6f4e-6a21-4cf0-9f92-c125a8dc9d83 [2026-04-13T19:06:35.642390] Rebuilding any native modules (STDOUT, STG)#
#2026 04 13 19:07:14.841#Z#DEBUG#be2d3d37-376b-11f1-938a-eeee0a8c9147.BTP_CI_CD_Deployment_CAPM-postgres-deployer#flowable-async-job-executor-thread-20382#
[PollExecuteTaskStatusExecution] c49c6f4e-6a21-4cf0-9f92-c125a8dc9d83 [2026-04-13T19:06:36.416783] rebuilt dependencies successfully (STDOUT, STG)#
#2026 04 13 19:07:14.841#Z#DEBUG#be2d3d37-376b-11f1-938a-eeee0a8c9147.BTP_CI_CD_Deployment_CAPM-postgres-deployer#flowable-async-job-executor-thread-20382#
[PollExecuteTaskStatusExecution] c49c6f4e-6a21-4cf0-9f92-c125a8dc9d83 [2026-04-13T19:06:36.417891] npm notice (STDOUT, STG)#
#2026 04 13 19:07:14.841#Z#DEBUG#be2d3d37-376b-11f1-938a-eeee0a8c9147.BTP_CI_CD_Deployment_CAPM-postgres-deployer#flowable-async-job-executor-thread-20382#
[PollExecuteTaskStatusExecution] c49c6f4e-6a21-4cf0-9f92-c125a8dc9d83 [2026-04-13T19:06:36.417911] npm notice New major version of npm available! 10.9.4 -> 11.12.1 (STDOUT, STG)#
#2026 04 13 19:07:14.841#Z#DEBUG#be2d3d37-376b-11f1-938a-eeee0a8c9147.BTP_CI_CD_Deployment_CAPM-postgres-deployer#flowable-async-job-executor-thread-20382#
[PollExecuteTaskStatusExecution] c49c6f4e-6a21-4cf0-9f92-c125a8dc9d83 [2026-04-13T19:06:36.417915] npm notice Changelog: https://github.com/npm/cli/releases/tag/v11.12.1 (STDOUT, STG)#
#2026 04 13 19:07:14.841#Z#DEBUG#be2d3d37-376b-11f1-938a-eeee0a8c9147.BTP_CI_CD_Deployment_CAPM-postgres-deployer#flowable-async-job-executor-thread-20382#
[PollExecuteTaskStatusExecution] c49c6f4e-6a21-4cf0-9f92-c125a8dc9d83 [2026-04-13T19:06:36.417919] npm notice To update run: npm install -g npm@11.12.1 (STDOUT, STG)#
#2026 04 13 19:07:14.841#Z#DEBUG#be2d3d37-376b-11f1-938a-eeee0a8c9147.BTP_CI_CD_Deployment_CAPM-postgres-deployer#flowable-async-job-executor-thread-20382#
[PollExecuteTaskStatusExecution] c49c6f4e-6a21-4cf0-9f92-c125a8dc9d83 [2026-04-13T19:06:36.417925] npm notice (STDOUT, STG)#
#2026 04 13 19:07:14.841#Z#DEBUG#be2d3d37-376b-11f1-938a-eeee0a8c9147.BTP_CI_CD_Deployment_CAPM-postgres-deployer#flowable-async-job-executor-thread-20382#
[PollExecuteTaskStatusExecution] c49c6f4e-6a21-4cf0-9f92-c125a8dc9d83 [2026-04-13T19:06:36.492984] Installing any new modules (package.json + package-lock.json) (STDOUT, STG)#
#2026 04 13 19:07:14.841#Z#DEBUG#be2d3d37-376b-11f1-938a-eeee0a8c9147.BTP_CI_CD_Deployment_CAPM-postgres-deployer#flowable-async-job-executor-thread-20382#
[PollExecuteTaskStatusExecution] c49c6f4e-6a21-4cf0-9f92-c125a8dc9d83 [2026-04-13T19:06:37.186007] up to date in 605ms (STDOUT, STG)#
#2026 04 13 19:07:14.841#Z#DEBUG#be2d3d37-376b-11f1-938a-eeee0a8c9147.BTP_CI_CD_Deployment_CAPM-postgres-deployer#flowable-async-job-executor-thread-20382#
[PollExecuteTaskStatusExecution] c49c6f4e-6a21-4cf0-9f92-c125a8dc9d83 [2026-04-13T19:06:37.186224] 23 packages are looking for funding (STDOUT, STG)#
#2026 04 13 19:07:14.841#Z#DEBUG#be2d3d37-376b-11f1-938a-eeee0a8c9147.BTP_CI_CD_Deployment_CAPM-postgres-deployer#flowable-async-job-executor-thread-20382#
[PollExecuteTaskStatusExecution] c49c6f4e-6a21-4cf0-9f92-c125a8dc9d83 [2026-04-13T19:06:37.186244] run `npm fund` for details (STDOUT, STG)#
#2026 04 13 19:07:14.841#Z#DEBUG#be2d3d37-376b-11f1-938a-eeee0a8c9147.BTP_CI_CD_Deployment_CAPM-postgres-deployer#flowable-async-job-executor-thread-20382#
[PollExecuteTaskStatusExecution] c49c6f4e-6a21-4cf0-9f92-c125a8dc9d83 [2026-04-13T19:06:37.983123] Contrast Security no credentials found. Will not write environment files. (STDOUT, STG)#
#2026 04 13 19:07:14.841#Z#DEBUG#be2d3d37-376b-11f1-938a-eeee0a8c9147.BTP_CI_CD_Deployment_CAPM-postgres-deployer#flowable-async-job-executor-thread-20382#
[PollExecuteTaskStatusExecution] c49c6f4e-6a21-4cf0-9f92-c125a8dc9d83 [2026-04-13T19:06:48.612169] Exit status 0 (STDOUT, STG)#
#2026 04 13 19:07:14.841#Z#DEBUG#be2d3d37-376b-11f1-938a-eeee0a8c9147.BTP_CI_CD_Deployment_CAPM-postgres-deployer#flowable-async-job-executor-thread-20382#
[PollExecuteTaskStatusExecution] c49c6f4e-6a21-4cf0-9f92-c125a8dc9d83 [2026-04-13T19:06:48.612216] Uploading droplet, build artifacts cache... (STDOUT, STG)#
#2026 04 13 19:07:14.841#Z#DEBUG#be2d3d37-376b-11f1-938a-eeee0a8c9147.BTP_CI_CD_Deployment_CAPM-postgres-deployer#flowable-async-job-executor-thread-20382#
[PollExecuteTaskStatusExecution] c49c6f4e-6a21-4cf0-9f92-c125a8dc9d83 [2026-04-13T19:06:48.612253] Uploading build artifacts cache... (STDOUT, STG)#
#2026 04 13 19:07:14.841#Z#DEBUG#be2d3d37-376b-11f1-938a-eeee0a8c9147.BTP_CI_CD_Deployment_CAPM-postgres-deployer#flowable-async-job-executor-thread-20382#
[PollExecuteTaskStatusExecution] c49c6f4e-6a21-4cf0-9f92-c125a8dc9d83 [2026-04-13T19:06:48.612376] Uploading droplet... (STDOUT, STG)#
#2026 04 13 19:07:14.841#Z#DEBUG#be2d3d37-376b-11f1-938a-eeee0a8c9147.BTP_CI_CD_Deployment_CAPM-postgres-deployer#flowable-async-job-executor-thread-20382#
[PollExecuteTaskStatusExecution] c49c6f4e-6a21-4cf0-9f92-c125a8dc9d83 [2026-04-13T19:06:48.638406] Uploaded build artifacts cache (225B) (STDOUT, STG)#
#2026 04 13 19:07:14.841#Z#DEBUG#be2d3d37-376b-11f1-938a-eeee0a8c9147.BTP_CI_CD_Deployment_CAPM-postgres-deployer#flowable-async-job-executor-thread-20382#
[PollExecuteTaskStatusExecution] c49c6f4e-6a21-4cf0-9f92-c125a8dc9d83 [2026-04-13T19:06:49.328491] Creating droplet for app with guid c49c6f4e-6a21-4cf0-9f92-c125a8dc9d83 (STDOUT, API)#
#2026 04 13 19:07:14.841#Z#DEBUG#be2d3d37-376b-11f1-938a-eeee0a8c9147.BTP_CI_CD_Deployment_CAPM-postgres-deployer#flowable-async-job-executor-thread-20382#
[PollExecuteTaskStatusExecution] c49c6f4e-6a21-4cf0-9f92-c125a8dc9d83 [2026-04-13T19:06:51.394520] Uploaded droplet (59.3M) (STDOUT, STG)#
#2026 04 13 19:07:14.841#Z#DEBUG#be2d3d37-376b-11f1-938a-eeee0a8c9147.BTP_CI_CD_Deployment_CAPM-postgres-deployer#flowable-async-job-executor-thread-20382#
[PollExecuteTaskStatusExecution] c49c6f4e-6a21-4cf0-9f92-c125a8dc9d83 [2026-04-13T19:06:51.416294] Uploading complete (STDOUT, STG)#
#2026 04 13 19:07:14.841#Z#DEBUG#be2d3d37-376b-11f1-938a-eeee0a8c9147.BTP_CI_CD_Deployment_CAPM-postgres-deployer#flowable-async-job-executor-thread-20382#
[PollExecuteTaskStatusExecution] c49c6f4e-6a21-4cf0-9f92-c125a8dc9d83 [2026-04-13T19:06:52.078736] Cell 684caff8-89cd-492b-be01-b3d0835f1763 stopping instance 520dd5bf-9e73-4cd2-81ae-ff4728adf795 (STDOUT, STG)#
#2026 04 13 19:07:14.841#Z#DEBUG#be2d3d37-376b-11f1-938a-eeee0a8c9147.BTP_CI_CD_Deployment_CAPM-postgres-deployer#flowable-async-job-executor-thread-20382#
[PollExecuteTaskStatusExecution] c49c6f4e-6a21-4cf0-9f92-c125a8dc9d83 [2026-04-13T19:06:52.078782] Cell 684caff8-89cd-492b-be01-b3d0835f1763 destroying container for instance 520dd5bf-9e73-4cd2-81ae-ff4728adf795 (STDOUT, STG)#
#2026 04 13 19:07:14.841#Z#DEBUG#be2d3d37-376b-11f1-938a-eeee0a8c9147.BTP_CI_CD_Deployment_CAPM-postgres-deployer#flowable-async-job-executor-thread-20382#
[PollExecuteTaskStatusExecution] c49c6f4e-6a21-4cf0-9f92-c125a8dc9d83 [2026-04-13T19:06:52.129013] Staging complete for build 520dd5bf-9e73-4cd2-81ae-ff4728adf795 (STDOUT, API)#
#2026 04 13 19:07:14.841#Z#DEBUG#be2d3d37-376b-11f1-938a-eeee0a8c9147.BTP_CI_CD_Deployment_CAPM-postgres-deployer#flowable-async-job-executor-thread-20382#
[PollExecuteTaskStatusExecution] c49c6f4e-6a21-4cf0-9f92-c125a8dc9d83 [2026-04-13T19:06:54.677155] Updated app with guid c49c6f4e-6a21-4cf0-9f92-c125a8dc9d83 ({:droplet_guid=>"66820033-03b0-4088-8b93-547b0f74541b"}) (STDOUT, API)#
#2026 04 13 19:07:14.841#Z#DEBUG#be2d3d37-376b-11f1-938a-eeee0a8c9147.BTP_CI_CD_Deployment_CAPM-postgres-deployer#flowable-async-job-executor-thread-20382#
[PollExecuteTaskStatusExecution] c49c6f4e-6a21-4cf0-9f92-c125a8dc9d83 [2026-04-13T19:06:54.830496] Cell 684caff8-89cd-492b-be01-b3d0835f1763 successfully destroyed container for instance 520dd5bf-9e73-4cd2-81ae-ff4728adf795 (STDOUT, STG)#
#2026 04 13 19:07:14.841#Z#DEBUG#be2d3d37-376b-11f1-938a-eeee0a8c9147.BTP_CI_CD_Deployment_CAPM-postgres-deployer#flowable-async-job-executor-thread-20382#
[PollExecuteTaskStatusExecution] c49c6f4e-6a21-4cf0-9f92-c125a8dc9d83 [2026-04-13T19:06:55.280757] Cell 684caff8-89cd-492b-be01-b3d0835f1763 creating container for instance 61946480-7c1e-46cb-8861-09d9be2a1338 (STDOUT, CELL)#
#2026 04 13 19:07:14.841#Z#DEBUG#be2d3d37-376b-11f1-938a-eeee0a8c9147.BTP_CI_CD_Deployment_CAPM-postgres-deployer#flowable-async-job-executor-thread-20382#
[PollExecuteTaskStatusExecution] c49c6f4e-6a21-4cf0-9f92-c125a8dc9d83 [2026-04-13T19:06:56.321814] Security group rules were updated (STDOUT, CELL)#
#2026 04 13 19:07:14.841#Z#DEBUG#be2d3d37-376b-11f1-938a-eeee0a8c9147.BTP_CI_CD_Deployment_CAPM-postgres-deployer#flowable-async-job-executor-thread-20382#
[PollExecuteTaskStatusExecution] c49c6f4e-6a21-4cf0-9f92-c125a8dc9d83 [2026-04-13T19:06:56.419133] Cell 684caff8-89cd-492b-be01-b3d0835f1763 successfully created container for instance 61946480-7c1e-46cb-8861-09d9be2a1338 (STDOUT, CELL)#
#2026 04 13 19:07:14.841#Z#DEBUG#be2d3d37-376b-11f1-938a-eeee0a8c9147.BTP_CI_CD_Deployment_CAPM-postgres-deployer#flowable-async-job-executor-thread-20382#
[PollExecuteTaskStatusExecution] c49c6f4e-6a21-4cf0-9f92-c125a8dc9d83 [2026-04-13T19:07:01.335776] Invoking pre-start scripts. (STDOUT, APP/TASK/deploy-to-postgresql)#
#2026 04 13 19:07:14.841#Z#DEBUG#be2d3d37-376b-11f1-938a-eeee0a8c9147.BTP_CI_CD_Deployment_CAPM-postgres-deployer#flowable-async-job-executor-thread-20382#
[PollExecuteTaskStatusExecution] c49c6f4e-6a21-4cf0-9f92-c125a8dc9d83 [2026-04-13T19:07:01.566388] Invoking start command. (STDOUT, APP/TASK/deploy-to-postgresql)#
#2026 04 13 19:07:14.841#Z#DEBUG#be2d3d37-376b-11f1-938a-eeee0a8c9147.BTP_CI_CD_Deployment_CAPM-postgres-deployer#flowable-async-job-executor-thread-20382#
[PollExecuteTaskStatusExecution] c49c6f4e-6a21-4cf0-9f92-c125a8dc9d83 [2026-04-13T19:07:02.126870] > start (STDOUT, APP/TASK/deploy-to-postgresql)#
#2026 04 13 19:07:14.841#Z#DEBUG#be2d3d37-376b-11f1-938a-eeee0a8c9147.BTP_CI_CD_Deployment_CAPM-postgres-deployer#flowable-async-job-executor-thread-20382#
[PollExecuteTaskStatusExecution] c49c6f4e-6a21-4cf0-9f92-c125a8dc9d83 [2026-04-13T19:07:02.126896] > cds-deploy (STDOUT, APP/TASK/deploy-to-postgresql)#
#2026 04 13 19:07:14.841#Z#DEBUG#be2d3d37-376b-11f1-938a-eeee0a8c9147.BTP_CI_CD_Deployment_CAPM-postgres-deployer#flowable-async-job-executor-thread-20382#
[PollExecuteTaskStatusExecution] c49c6f4e-6a21-4cf0-9f92-c125a8dc9d83 [2026-04-13T19:07:02.217927] Deploying with options: { (STDOUT, APP/TASK/deploy-to-postgresql)#
#2026 04 13 19:07:14.841#Z#DEBUG#be2d3d37-376b-11f1-938a-eeee0a8c9147.BTP_CI_CD_Deployment_CAPM-postgres-deployer#flowable-async-job-executor-thread-20382#
[PollExecuteTaskStatusExecution] c49c6f4e-6a21-4cf0-9f92-c125a8dc9d83 [2026-04-13T19:07:02.217960] impl: '@cap-js/postgres', (STDOUT, APP/TASK/deploy-to-postgresql)#
#2026 04 13 19:07:14.841#Z#DEBUG#be2d3d37-376b-11f1-938a-eeee0a8c9147.BTP_CI_CD_Deployment_CAPM-postgres-deployer#flowable-async-job-executor-thread-20382#
[PollExecuteTaskStatusExecution] c49c6f4e-6a21-4cf0-9f92-c125a8dc9d83 [2026-04-13T19:07:02.217965] kind: 'postgres', (STDOUT, APP/TASK/deploy-to-postgresql)#
#2026 04 13 19:07:14.841#Z#DEBUG#be2d3d37-376b-11f1-938a-eeee0a8c9147.BTP_CI_CD_Deployment_CAPM-postgres-deployer#flowable-async-job-executor-thread-20382#
[PollExecuteTaskStatusExecution] c49c6f4e-6a21-4cf0-9f92-c125a8dc9d83 [2026-04-13T19:07:02.217972] dialect: 'postgres', (STDOUT, APP/TASK/deploy-to-postgresql)#
#2026 04 13 19:07:14.841#Z#DEBUG#be2d3d37-376b-11f1-938a-eeee0a8c9147.BTP_CI_CD_Deployment_CAPM-postgres-deployer#flowable-async-job-executor-thread-20382#
[PollExecuteTaskStatusExecution] c49c6f4e-6a21-4cf0-9f92-c125a8dc9d83 [2026-04-13T19:07:02.217976] vcap: { label: 'postgresql-db' }, (STDOUT, APP/TASK/deploy-to-postgresql)#
#2026 04 13 19:07:14.841#Z#DEBUG#be2d3d37-376b-11f1-938a-eeee0a8c9147.BTP_CI_CD_Deployment_CAPM-postgres-deployer#flowable-async-job-executor-thread-20382#
[PollExecuteTaskStatusExecution] c49c6f4e-6a21-4cf0-9f92-c125a8dc9d83 [2026-04-13T19:07:02.217982] pool: { (STDOUT, APP/TASK/deploy-to-postgresql)#
#2026 04 13 19:07:14.841#Z#DEBUG#be2d3d37-376b-11f1-938a-eeee0a8c9147.BTP_CI_CD_Deployment_CAPM-postgres-deployer#flowable-async-job-executor-thread-20382#
[PollExecuteTaskStatusExecution] c49c6f4e-6a21-4cf0-9f92-c125a8dc9d83 [2026-04-13T19:07:02.217987] min: 0, (STDOUT, APP/TASK/deploy-to-postgresql)#
#2026 04 13 19:07:14.841#Z#DEBUG#be2d3d37-376b-11f1-938a-eeee0a8c9147.BTP_CI_CD_Deployment_CAPM-postgres-deployer#flowable-async-job-executor-thread-20382#
[PollExecuteTaskStatusExecution] c49c6f4e-6a21-4cf0-9f92-c125a8dc9d83 [2026-04-13T19:07:02.217993] max: 10, (STDOUT, APP/TASK/deploy-to-postgresql)#
#2026 04 13 19:07:14.841#Z#DEBUG#be2d3d37-376b-11f1-938a-eeee0a8c9147.BTP_CI_CD_Deployment_CAPM-postgres-deployer#flowable-async-job-executor-thread-20382#
[PollExecuteTaskStatusExecution] c49c6f4e-6a21-4cf0-9f92-c125a8dc9d83 [2026-04-13T19:07:02.217995] testOnBorrow: true, (STDOUT, APP/TASK/deploy-to-postgresql)#
#2026 04 13 19:07:14.841#Z#DEBUG#be2d3d37-376b-11f1-938a-eeee0a8c9147.BTP_CI_CD_Deployment_CAPM-postgres-deployer#flowable-async-job-executor-thread-20382#
[PollExecuteTaskStatusExecution] c49c6f4e-6a21-4cf0-9f92-c125a8dc9d83 [2026-04-13T19:07:02.217999] acquireTimeoutMillis: 1000, (STDOUT, APP/TASK/deploy-to-postgresql)#
#2026 04 13 19:07:14.841#Z#DEBUG#be2d3d37-376b-11f1-938a-eeee0a8c9147.BTP_CI_CD_Deployment_CAPM-postgres-deployer#flowable-async-job-executor-thread-20382#
[PollExecuteTaskStatusExecution] c49c6f4e-6a21-4cf0-9f92-c125a8dc9d83 [2026-04-13T19:07:02.218001] destroyTimeoutMillis: 1000 (STDOUT, APP/TASK/deploy-to-postgresql)#
#2026 04 13 19:07:14.841#Z#DEBUG#be2d3d37-376b-11f1-938a-eeee0a8c9147.BTP_CI_CD_Deployment_CAPM-postgres-deployer#flowable-async-job-executor-thread-20382#
[PollExecuteTaskStatusExecution] c49c6f4e-6a21-4cf0-9f92-c125a8dc9d83 [2026-04-13T19:07:02.218005] }, (STDOUT, APP/TASK/deploy-to-postgresql)#
#2026 04 13 19:07:14.841#Z#DEBUG#be2d3d37-376b-11f1-938a-eeee0a8c9147.BTP_CI_CD_Deployment_CAPM-postgres-deployer#flowable-async-job-executor-thread-20382#
[PollExecuteTaskStatusExecution] c49c6f4e-6a21-4cf0-9f92-c125a8dc9d83 [2026-04-13T19:07:02.218007] schema_evolution: 'auto', (STDOUT, APP/TASK/deploy-to-postgresql)#
#2026 04 13 19:07:14.841#Z#DEBUG#be2d3d37-376b-11f1-938a-eeee0a8c9147.BTP_CI_CD_Deployment_CAPM-postgres-deployer#flowable-async-job-executor-thread-20382#
[PollExecuteTaskStatusExecution] c49c6f4e-6a21-4cf0-9f92-c125a8dc9d83 [2026-04-13T19:07:02.218010] credentials: { (STDOUT, APP/TASK/deploy-to-postgresql)#
#2026 04 13 19:07:14.841#Z#DEBUG#be2d3d37-376b-11f1-938a-eeee0a8c9147.BTP_CI_CD_Deployment_CAPM-postgres-deployer#flowable-async-job-executor-thread-20382#
[PollExecuteTaskStatusExecution] c49c6f4e-6a21-4cf0-9f92-c125a8dc9d83 [2026-04-13T19:07:02.218013] username: '36c89beec156', (STDOUT, APP/TASK/deploy-to-postgresql)#
#2026 04 13 19:07:14.841#Z#DEBUG#be2d3d37-376b-11f1-938a-eeee0a8c9147.BTP_CI_CD_Deployment_CAPM-postgres-deployer#flowable-async-job-executor-thread-20382#
[PollExecuteTaskStatusExecution] c49c6f4e-6a21-4cf0-9f92-c125a8dc9d83 [2026-04-13T19:07:02.218018] password: '55e6938c7d414f3fb516545d23ad3', (STDOUT, APP/TASK/deploy-to-postgresql)#
#2026 04 13 19:07:14.841#Z#DEBUG#be2d3d37-376b-11f1-938a-eeee0a8c9147.BTP_CI_CD_Deployment_CAPM-postgres-deployer#flowable-async-job-executor-thread-20382#
[PollExecuteTaskStatusExecution] c49c6f4e-6a21-4cf0-9f92-c125a8dc9d83 [2026-04-13T19:07:02.218023] hostname: 'postgres-ba329acb-cb7e-475c-b74a-6a3daa78372b.cqryblsdrbcs.us-east-1.rds.amazonaws.com', (STDOUT, APP/TASK/deploy-to-postgresql)#
#2026 04 13 19:07:14.841#Z#DEBUG#be2d3d37-376b-11f1-938a-eeee0a8c9147.BTP_CI_CD_Deployment_CAPM-postgres-deployer#flowable-async-job-executor-thread-20382#
[PollExecuteTaskStatusExecution] c49c6f4e-6a21-4cf0-9f92-c125a8dc9d83 [2026-04-13T19:07:02.218025] dbname: 'BgEevKumUsMP', (STDOUT, APP/TASK/deploy-to-postgresql)#
#2026 04 13 19:07:14.841#Z#DEBUG#be2d3d37-376b-11f1-938a-eeee0a8c9147.BTP_CI_CD_Deployment_CAPM-postgres-deployer#flowable-async-job-executor-thread-20382#
[PollExecuteTaskStatusExecution] c49c6f4e-6a21-4cf0-9f92-c125a8dc9d83 [2026-04-13T19:07:02.218028] port: '6137', (STDOUT, APP/TASK/deploy-to-postgresql)#
#2026 04 13 19:07:14.841#Z#DEBUG#be2d3d37-376b-11f1-938a-eeee0a8c9147.BTP_CI_CD_Deployment_CAPM-postgres-deployer#flowable-async-job-executor-thread-20382#
[PollExecuteTaskStatusExecution] c49c6f4e-6a21-4cf0-9f92-c125a8dc9d83 [2026-04-13T19:07:02.218035] uri: 'postgres://36c89beec156:55e6938c7d414f3fb516545d23ad3@postgres-ba329acb-cb7e-475c-b74a-6a3daa78372b.cqryblsdrbcs.us-east-1.rds.amazonaws.com:6137/BgEevKumUsMP', (STDOUT, APP/TASK/deploy-to-postgresql)#
#2026 04 13 19:07:14.841#Z#DEBUG#be2d3d37-376b-11f1-938a-eeee0a8c9147.BTP_CI_CD_Deployment_CAPM-postgres-deployer#flowable-async-job-executor-thread-20382#
[PollExecuteTaskStatusExecution] c49c6f4e-6a21-4cf0-9f92-c125a8dc9d83 [2026-04-13T19:07:02.218038] urls: { (STDOUT, APP/TASK/deploy-to-postgresql)#
#2026 04 13 19:07:14.841#Z#DEBUG#be2d3d37-376b-11f1-938a-eeee0a8c9147.BTP_CI_CD_Deployment_CAPM-postgres-deployer#flowable-async-job-executor-thread-20382#
[PollExecuteTaskStatusExecution] c49c6f4e-6a21-4cf0-9f92-c125a8dc9d83 [2026-04-13T19:07:02.218044] api_server: 'https://api-backing-services.us10-001.data.services.cloud.sap' (STDOUT, APP/TASK/deploy-to-postgresql)#
#2026 04 13 19:07:14.841#Z#DEBUG#be2d3d37-376b-11f1-938a-eeee0a8c9147.BTP_CI_CD_Deployment_CAPM-postgres-deployer#flowable-async-job-executor-thread-20382#
[PollExecuteTaskStatusExecution] c49c6f4e-6a21-4cf0-9f92-c125a8dc9d83 [2026-04-13T19:07:02.218051] }, (STDOUT, APP/TASK/deploy-to-postgresql)#
#2026 04 13 19:07:14.841#Z#DEBUG#be2d3d37-376b-11f1-938a-eeee0a8c9147.BTP_CI_CD_Deployment_CAPM-postgres-deployer#flowable-async-job-executor-thread-20382#
[PollExecuteTaskStatusExecution] c49c6f4e-6a21-4cf0-9f92-c125a8dc9d83 [2026-04-13T19:07:02.218054] sslcert: '-----BEGIN CERTIFICATE-----\n' + (STDOUT, APP/TASK/deploy-to-postgresql)#
#2026 04 13 19:07:14.841#Z#DEBUG#be2d3d37-376b-11f1-938a-eeee0a8c9147.BTP_CI_CD_Deployment_CAPM-postgres-deployer#flowable-async-job-executor-thread-20382#
[PollExecuteTaskStatusExecution] c49c6f4e-6a21-4cf0-9f92-c125a8dc9d83 [2026-04-13T19:07:02.218059] 'MIID/zCCAuegAwIBAgIRAPVSMfFitmM5PhmbaOFoGfUwDQYJKoZIhvcNAQELBQAw\n' + (STDOUT, APP/TASK/deploy-to-postgresql)#
#2026 04 13 19:07:14.841#Z#DEBUG#be2d3d37-376b-11f1-938a-eeee0a8c9147.BTP_CI_CD_Deployment_CAPM-postgres-deployer#flowable-async-job-executor-thread-20382#
[PollExecuteTaskStatusExecution] c49c6f4e-6a21-4cf0-9f92-c125a8dc9d83 [2026-04-13T19:07:02.218062] 'gZcxCzAJBgNVBAYTAlVTMSIwIAYDVQQKDBlBbWF6b24gV2ViIFNlcnZpY2VzLCBJ\n' + (STDOUT, APP/TASK/deploy-to-postgresql)#
#2026 04 13 19:07:14.841#Z#DEBUG#be2d3d37-376b-11f1-938a-eeee0a8c9147.BTP_CI_CD_Deployment_CAPM-postgres-deployer#flowable-async-job-executor-thread-20382#
[PollExecuteTaskStatusExecution] c49c6f4e-6a21-4cf0-9f92-c125a8dc9d83 [2026-04-13T19:07:02.218065] 'bmMuMRMwEQYDVQQLDApBbWF6b24gUkRTMQswCQYDVQQIDAJXQTEwMC4GA1UEAwwn\n' + (STDOUT, APP/TASK/deploy-to-postgresql)#
#2026 04 13 19:07:14.841#Z#DEBUG#be2d3d37-376b-11f1-938a-eeee0a8c9147.BTP_CI_CD_Deployment_CAPM-postgres-deployer#flowable-async-job-executor-thread-20382#
[PollExecuteTaskStatusExecution] c49c6f4e-6a21-4cf0-9f92-c125a8dc9d83 [2026-04-13T19:07:02.218067] 'QW1hem9uIFJEUyB1cy1lYXN0LTEgUm9vdCBDQSBSU0EyMDQ4IEcxMRAwDgYDVQQH\n' + (STDOUT, APP/TASK/deploy-to-postgresql)#
#2026 04 13 19:07:14.841#Z#DEBUG#be2d3d37-376b-11f1-938a-eeee0a8c9147.BTP_CI_CD_Deployment_CAPM-postgres-deployer#flowable-async-job-executor-thread-20382#
[PollExecuteTaskStatusExecution] c49c6f4e-6a21-4cf0-9f92-c125a8dc9d83 [2026-04-13T19:07:02.218069] 'DAdTZWF0dGxlMCAXDTIxMDUyNTIyMzQ1N1oYDzIwNjEwNTI1MjMzNDU3WjCBlzEL\n' + (STDOUT, APP/TASK/deploy-to-postgresql)#
#2026 04 13 19:07:14.841#Z#DEBUG#be2d3d37-376b-11f1-938a-eeee0a8c9147.BTP_CI_CD_Deployment_CAPM-postgres-deployer#flowable-async-job-executor-thread-20382#
[PollExecuteTaskStatusExecution] c49c6f4e-6a21-4cf0-9f92-c125a8dc9d83 [2026-04-13T19:07:02.218072] 'MAkGA1UEBhMCVVMxIjAgBgNVBAoMGUFtYXpvbiBXZWIgU2VydmljZXMsIEluYy4x\n' + (STDOUT, APP/TASK/deploy-to-postgresql)#
#2026 04 13 19:07:14.841#Z#DEBUG#be2d3d37-376b-11f1-938a-eeee0a8c9147.BTP_CI_CD_Deployment_CAPM-postgres-deployer#flowable-async-job-executor-thread-20382#
[PollExecuteTaskStatusExecution] c49c6f4e-6a21-4cf0-9f92-c125a8dc9d83 [2026-04-13T19:07:02.218075] 'EzARBgNVBAsMCkFtYXpvbiBSRFMxCzAJBgNVBAgMAldBMTAwLgYDVQQDDCdBbWF6\n' + (STDOUT, APP/TASK/deploy-to-postgresql)#
#2026 04 13 19:07:14.841#Z#DEBUG#be2d3d37-376b-11f1-938a-eeee0a8c9147.BTP_CI_CD_Deployment_CAPM-postgres-deployer#flowable-async-job-executor-thread-20382#
[PollExecuteTaskStatusExecution] c49c6f4e-6a21-4cf0-9f92-c125a8dc9d83 [2026-04-13T19:07:02.218080] 'b24gUkRTIHVzLWVhc3QtMSBSb290IENBIFJTQTIwNDggRzExEDAOBgNVBAcMB1Nl\n' + (STDOUT, APP/TASK/deploy-to-postgresql)#
#2026 04 13 19:07:14.841#Z#DEBUG#be2d3d37-376b-11f1-938a-eeee0a8c9147.BTP_CI_CD_Deployment_CAPM-postgres-deployer#flowable-async-job-executor-thread-20382#
[PollExecuteTaskStatusExecution] c49c6f4e-6a21-4cf0-9f92-c125a8dc9d83 [2026-04-13T19:07:02.218083] 'YXR0bGUwggEiMA0GCSqGSIb3DQEBAQUAA4IBDwAwggEKAoIBAQDu9H7TBeGoDzMr\n' + (STDOUT, APP/TASK/deploy-to-postgresql)#
#2026 04 13 19:07:14.841#Z#DEBUG#be2d3d37-376b-11f1-938a-eeee0a8c9147.BTP_CI_CD_Deployment_CAPM-postgres-deployer#flowable-async-job-executor-thread-20382#
[PollExecuteTaskStatusExecution] c49c6f4e-6a21-4cf0-9f92-c125a8dc9d83 [2026-04-13T19:07:02.218085] 'dxN6H8COntJX4IR6dbyhnj5qMD4xl/IWvp50lt0VpmMd+z2PNZzx8RazeGC5IniV\n' + (STDOUT, APP/TASK/deploy-to-postgresql)#
#2026 04 13 19:07:14.841#Z#DEBUG#be2d3d37-376b-11f1-938a-eeee0a8c9147.BTP_CI_CD_Deployment_CAPM-postgres-deployer#flowable-async-job-executor-thread-20382#
[PollExecuteTaskStatusExecution] c49c6f4e-6a21-4cf0-9f92-c125a8dc9d83 [2026-04-13T19:07:02.218089] '5nrLg0AKWRQ2A/lGGXbUrGXCSe09brMQCxWBSIYe1WZZ1iU1IJ/6Bp4D2YEHpXrW\n' + (STDOUT, APP/TASK/deploy-to-postgresql)#
#2026 04 13 19:07:14.841#Z#DEBUG#be2d3d37-376b-11f1-938a-eeee0a8c9147.BTP_CI_CD_Deployment_CAPM-postgres-deployer#flowable-async-job-executor-thread-20382#
[PollExecuteTaskStatusExecution] c49c6f4e-6a21-4cf0-9f92-c125a8dc9d83 [2026-04-13T19:07:02.218092] 'bPkOq5x3YPcsoitgm1Xh8ygz6vb7PsvJvPbvRMnkDg5IqEThapPjmKb8ZJWyEFEE\n' + (STDOUT, APP/TASK/deploy-to-postgresql)#
#2026 04 13 19:07:14.841#Z#DEBUG#be2d3d37-376b-11f1-938a-eeee0a8c9147.BTP_CI_CD_Deployment_CAPM-postgres-deployer#flowable-async-job-executor-thread-20382#
[PollExecuteTaskStatusExecution] c49c6f4e-6a21-4cf0-9f92-c125a8dc9d83 [2026-04-13T19:07:02.218094] 'QRrkCIRueB1EqQtJw0fvP4PKDlCJAKBEs/y049FoOqYpT3pRy0WKqPhWve+hScMd\n' + (STDOUT, APP/TASK/deploy-to-postgresql)#
#2026 04 13 19:07:14.841#Z#DEBUG#be2d3d37-376b-11f1-938a-eeee0a8c9147.BTP_CI_CD_Deployment_CAPM-postgres-deployer#flowable-async-job-executor-thread-20382#
[PollExecuteTaskStatusExecution] c49c6f4e-6a21-4cf0-9f92-c125a8dc9d83 [2026-04-13T19:07:02.218097] '6obq8kxTFy1IHACjHc51nrGII5Bt76/MpTWhnJIJrCnq1/Uc3Qs8IVeb+sLaFC8K\n' + (STDOUT, APP/TASK/deploy-to-postgresql)#
#2026 04 13 19:07:14.841#Z#DEBUG#be2d3d37-376b-11f1-938a-eeee0a8c9147.BTP_CI_CD_Deployment_CAPM-postgres-deployer#flowable-async-job-executor-thread-20382#
[PollExecuteTaskStatusExecution] c49c6f4e-6a21-4cf0-9f92-c125a8dc9d83 [2026-04-13T19:07:02.218100] 'DI69Sw6bAgMBAAGjQjBAMA8GA1UdEwEB/wQFMAMBAf8wHQYDVR0OBBYEFE7PCopt\n' + (STDOUT, APP/TASK/deploy-to-postgresql)#
#2026 04 13 19:07:14.841#Z#DEBUG#be2d3d37-376b-11f1-938a-eeee0a8c9147.BTP_CI_CD_Deployment_CAPM-postgres-deployer#flowable-async-job-executor-thread-20382#
[PollExecuteTaskStatusExecution] c49c6f4e-6a21-4cf0-9f92-c125a8dc9d83 [2026-04-13T19:07:02.218119] 'lyOgtXX0Y1lObBUxuKaCMA4GA1UdDwEB/wQEAwIBhjANBgkqhkiG9w0BAQsFAAOC\n' + (STDOUT, APP/TASK/deploy-to-postgresql)#
#2026 04 13 19:07:14.841#Z#DEBUG#be2d3d37-376b-11f1-938a-eeee0a8c9147.BTP_CI_CD_Deployment_CAPM-postgres-deployer#flowable-async-job-executor-thread-20382#
[PollExecuteTaskStatusExecution] c49c6f4e-6a21-4cf0-9f92-c125a8dc9d83 [2026-04-13T19:07:02.218122] 'AQEAFj+bX8gLmMNefr5jRJfHjrL3iuZCjf7YEZgn89pS4z8408mjj9z6Q5D1H7yS\n' + (STDOUT, APP/TASK/deploy-to-postgresql)#
#2026 04 13 19:07:14.841#Z#DEBUG#be2d3d37-376b-11f1-938a-eeee0a8c9147.BTP_CI_CD_Deployment_CAPM-postgres-deployer#flowable-async-job-executor-thread-20382#
[PollExecuteTaskStatusExecution] c49c6f4e-6a21-4cf0-9f92-c125a8dc9d83 [2026-04-13T19:07:02.218126] 'jNETVV8QaJip1qyhh5gRzRaArgGAYvi2/r0zPsy+Tgf7v1KGL5Lh8NT8iCEGGXwF\n' + (STDOUT, APP/TASK/deploy-to-postgresql)#
#2026 04 13 19:07:14.841#Z#DEBUG#be2d3d37-376b-11f1-938a-eeee0a8c9147.BTP_CI_CD_Deployment_CAPM-postgres-deployer#flowable-async-job-executor-thread-20382#
[PollExecuteTaskStatusExecution] c49c6f4e-6a21-4cf0-9f92-c125a8dc9d83 [2026-04-13T19:07:02.218129] 'g3Ir+Nl3e+9XUp0eyyzBIjHtjLBm6yy8rGk9p6OtFDQnKF5OxwbAgip42CD75r/q\n' + (STDOUT, APP/TASK/deploy-to-postgresql)#
#2026 04 13 19:07:14.841#Z#DEBUG#be2d3d37-376b-11f1-938a-eeee0a8c9147.BTP_CI_CD_Deployment_CAPM-postgres-deployer#flowable-async-job-executor-thread-20382#
[PollExecuteTaskStatusExecution] c49c6f4e-6a21-4cf0-9f92-c125a8dc9d83 [2026-04-13T19:07:02.218133] 'p421maEDDvvRFR4D+99JZxgAYDBGqRRceUoe16qDzbMvlz0A9paCZFclxeftAxv6\n' + (STDOUT, APP/TASK/deploy-to-postgresql)#
#2026 04 13 19:07:14.841#Z#DEBUG#be2d3d37-376b-11f1-938a-eeee0a8c9147.BTP_CI_CD_Deployment_CAPM-postgres-deployer#flowable-async-job-executor-thread-20382#
[PollExecuteTaskStatusExecution] c49c6f4e-6a21-4cf0-9f92-c125a8dc9d83 [2026-04-13T19:07:02.218136] 'QlR5rItMz/XdzpBJUpYhdzM0gCzAzdQuVO5tjJxmXhkSMcDP+8Q+Uv6FA9k2VpUV\n' + (STDOUT, APP/TASK/deploy-to-postgresql)#
#2026 04 13 19:07:14.841#Z#DEBUG#be2d3d37-376b-11f1-938a-eeee0a8c9147.BTP_CI_CD_Deployment_CAPM-postgres-deployer#flowable-async-job-executor-thread-20382#
[PollExecuteTaskStatusExecution] c49c6f4e-6a21-4cf0-9f92-c125a8dc9d83 [2026-04-13T19:07:02.218139] 'E/O5jgpqUJJ2Hc/5rs9VkAPXeA==\n' + (STDOUT, APP/TASK/deploy-to-postgresql)#
#2026 04 13 19:07:14.841#Z#DEBUG#be2d3d37-376b-11f1-938a-eeee0a8c9147.BTP_CI_CD_Deployment_CAPM-postgres-deployer#flowable-async-job-executor-thread-20382#
[PollExecuteTaskStatusExecution] c49c6f4e-6a21-4cf0-9f92-c125a8dc9d83 [2026-04-13T19:07:02.218143] '-----END CERTIFICATE-----\n' + (STDOUT, APP/TASK/deploy-to-postgresql)#
#2026 04 13 19:07:14.841#Z#DEBUG#be2d3d37-376b-11f1-938a-eeee0a8c9147.BTP_CI_CD_Deployment_CAPM-postgres-deployer#flowable-async-job-executor-thread-20382#
[PollExecuteTaskStatusExecution] c49c6f4e-6a21-4cf0-9f92-c125a8dc9d83 [2026-04-13T19:07:02.218146] '-----BEGIN CERTIFICATE-----\n' + (STDOUT, APP/TASK/deploy-to-postgresql)#
#2026 04 13 19:07:14.841#Z#DEBUG#be2d3d37-376b-11f1-938a-eeee0a8c9147.BTP_CI_CD_Deployment_CAPM-postgres-deployer#flowable-async-job-executor-thread-20382#
[PollExecuteTaskStatusExecution] c49c6f4e-6a21-4cf0-9f92-c125a8dc9d83 [2026-04-13T19:07:02.218148] 'MIIF/jCCA+agAwIBAgIQaRHaEqqacXN20e8zZJtmDDANBgkqhkiG9w0BAQwFADCB\n' + (STDOUT, APP/TASK/deploy-to-postgresql)#
#2026 04 13 19:07:14.841#Z#DEBUG#be2d3d37-376b-11f1-938a-eeee0a8c9147.BTP_CI_CD_Deployment_CAPM-postgres-deployer#flowable-async-job-executor-thread-20382#
[PollExecuteTaskStatusExecution] c49c6f4e-6a21-4cf0-9f92-c125a8dc9d83 [2026-04-13T19:07:02.218151] 'lzELMAkGA1UEBhMCVVMxIjAgBgNVBAoMGUFtYXpvbiBXZWIgU2VydmljZXMsIElu\n' + (STDOUT, APP/TASK/deploy-to-postgresql)#
#2026 04 13 19:07:14.841#Z#DEBUG#be2d3d37-376b-11f1-938a-eeee0a8c9147.BTP_CI_CD_Deployment_CAPM-postgres-deployer#flowable-async-job-executor-thread-20382#
[PollExecuteTaskStatusExecution] c49c6f4e-6a21-4cf0-9f92-c125a8dc9d83 [2026-04-13T19:07:02.218153] 'Yy4xEzARBgNVBAsMCkFtYXpvbiBSRFMxCzAJBgNVBAgMAldBMTAwLgYDVQQDDCdB\n' + (STDOUT, APP/TASK/deploy-to-postgresql)#
#2026 04 13 19:07:14.841#Z#DEBUG#be2d3d37-376b-11f1-938a-eeee0a8c9147.BTP_CI_CD_Deployment_CAPM-postgres-deployer#flowable-async-job-executor-thread-20382#
[PollExecuteTaskStatusExecution] c49c6f4e-6a21-4cf0-9f92-c125a8dc9d83 [2026-04-13T19:07:02.218156] 'bWF6b24gUkRTIHVzLWVhc3QtMSBSb290IENBIFJTQTQwOTYgRzExEDAOBgNVBAcM\n' + (STDOUT, APP/TASK/deploy-to-postgresql)#
#2026 04 13 19:07:14.841#Z#DEBUG#be2d3d37-376b-11f1-938a-eeee0a8c9147.BTP_CI_CD_Deployment_CAPM-postgres-deployer#flowable-async-job-executor-thread-20382#
[PollExecuteTaskStatusExecution] c49c6f4e-6a21-4cf0-9f92-c125a8dc9d83 [2026-04-13T19:07:02.218161] 'B1NlYXR0bGUwIBcNMjEwNTI1MjIzODM1WhgPMjEyMTA1MjUyMzM4MzVaMIGXMQsw\n' + (STDOUT, APP/TASK/deploy-to-postgresql)#
#2026 04 13 19:07:14.841#Z#DEBUG#be2d3d37-376b-11f1-938a-eeee0a8c9147.BTP_CI_CD_Deployment_CAPM-postgres-deployer#flowable-async-job-executor-thread-20382#
[PollExecuteTaskStatusExecution] c49c6f4e-6a21-4cf0-9f92-c125a8dc9d83 [2026-04-13T19:07:02.218163] 'CQYDVQQGEwJVUzEiMCAGA1UECgwZQW1hem9uIFdlYiBTZXJ2aWNlcywgSW5jLjET\n' + (STDOUT, APP/TASK/deploy-to-postgresql)#
#2026 04 13 19:07:14.841#Z#DEBUG#be2d3d37-376b-11f1-938a-eeee0a8c9147.BTP_CI_CD_Deployment_CAPM-postgres-deployer#flowable-async-job-executor-thread-20382#
[PollExecuteTaskStatusExecution] c49c6f4e-6a21-4cf0-9f92-c125a8dc9d83 [2026-04-13T19:07:02.218166] 'MBEGA1UECwwKQW1hem9uIFJEUzELMAkGA1UECAwCV0ExMDAuBgNVBAMMJ0FtYXpv\n' + (STDOUT, APP/TASK/deploy-to-postgresql)#
#2026 04 13 19:07:14.841#Z#DEBUG#be2d3d37-376b-11f1-938a-eeee0a8c9147.BTP_CI_CD_Deployment_CAPM-postgres-deployer#flowable-async-job-executor-thread-20382#
[PollExecuteTaskStatusExecution] c49c6f4e-6a21-4cf0-9f92-c125a8dc9d83 [2026-04-13T19:07:02.218170] 'biBSRFMgdXMtZWFzdC0xIFJvb3QgQ0EgUlNBNDA5NiBHMTEQMA4GA1UEBwwHU2Vh\n' + (STDOUT, APP/TASK/deploy-to-postgresql)#
#2026 04 13 19:07:14.841#Z#DEBUG#be2d3d37-376b-11f1-938a-eeee0a8c9147.BTP_CI_CD_Deployment_CAPM-postgres-deployer#flowable-async-job-executor-thread-20382#
[PollExecuteTaskStatusExecution] c49c6f4e-6a21-4cf0-9f92-c125a8dc9d83 [2026-04-13T19:07:02.218172] 'dHRsZTCCAiIwDQYJKoZIhvcNAQEBBQADggIPADCCAgoCggIBAInfBCaHuvj6Rb5c\n' + (STDOUT, APP/TASK/deploy-to-postgresql)#
#2026 04 13 19:07:14.841#Z#DEBUG#be2d3d37-376b-11f1-938a-eeee0a8c9147.BTP_CI_CD_Deployment_CAPM-postgres-deployer#flowable-async-job-executor-thread-20382#
[PollExecuteTaskStatusExecution] c49c6f4e-6a21-4cf0-9f92-c125a8dc9d83 [2026-04-13T19:07:02.218179] 'L5Wmn1jv2PHtEGMHm+7Z8dYosdwouG8VG2A+BCYCZfij9lIGszrTXkY4O7vnXgru\n' + (STDOUT, APP/TASK/deploy-to-postgresql)#
#2026 04 13 19:07:14.841#Z#DEBUG#be2d3d37-376b-11f1-938a-eeee0a8c9147.BTP_CI_CD_Deployment_CAPM-postgres-deployer#flowable-async-job-executor-thread-20382#
[PollExecuteTaskStatusExecution] c49c6f4e-6a21-4cf0-9f92-c125a8dc9d83 [2026-04-13T19:07:02.218182] 'JUNdxh0Q3M83p4X+bg+gODUs3jf+Z3Oeq7nTOk/2UYvQLcxP4FEXILxDInbQFcIx\n' + (STDOUT, APP/TASK/deploy-to-postgresql)#
#2026 04 13 19:07:14.841#Z#DEBUG#be2d3d37-376b-11f1-938a-eeee0a8c9147.BTP_CI_CD_Deployment_CAPM-postgres-deployer#flowable-async-job-executor-thread-20382#
[PollExecuteTaskStatusExecution] c49c6f4e-6a21-4cf0-9f92-c125a8dc9d83 [2026-04-13T19:07:02.218184] 'yen1ESHggGrjEodgn6nbKQNRfIhjhW+TKYaewfsVWH7EF2pfj+cjbJ6njjgZ0/M9\n' + (STDOUT, APP/TASK/deploy-to-postgresql)#
#2026 04 13 19:07:14.841#Z#DEBUG#be2d3d37-376b-11f1-938a-eeee0a8c9147.BTP_CI_CD_Deployment_CAPM-postgres-deployer#flowable-async-job-executor-thread-20382#
[PollExecuteTaskStatusExecution] c49c6f4e-6a21-4cf0-9f92-c125a8dc9d83 [2026-04-13T19:07:02.218190] 'VZifJFBgat6XUTOf3jwHwkCBh7T6rDpgy19A61laImJCQhdTnHKvzTpxcxiLRh69\n' + (STDOUT, APP/TASK/deploy-to-postgresql)#
#2026 04 13 19:07:14.841#Z#DEBUG#be2d3d37-376b-11f1-938a-eeee0a8c9147.BTP_CI_CD_Deployment_CAPM-postgres-deployer#flowable-async-job-executor-thread-20382#
[PollExecuteTaskStatusExecution] c49c6f4e-6a21-4cf0-9f92-c125a8dc9d83 [2026-04-13T19:07:02.218194] 'ZObypR7W04OAUmFS88V7IotlPmCL8xf7kwxG+gQfvx31+A9IDMsiTqJ1Cc4fYEKg\n' + (STDOUT, APP/TASK/deploy-to-postgresql)#
#2026 04 13 19:07:14.841#Z#DEBUG#be2d3d37-376b-11f1-938a-eeee0a8c9147.BTP_CI_CD_Deployment_CAPM-postgres-deployer#flowable-async-job-executor-thread-20382#
[PollExecuteTaskStatusExecution] c49c6f4e-6a21-4cf0-9f92-c125a8dc9d83 [2026-04-13T19:07:02.218197] 'bL+Vo+2Ii4W2esCTGVYmHm73drznfeKwL+kmIC/Bq+DrZ+veTqKFYwSkpHRyJCEe\n' + (STDOUT, APP/TASK/deploy-to-postgresql)#
#2026 04 13 19:07:14.841#Z#DEBUG#be2d3d37-376b-11f1-938a-eeee0a8c9147.BTP_CI_CD_Deployment_CAPM-postgres-deployer#flowable-async-job-executor-thread-20382#
[PollExecuteTaskStatusExecution] c49c6f4e-6a21-4cf0-9f92-c125a8dc9d83 [2026-04-13T19:07:02.218200] 'U4Zym6POqQ/4LBSKwDUhWLJIlq99bjKX+hNTJykB+Lbcx0ScOP4IAZQoxmDxGWxN\n' + (STDOUT, APP/TASK/deploy-to-postgresql)#
#2026 04 13 19:07:14.841#Z#DEBUG#be2d3d37-376b-11f1-938a-eeee0a8c9147.BTP_CI_CD_Deployment_CAPM-postgres-deployer#flowable-async-job-executor-thread-20382#
[PollExecuteTaskStatusExecution] c49c6f4e-6a21-4cf0-9f92-c125a8dc9d83 [2026-04-13T19:07:02.218203] 'S+lQj+Cx2pwU3S/7+OxlRndZAX/FKgk7xSMkg88HykUZaZ/ozIiqJqSnGpgXCtED\n' + (STDOUT, APP/TASK/deploy-to-postgresql)#
#2026 04 13 19:07:14.841#Z#DEBUG#be2d3d37-376b-11f1-938a-eeee0a8c9147.BTP_CI_CD_Deployment_CAPM-postgres-deployer#flowable-async-job-executor-thread-20382#
[PollExecuteTaskStatusExecution] c49c6f4e-6a21-4cf0-9f92-c125a8dc9d83 [2026-04-13T19:07:02.218205] 'oQ4OJw5ozAr+/wudOawaMwUWQl5asD8fuy/hl5S1nv9XxIc842QJOtJFxhyeMIXt\n' + (STDOUT, APP/TASK/deploy-to-postgresql)#
#2026 04 13 19:07:14.841#Z#DEBUG#be2d3d37-376b-11f1-938a-eeee0a8c9147.BTP_CI_CD_Deployment_CAPM-postgres-deployer#flowable-async-job-executor-thread-20382#
[PollExecuteTaskStatusExecution] c49c6f4e-6a21-4cf0-9f92-c125a8dc9d83 [2026-04-13T19:07:02.218208] 'LVECVw/dPekhMjS3Zo3wwRgYbnKG7YXXT5WMxJEnHu8+cYpMiRClzq2BEP6/MtI2\n' + (STDOUT, APP/TASK/deploy-to-postgresql)#
#2026 04 13 19:07:14.841#Z#DEBUG#be2d3d37-376b-11f1-938a-eeee0a8c9147.BTP_CI_CD_Deployment_CAPM-postgres-deployer#flowable-async-job-executor-thread-20382#
[PollExecuteTaskStatusExecution] c49c6f4e-6a21-4cf0-9f92-c125a8dc9d83 [2026-04-13T19:07:02.218221] 'AZQQUFu2yFjRGL2OZA6IYjxnXYiRAgMBAAGjQjBAMA8GA1UdEwEB/wQFMAMBAf8w\n' + (STDOUT, APP/TASK/deploy-to-postgresql)#
#2026 04 13 19:07:14.841#Z#DEBUG#be2d3d37-376b-11f1-938a-eeee0a8c9147.BTP_CI_CD_Deployment_CAPM-postgres-deployer#flowable-async-job-executor-thread-20382#
[PollExecuteTaskStatusExecution] c49c6f4e-6a21-4cf0-9f92-c125a8dc9d83 [2026-04-13T19:07:02.218225] 'HQYDVR0OBBYEFADCcQCPX2HmkqQcmuHfiQ2jjqnrMA4GA1UdDwEB/wQEAwIBhjAN\n' + (STDOUT, APP/TASK/deploy-to-postgresql)#
#2026 04 13 19:07:14.841#Z#DEBUG#be2d3d37-376b-11f1-938a-eeee0a8c9147.BTP_CI_CD_Deployment_CAPM-postgres-deployer#flowable-async-job-executor-thread-20382#
[PollExecuteTaskStatusExecution] c49c6f4e-6a21-4cf0-9f92-c125a8dc9d83 [2026-04-13T19:07:02.218228] 'BgkqhkiG9w0BAQwFAAOCAgEASXkGQ2eUmudIKPeOIF7RBryCoPmMOsqP0+1qxF8l\n' + (STDOUT, APP/TASK/deploy-to-postgresql)#
#2026 04 13 19:07:14.841#Z#DEBUG#be2d3d37-376b-11f1-938a-eeee0a8c9147.BTP_CI_CD_Deployment_CAPM-postgres-deployer#flowable-async-job-executor-thread-20382#
[PollExecuteTaskStatusExecution] c49c6f4e-6a21-4cf0-9f92-c125a8dc9d83 [2026-04-13T19:07:02.218231] 'pGkwmrgNDGpmd9s0ArfIVBTc1jmpgB3oiRW9c6n2OmwBKL4UPuQ8O3KwSP0iD2sZ\n' + (STDOUT, APP/TASK/deploy-to-postgresql)#
#2026 04 13 19:07:14.841#Z#DEBUG#be2d3d37-376b-11f1-938a-eeee0a8c9147.BTP_CI_CD_Deployment_CAPM-postgres-deployer#flowable-async-job-executor-thread-20382#
[PollExecuteTaskStatusExecution] c49c6f4e-6a21-4cf0-9f92-c125a8dc9d83 [2026-04-13T19:07:02.218235] 'KMXoMEyphCEzW1I2GRvYDugL3Z9MWrnHkoaoH2l8YyTYvszTvdgxBPpM2x4pSkp+\n' + (STDOUT, APP/TASK/deploy-to-postgresql)#
#2026 04 13 19:07:14.841#Z#DEBUG#be2d3d37-376b-11f1-938a-eeee0a8c9147.BTP_CI_CD_Deployment_CAPM-postgres-deployer#flowable-async-job-executor-thread-20382#
[PollExecuteTaskStatusExecution] c49c6f4e-6a21-4cf0-9f92-c125a8dc9d83 [2026-04-13T19:07:02.218237] '76d4/eRpJ5mVuQ93nC+YG0wXCxSq63hX4kyZgPxgCdAA+qgFfKIGyNqUIqWgeyTP\n' + (STDOUT, APP/TASK/deploy-to-postgresql)#
#2026 04 13 19:07:14.841#Z#DEBUG#be2d3d37-376b-11f1-938a-eeee0a8c9147.BTP_CI_CD_Deployment_CAPM-postgres-deployer#flowable-async-job-executor-thread-20382#
[PollExecuteTaskStatusExecution] c49c6f4e-6a21-4cf0-9f92-c125a8dc9d83 [2026-04-13T19:07:02.218240] 'n5OgKaboYk2141Rf2hGMD3/hsGm0rrJh7g3C0ZirPws3eeJfulvAOIy2IZzqHUSY\n' + (STDOUT, APP/TASK/deploy-to-postgresql)#
#2026 04 13 19:07:14.841#Z#DEBUG#be2d3d37-376b-11f1-938a-eeee0a8c9147.BTP_CI_CD_Deployment_CAPM-postgres-deployer#flowable-async-job-executor-thread-20382#
[PollExecuteTaskStatusExecution] c49c6f4e-6a21-4cf0-9f92-c125a8dc9d83 [2026-04-13T19:07:02.218242] 'jkFzraz6LEH3IlArT3jUPvWKqvh2lJWnnp56aqxBR7qHH5voD49UpJWY1K0BjGnS\n' + (STDOUT, APP/TASK/deploy-to-postgresql)#
#2026 04 13 19:07:14.841#Z#DEBUG#be2d3d37-376b-11f1-938a-eeee0a8c9147.BTP_CI_CD_Deployment_CAPM-postgres-deployer#flowable-async-job-executor-thread-20382#
[PollExecuteTaskStatusExecution] c49c6f4e-6a21-4cf0-9f92-c125a8dc9d83 [2026-04-13T19:07:02.218244] 'OHcurpp0Yt/BIs4VZeWdCZwI7JaSeDcPMaMDBvND3Ia5Fga0thgYQTG6dE+N5fgF\n' + (STDOUT, APP/TASK/deploy-to-postgresql)#
#2026 04 13 19:07:14.841#Z#DEBUG#be2d3d37-376b-11f1-938a-eeee0a8c9147.BTP_CI_CD_Deployment_CAPM-postgres-deployer#flowable-async-job-executor-thread-20382#
[PollExecuteTaskStatusExecution] c49c6f4e-6a21-4cf0-9f92-c125a8dc9d83 [2026-04-13T19:07:02.218246] 'z+hRaujXO2nb0LmddVyvE8prYlWRMuYFv+Co8hcMdJ0lEZlfVNu0jbm9/GmwAZ+l\n' + (STDOUT, APP/TASK/deploy-to-postgresql)#
#2026 04 13 19:07:14.841#Z#DEBUG#be2d3d37-376b-11f1-938a-eeee0a8c9147.BTP_CI_CD_Deployment_CAPM-postgres-deployer#flowable-async-job-executor-thread-20382#
[PollExecuteTaskStatusExecution] c49c6f4e-6a21-4cf0-9f92-c125a8dc9d83 [2026-04-13T19:07:02.218250] '9umeYO9yz/uC7edC8XJBglMAKUmVK9wNtOckUWAcCfnPWYLbYa/PqtXBYcxrso5j\n' + (STDOUT, APP/TASK/deploy-to-postgresql)#
#2026 04 13 19:07:14.841#Z#DEBUG#be2d3d37-376b-11f1-938a-eeee0a8c9147.BTP_CI_CD_Deployment_CAPM-postgres-deployer#flowable-async-job-executor-thread-20382#
[PollExecuteTaskStatusExecution] c49c6f4e-6a21-4cf0-9f92-c125a8dc9d83 [2026-04-13T19:07:02.218253] 'iaS/A7iEW51uteHBGrViCy1afGG+hiUWwFlesli+Rq4dNstX3h6h2baWABaAxEVJ\n' + (STDOUT, APP/TASK/deploy-to-postgresql)#
#2026 04 13 19:07:14.841#Z#DEBUG#be2d3d37-376b-11f1-938a-eeee0a8c9147.BTP_CI_CD_Deployment_CAPM-postgres-deployer#flowable-async-job-executor-thread-20382#
[PollExecuteTaskStatusExecution] c49c6f4e-6a21-4cf0-9f92-c125a8dc9d83 [2026-04-13T19:07:02.218255] 'y1RnTQSz6mROT1VmZSgSVO37rgIyY0Hf0872ogcTS+FfvXgBxCxsNWEbiQ/XXva4\n' + (STDOUT, APP/TASK/deploy-to-postgresql)#
#2026 04 13 19:07:14.841#Z#DEBUG#be2d3d37-376b-11f1-938a-eeee0a8c9147.BTP_CI_CD_Deployment_CAPM-postgres-deployer#flowable-async-job-executor-thread-20382#
[PollExecuteTaskStatusExecution] c49c6f4e-6a21-4cf0-9f92-c125a8dc9d83 [2026-04-13T19:07:02.218259] '0Ws=\n' + (STDOUT, APP/TASK/deploy-to-postgresql)#
#2026 04 13 19:07:14.841#Z#DEBUG#be2d3d37-376b-11f1-938a-eeee0a8c9147.BTP_CI_CD_Deployment_CAPM-postgres-deployer#flowable-async-job-executor-thread-20382#
[PollExecuteTaskStatusExecution] c49c6f4e-6a21-4cf0-9f92-c125a8dc9d83 [2026-04-13T19:07:02.218262] '-----END CERTIFICATE-----\n' + (STDOUT, APP/TASK/deploy-to-postgresql)#
#2026 04 13 19:07:14.841#Z#DEBUG#be2d3d37-376b-11f1-938a-eeee0a8c9147.BTP_CI_CD_Deployment_CAPM-postgres-deployer#flowable-async-job-executor-thread-20382#
[PollExecuteTaskStatusExecution] c49c6f4e-6a21-4cf0-9f92-c125a8dc9d83 [2026-04-13T19:07:02.218264] '-----BEGIN CERTIFICATE-----\n' + (STDOUT, APP/TASK/deploy-to-postgresql)#
#2026 04 13 19:07:14.841#Z#DEBUG#be2d3d37-376b-11f1-938a-eeee0a8c9147.BTP_CI_CD_Deployment_CAPM-postgres-deployer#flowable-async-job-executor-thread-20382#
[PollExecuteTaskStatusExecution] c49c6f4e-6a21-4cf0-9f92-c125a8dc9d83 [2026-04-13T19:07:02.218266] 'MIICrjCCAjSgAwIBAgIRAPAlEk8VJPmEzVRRaWvTh2AwCgYIKoZIzj0EAwMwgZYx\n' + (STDOUT, APP/TASK/deploy-to-postgresql)#
#2026 04 13 19:07:14.841#Z#DEBUG#be2d3d37-376b-11f1-938a-eeee0a8c9147.BTP_CI_CD_Deployment_CAPM-postgres-deployer#flowable-async-job-executor-thread-20382#
[PollExecuteTaskStatusExecution] c49c6f4e-6a21-4cf0-9f92-c125a8dc9d83 [2026-04-13T19:07:02.218272] 'CzAJBgNVBAYTAlVTMSIwIAYDVQQKDBlBbWF6b24gV2ViIFNlcnZpY2VzLCBJbmMu\n' + (STDOUT, APP/TASK/deploy-to-postgresql)#
#2026 04 13 19:07:14.841#Z#DEBUG#be2d3d37-376b-11f1-938a-eeee0a8c9147.BTP_CI_CD_Deployment_CAPM-postgres-deployer#flowable-async-job-executor-thread-20382#
[PollExecuteTaskStatusExecution] c49c6f4e-6a21-4cf0-9f92-c125a8dc9d83 [2026-04-13T19:07:02.218276] 'MRMwEQYDVQQLDApBbWF6b24gUkRTMQswCQYDVQQIDAJXQTEvMC0GA1UEAwwmQW1h\n' + (STDOUT, APP/TASK/deploy-to-postgresql)#
#2026 04 13 19:07:14.841#Z#DEBUG#be2d3d37-376b-11f1-938a-eeee0a8c9147.BTP_CI_CD_Deployment_CAPM-postgres-deployer#flowable-async-job-executor-thread-20382#
[PollExecuteTaskStatusExecution] c49c6f4e-6a21-4cf0-9f92-c125a8dc9d83 [2026-04-13T19:07:02.218280] 'em9uIFJEUyB1cy1lYXN0LTEgUm9vdCBDQSBFQ0MzODQgRzExEDAOBgNVBAcMB1Nl\n' + (STDOUT, APP/TASK/deploy-to-postgresql)#
#2026 04 13 19:07:14.841#Z#DEBUG#be2d3d37-376b-11f1-938a-eeee0a8c9147.BTP_CI_CD_Deployment_CAPM-postgres-deployer#flowable-async-job-executor-thread-20382#
[PollExecuteTaskStatusExecution] c49c6f4e-6a21-4cf0-9f92-c125a8dc9d83 [2026-04-13T19:07:02.218282] 'YXR0bGUwIBcNMjEwNTI1MjI0MTU1WhgPMjEyMTA1MjUyMzQxNTVaMIGWMQswCQYD\n' + (STDOUT, APP/TASK/deploy-to-postgresql)#
#2026 04 13 19:07:14.841#Z#DEBUG#be2d3d37-376b-11f1-938a-eeee0a8c9147.BTP_CI_CD_Deployment_CAPM-postgres-deployer#flowable-async-job-executor-thread-20382#
[PollExecuteTaskStatusExecution] c49c6f4e-6a21-4cf0-9f92-c125a8dc9d83 [2026-04-13T19:07:02.218285] 'VQQGEwJVUzEiMCAGA1UECgwZQW1hem9uIFdlYiBTZXJ2aWNlcywgSW5jLjETMBEG\n' + (STDOUT, APP/TASK/deploy-to-postgresql)#
#2026 04 13 19:07:14.841#Z#DEBUG#be2d3d37-376b-11f1-938a-eeee0a8c9147.BTP_CI_CD_Deployment_CAPM-postgres-deployer#flowable-async-job-executor-thread-20382#
[PollExecuteTaskStatusExecution] c49c6f4e-6a21-4cf0-9f92-c125a8dc9d83 [2026-04-13T19:07:02.218287] 'A1UECwwKQW1hem9uIFJEUzELMAkGA1UECAwCV0ExLzAtBgNVBAMMJkFtYXpvbiBS\n' + (STDOUT, APP/TASK/deploy-to-postgresql)#
#2026 04 13 19:07:14.841#Z#DEBUG#be2d3d37-376b-11f1-938a-eeee0a8c9147.BTP_CI_CD_Deployment_CAPM-postgres-deployer#flowable-async-job-executor-thread-20382#
[PollExecuteTaskStatusExecution] c49c6f4e-6a21-4cf0-9f92-c125a8dc9d83 [2026-04-13T19:07:02.218289] 'RFMgdXMtZWFzdC0xIFJvb3QgQ0EgRUNDMzg0IEcxMRAwDgYDVQQHDAdTZWF0dGxl\n' + (STDOUT, APP/TASK/deploy-to-postgresql)#
#2026 04 13 19:07:14.841#Z#DEBUG#be2d3d37-376b-11f1-938a-eeee0a8c9147.BTP_CI_CD_Deployment_CAPM-postgres-deployer#flowable-async-job-executor-thread-20382#
[PollExecuteTaskStatusExecution] c49c6f4e-6a21-4cf0-9f92-c125a8dc9d83 [2026-04-13T19:07:02.218292] 'MHYwEAYHKoZIzj0CAQYFK4EEACIDYgAEx5xjrup8II4HOJw15NTnS3H5yMrQGlbj\n' + (STDOUT, APP/TASK/deploy-to-postgresql)#
#2026 04 13 19:07:14.841#Z#DEBUG#be2d3d37-376b-11f1-938a-eeee0a8c9147.BTP_CI_CD_Deployment_CAPM-postgres-deployer#flowable-async-job-executor-thread-20382#
[PollExecuteTaskStatusExecution] c49c6f4e-6a21-4cf0-9f92-c125a8dc9d83 [2026-04-13T19:07:02.218294] 'EDA5MMGnE9DmHp5dACIxmPXPMe/99nO7wNdl7G71OYPCgEvWm0FhdvVUeTb3LVnV\n' + (STDOUT, APP/TASK/deploy-to-postgresql)#
#2026 04 13 19:07:14.841#Z#DEBUG#be2d3d37-376b-11f1-938a-eeee0a8c9147.BTP_CI_CD_Deployment_CAPM-postgres-deployer#flowable-async-job-executor-thread-20382#
[PollExecuteTaskStatusExecution] c49c6f4e-6a21-4cf0-9f92-c125a8dc9d83 [2026-04-13T19:07:02.218296] 'BnaXt32Ek7/oxGk1T+Df03C+W0vmuJ+wo0IwQDAPBgNVHRMBAf8EBTADAQH/MB0G\n' + (STDOUT, APP/TASK/deploy-to-postgresql)#
#2026 04 13 19:07:14.841#Z#DEBUG#be2d3d37-376b-11f1-938a-eeee0a8c9147.BTP_CI_CD_Deployment_CAPM-postgres-deployer#flowable-async-job-executor-thread-20382#
[PollExecuteTaskStatusExecution] c49c6f4e-6a21-4cf0-9f92-c125a8dc9d83 [2026-04-13T19:07:02.218298] 'A1UdDgQWBBTGXmqBWN/1tkSea4pNw0oHrjk2UDAOBgNVHQ8BAf8EBAMCAYYwCgYI\n' + (STDOUT, APP/TASK/deploy-to-postgresql)#
#2026 04 13 19:07:14.841#Z#DEBUG#be2d3d37-376b-11f1-938a-eeee0a8c9147.BTP_CI_CD_Deployment_CAPM-postgres-deployer#flowable-async-job-executor-thread-20382#
[PollExecuteTaskStatusExecution] c49c6f4e-6a21-4cf0-9f92-c125a8dc9d83 [2026-04-13T19:07:02.218301] 'KoZIzj0EAwMDaAAwZQIxAIqqZWCSrIkZ7zsv/FygtAusW6yvlL935YAWYPVXU30m\n' + (STDOUT, APP/TASK/deploy-to-postgresql)#
#2026 04 13 19:07:14.841#Z#DEBUG#be2d3d37-376b-11f1-938a-eeee0a8c9147.BTP_CI_CD_Deployment_CAPM-postgres-deployer#flowable-async-job-executor-thread-20382#
[PollExecuteTaskStatusExecution] c49c6f4e-6a21-4cf0-9f92-c125a8dc9d83 [2026-04-13T19:07:02.218304] 'jkMFLM+/RJ9GMvnO8jHfCgIwB+whlkcItzE9CRQ6CsMo/d5cEHDUu/QW6jSIh9BR\n' + (STDOUT, APP/TASK/deploy-to-postgresql)#
#2026 04 13 19:07:14.841#Z#DEBUG#be2d3d37-376b-11f1-938a-eeee0a8c9147.BTP_CI_CD_Deployment_CAPM-postgres-deployer#flowable-async-job-executor-thread-20382#
[PollExecuteTaskStatusExecution] c49c6f4e-6a21-4cf0-9f92-c125a8dc9d83 [2026-04-13T19:07:02.218307] 'OGh9pTYPVkUbBiKPA7lVVhre\n' + (STDOUT, APP/TASK/deploy-to-postgresql)#
#2026 04 13 19:07:14.841#Z#DEBUG#be2d3d37-376b-11f1-938a-eeee0a8c9147.BTP_CI_CD_Deployment_CAPM-postgres-deployer#flowable-async-job-executor-thread-20382#
[PollExecuteTaskStatusExecution] c49c6f4e-6a21-4cf0-9f92-c125a8dc9d83 [2026-04-13T19:07:02.218311] '-----END CERTIFICATE-----\n', (STDOUT, APP/TASK/deploy-to-postgresql)#
#2026 04 13 19:07:14.841#Z#DEBUG#be2d3d37-376b-11f1-938a-eeee0a8c9147.BTP_CI_CD_Deployment_CAPM-postgres-deployer#flowable-async-job-executor-thread-20382#
[PollExecuteTaskStatusExecution] c49c6f4e-6a21-4cf0-9f92-c125a8dc9d83 [2026-04-13T19:07:02.218315] sslrootcert: '-----BEGIN CERTIFICATE-----\n' + (STDOUT, APP/TASK/deploy-to-postgresql)#
#2026 04 13 19:07:14.841#Z#DEBUG#be2d3d37-376b-11f1-938a-eeee0a8c9147.BTP_CI_CD_Deployment_CAPM-postgres-deployer#flowable-async-job-executor-thread-20382#
[PollExecuteTaskStatusExecution] c49c6f4e-6a21-4cf0-9f92-c125a8dc9d83 [2026-04-13T19:07:02.218319] 'MIID/zCCAuegAwIBAgIRAPVSMfFitmM5PhmbaOFoGfUwDQYJKoZIhvcNAQELBQAw\n' + (STDOUT, APP/TASK/deploy-to-postgresql)#
#2026 04 13 19:07:14.841#Z#DEBUG#be2d3d37-376b-11f1-938a-eeee0a8c9147.BTP_CI_CD_Deployment_CAPM-postgres-deployer#flowable-async-job-executor-thread-20382#
[PollExecuteTaskStatusExecution] c49c6f4e-6a21-4cf0-9f92-c125a8dc9d83 [2026-04-13T19:07:02.218321] 'gZcxCzAJBgNVBAYTAlVTMSIwIAYDVQQKDBlBbWF6b24gV2ViIFNlcnZpY2VzLCBJ\n' + (STDOUT, APP/TASK/deploy-to-postgresql)#
#2026 04 13 19:07:14.841#Z#DEBUG#be2d3d37-376b-11f1-938a-eeee0a8c9147.BTP_CI_CD_Deployment_CAPM-postgres-deployer#flowable-async-job-executor-thread-20382#
[PollExecuteTaskStatusExecution] c49c6f4e-6a21-4cf0-9f92-c125a8dc9d83 [2026-04-13T19:07:02.218324] 'bmMuMRMwEQYDVQQLDApBbWF6b24gUkRTMQswCQYDVQQIDAJXQTEwMC4GA1UEAwwn\n' + (STDOUT, APP/TASK/deploy-to-postgresql)#
#2026 04 13 19:07:14.841#Z#DEBUG#be2d3d37-376b-11f1-938a-eeee0a8c9147.BTP_CI_CD_Deployment_CAPM-postgres-deployer#flowable-async-job-executor-thread-20382#
[PollExecuteTaskStatusExecution] c49c6f4e-6a21-4cf0-9f92-c125a8dc9d83 [2026-04-13T19:07:02.218326] 'QW1hem9uIFJEUyB1cy1lYXN0LTEgUm9vdCBDQSBSU0EyMDQ4IEcxMRAwDgYDVQQH\n' + (STDOUT, APP/TASK/deploy-to-postgresql)#
#2026 04 13 19:07:14.841#Z#DEBUG#be2d3d37-376b-11f1-938a-eeee0a8c9147.BTP_CI_CD_Deployment_CAPM-postgres-deployer#flowable-async-job-executor-thread-20382#
[PollExecuteTaskStatusExecution] c49c6f4e-6a21-4cf0-9f92-c125a8dc9d83 [2026-04-13T19:07:02.218329] 'DAdTZWF0dGxlMCAXDTIxMDUyNTIyMzQ1N1oYDzIwNjEwNTI1MjMzNDU3WjCBlzEL\n' + (STDOUT, APP/TASK/deploy-to-postgresql)#
#2026 04 13 19:07:14.841#Z#DEBUG#be2d3d37-376b-11f1-938a-eeee0a8c9147.BTP_CI_CD_Deployment_CAPM-postgres-deployer#flowable-async-job-executor-thread-20382#
[PollExecuteTaskStatusExecution] c49c6f4e-6a21-4cf0-9f92-c125a8dc9d83 [2026-04-13T19:07:02.218331] 'MAkGA1UEBhMCVVMxIjAgBgNVBAoMGUFtYXpvbiBXZWIgU2VydmljZXMsIEluYy4x\n' + (STDOUT, APP/TASK/deploy-to-postgresql)#
#2026 04 13 19:07:14.841#Z#DEBUG#be2d3d37-376b-11f1-938a-eeee0a8c9147.BTP_CI_CD_Deployment_CAPM-postgres-deployer#flowable-async-job-executor-thread-20382#
[PollExecuteTaskStatusExecution] c49c6f4e-6a21-4cf0-9f92-c125a8dc9d83 [2026-04-13T19:07:02.218334] 'EzARBgNVBAsMCkFtYXpvbiBSRFMxCzAJBgNVBAgMAldBMTAwLgYDVQQDDCdBbWF6\n' + (STDOUT, APP/TASK/deploy-to-postgresql)#
#2026 04 13 19:07:14.841#Z#DEBUG#be2d3d37-376b-11f1-938a-eeee0a8c9147.BTP_CI_CD_Deployment_CAPM-postgres-deployer#flowable-async-job-executor-thread-20382#
[PollExecuteTaskStatusExecution] c49c6f4e-6a21-4cf0-9f92-c125a8dc9d83 [2026-04-13T19:07:02.218336] 'b24gUkRTIHVzLWVhc3QtMSBSb290IENBIFJTQTIwNDggRzExEDAOBgNVBAcMB1Nl\n' + (STDOUT, APP/TASK/deploy-to-postgresql)#
#2026 04 13 19:07:14.841#Z#DEBUG#be2d3d37-376b-11f1-938a-eeee0a8c9147.BTP_CI_CD_Deployment_CAPM-postgres-deployer#flowable-async-job-executor-thread-20382#
[PollExecuteTaskStatusExecution] c49c6f4e-6a21-4cf0-9f92-c125a8dc9d83 [2026-04-13T19:07:02.218339] 'YXR0bGUwggEiMA0GCSqGSIb3DQEBAQUAA4IBDwAwggEKAoIBAQDu9H7TBeGoDzMr\n' + (STDOUT, APP/TASK/deploy-to-postgresql)#
#2026 04 13 19:07:14.841#Z#DEBUG#be2d3d37-376b-11f1-938a-eeee0a8c9147.BTP_CI_CD_Deployment_CAPM-postgres-deployer#flowable-async-job-executor-thread-20382#
[PollExecuteTaskStatusExecution] c49c6f4e-6a21-4cf0-9f92-c125a8dc9d83 [2026-04-13T19:07:02.218342] 'dxN6H8COntJX4IR6dbyhnj5qMD4xl/IWvp50lt0VpmMd+z2PNZzx8RazeGC5IniV\n' + (STDOUT, APP/TASK/deploy-to-postgresql)#
#2026 04 13 19:07:14.841#Z#DEBUG#be2d3d37-376b-11f1-938a-eeee0a8c9147.BTP_CI_CD_Deployment_CAPM-postgres-deployer#flowable-async-job-executor-thread-20382#
[PollExecuteTaskStatusExecution] c49c6f4e-6a21-4cf0-9f92-c125a8dc9d83 [2026-04-13T19:07:02.218344] '5nrLg0AKWRQ2A/lGGXbUrGXCSe09brMQCxWBSIYe1WZZ1iU1IJ/6Bp4D2YEHpXrW\n' + (STDOUT, APP/TASK/deploy-to-postgresql)#
#2026 04 13 19:07:14.841#Z#DEBUG#be2d3d37-376b-11f1-938a-eeee0a8c9147.BTP_CI_CD_Deployment_CAPM-postgres-deployer#flowable-async-job-executor-thread-20382#
[PollExecuteTaskStatusExecution] c49c6f4e-6a21-4cf0-9f92-c125a8dc9d83 [2026-04-13T19:07:02.218347] 'bPkOq5x3YPcsoitgm1Xh8ygz6vb7PsvJvPbvRMnkDg5IqEThapPjmKb8ZJWyEFEE\n' + (STDOUT, APP/TASK/deploy-to-postgresql)#
#2026 04 13 19:07:14.841#Z#DEBUG#be2d3d37-376b-11f1-938a-eeee0a8c9147.BTP_CI_CD_Deployment_CAPM-postgres-deployer#flowable-async-job-executor-thread-20382#
[PollExecuteTaskStatusExecution] c49c6f4e-6a21-4cf0-9f92-c125a8dc9d83 [2026-04-13T19:07:02.218350] 'QRrkCIRueB1EqQtJw0fvP4PKDlCJAKBEs/y049FoOqYpT3pRy0WKqPhWve+hScMd\n' + (STDOUT, APP/TASK/deploy-to-postgresql)#
#2026 04 13 19:07:14.841#Z#DEBUG#be2d3d37-376b-11f1-938a-eeee0a8c9147.BTP_CI_CD_Deployment_CAPM-postgres-deployer#flowable-async-job-executor-thread-20382#
[PollExecuteTaskStatusExecution] c49c6f4e-6a21-4cf0-9f92-c125a8dc9d83 [2026-04-13T19:07:02.218378] '6obq8kxTFy1IHACjHc51nrGII5Bt76/MpTWhnJIJrCnq1/Uc3Qs8IVeb+sLaFC8K\n' + (STDOUT, APP/TASK/deploy-to-postgresql)#
#2026 04 13 19:07:14.841#Z#DEBUG#be2d3d37-376b-11f1-938a-eeee0a8c9147.BTP_CI_CD_Deployment_CAPM-postgres-deployer#flowable-async-job-executor-thread-20382#
[PollExecuteTaskStatusExecution] c49c6f4e-6a21-4cf0-9f92-c125a8dc9d83 [2026-04-13T19:07:02.218381] 'DI69Sw6bAgMBAAGjQjBAMA8GA1UdEwEB/wQFMAMBAf8wHQYDVR0OBBYEFE7PCopt\n' + (STDOUT, APP/TASK/deploy-to-postgresql)#
#2026 04 13 19:07:14.841#Z#DEBUG#be2d3d37-376b-11f1-938a-eeee0a8c9147.BTP_CI_CD_Deployment_CAPM-postgres-deployer#flowable-async-job-executor-thread-20382#
[PollExecuteTaskStatusExecution] c49c6f4e-6a21-4cf0-9f92-c125a8dc9d83 [2026-04-13T19:07:02.218384] 'lyOgtXX0Y1lObBUxuKaCMA4GA1UdDwEB/wQEAwIBhjANBgkqhkiG9w0BAQsFAAOC\n' + (STDOUT, APP/TASK/deploy-to-postgresql)#
#2026 04 13 19:07:14.841#Z#DEBUG#be2d3d37-376b-11f1-938a-eeee0a8c9147.BTP_CI_CD_Deployment_CAPM-postgres-deployer#flowable-async-job-executor-thread-20382#
[PollExecuteTaskStatusExecution] c49c6f4e-6a21-4cf0-9f92-c125a8dc9d83 [2026-04-13T19:07:02.218386] 'AQEAFj+bX8gLmMNefr5jRJfHjrL3iuZCjf7YEZgn89pS4z8408mjj9z6Q5D1H7yS\n' + (STDOUT, APP/TASK/deploy-to-postgresql)#
#2026 04 13 19:07:14.841#Z#DEBUG#be2d3d37-376b-11f1-938a-eeee0a8c9147.BTP_CI_CD_Deployment_CAPM-postgres-deployer#flowable-async-job-executor-thread-20382#
[PollExecuteTaskStatusExecution] c49c6f4e-6a21-4cf0-9f92-c125a8dc9d83 [2026-04-13T19:07:02.218390] 'jNETVV8QaJip1qyhh5gRzRaArgGAYvi2/r0zPsy+Tgf7v1KGL5Lh8NT8iCEGGXwF\n' + (STDOUT, APP/TASK/deploy-to-postgresql)#
#2026 04 13 19:07:14.841#Z#DEBUG#be2d3d37-376b-11f1-938a-eeee0a8c9147.BTP_CI_CD_Deployment_CAPM-postgres-deployer#flowable-async-job-executor-thread-20382#
[PollExecuteTaskStatusExecution] c49c6f4e-6a21-4cf0-9f92-c125a8dc9d83 [2026-04-13T19:07:02.218392] 'g3Ir+Nl3e+9XUp0eyyzBIjHtjLBm6yy8rGk9p6OtFDQnKF5OxwbAgip42CD75r/q\n' + (STDOUT, APP/TASK/deploy-to-postgresql)#
#2026 04 13 19:07:14.841#Z#DEBUG#be2d3d37-376b-11f1-938a-eeee0a8c9147.BTP_CI_CD_Deployment_CAPM-postgres-deployer#flowable-async-job-executor-thread-20382#
[PollExecuteTaskStatusExecution] c49c6f4e-6a21-4cf0-9f92-c125a8dc9d83 [2026-04-13T19:07:02.218395] 'p421maEDDvvRFR4D+99JZxgAYDBGqRRceUoe16qDzbMvlz0A9paCZFclxeftAxv6\n' + (STDOUT, APP/TASK/deploy-to-postgresql)#
#2026 04 13 19:07:14.841#Z#DEBUG#be2d3d37-376b-11f1-938a-eeee0a8c9147.BTP_CI_CD_Deployment_CAPM-postgres-deployer#flowable-async-job-executor-thread-20382#
[PollExecuteTaskStatusExecution] c49c6f4e-6a21-4cf0-9f92-c125a8dc9d83 [2026-04-13T19:07:02.218397] 'QlR5rItMz/XdzpBJUpYhdzM0gCzAzdQuVO5tjJxmXhkSMcDP+8Q+Uv6FA9k2VpUV\n' + (STDOUT, APP/TASK/deploy-to-postgresql)#
#2026 04 13 19:07:14.841#Z#DEBUG#be2d3d37-376b-11f1-938a-eeee0a8c9147.BTP_CI_CD_Deployment_CAPM-postgres-deployer#flowable-async-job-executor-thread-20382#
[PollExecuteTaskStatusExecution] c49c6f4e-6a21-4cf0-9f92-c125a8dc9d83 [2026-04-13T19:07:02.218400] 'E/O5jgpqUJJ2Hc/5rs9VkAPXeA==\n' + (STDOUT, APP/TASK/deploy-to-postgresql)#
#2026 04 13 19:07:14.841#Z#DEBUG#be2d3d37-376b-11f1-938a-eeee0a8c9147.BTP_CI_CD_Deployment_CAPM-postgres-deployer#flowable-async-job-executor-thread-20382#
[PollExecuteTaskStatusExecution] c49c6f4e-6a21-4cf0-9f92-c125a8dc9d83 [2026-04-13T19:07:02.218402] '-----END CERTIFICATE-----\n' + (STDOUT, APP/TASK/deploy-to-postgresql)#
#2026 04 13 19:07:14.841#Z#DEBUG#be2d3d37-376b-11f1-938a-eeee0a8c9147.BTP_CI_CD_Deployment_CAPM-postgres-deployer#flowable-async-job-executor-thread-20382#
[PollExecuteTaskStatusExecution] c49c6f4e-6a21-4cf0-9f92-c125a8dc9d83 [2026-04-13T19:07:02.218406] '-----BEGIN CERTIFICATE-----\n' + (STDOUT, APP/TASK/deploy-to-postgresql)#
#2026 04 13 19:07:14.841#Z#DEBUG#be2d3d37-376b-11f1-938a-eeee0a8c9147.BTP_CI_CD_Deployment_CAPM-postgres-deployer#flowable-async-job-executor-thread-20382#
[PollExecuteTaskStatusExecution] c49c6f4e-6a21-4cf0-9f92-c125a8dc9d83 [2026-04-13T19:07:02.218409] 'MIIF/jCCA+agAwIBAgIQaRHaEqqacXN20e8zZJtmDDANBgkqhkiG9w0BAQwFADCB\n' + (STDOUT, APP/TASK/deploy-to-postgresql)#
#2026 04 13 19:07:14.841#Z#DEBUG#be2d3d37-376b-11f1-938a-eeee0a8c9147.BTP_CI_CD_Deployment_CAPM-postgres-deployer#flowable-async-job-executor-thread-20382#
[PollExecuteTaskStatusExecution] c49c6f4e-6a21-4cf0-9f92-c125a8dc9d83 [2026-04-13T19:07:02.218434] 'lzELMAkGA1UEBhMCVVMxIjAgBgNVBAoMGUFtYXpvbiBXZWIgU2VydmljZXMsIElu\n' + (STDOUT, APP/TASK/deploy-to-postgresql)#
#2026 04 13 19:07:14.841#Z#DEBUG#be2d3d37-376b-11f1-938a-eeee0a8c9147.BTP_CI_CD_Deployment_CAPM-postgres-deployer#flowable-async-job-executor-thread-20382#
[PollExecuteTaskStatusExecution] c49c6f4e-6a21-4cf0-9f92-c125a8dc9d83 [2026-04-13T19:07:02.218437] 'Yy4xEzARBgNVBAsMCkFtYXpvbiBSRFMxCzAJBgNVBAgMAldBMTAwLgYDVQQDDCdB\n' + (STDOUT, APP/TASK/deploy-to-postgresql)#
#2026 04 13 19:07:14.841#Z#DEBUG#be2d3d37-376b-11f1-938a-eeee0a8c9147.BTP_CI_CD_Deployment_CAPM-postgres-deployer#flowable-async-job-executor-thread-20382#
[PollExecuteTaskStatusExecution] c49c6f4e-6a21-4cf0-9f92-c125a8dc9d83 [2026-04-13T19:07:02.218445] 'bWF6b24gUkRTIHVzLWVhc3QtMSBSb290IENBIFJTQTQwOTYgRzExEDAOBgNVBAcM\n' + (STDOUT, APP/TASK/deploy-to-postgresql)#
#2026 04 13 19:07:14.841#Z#DEBUG#be2d3d37-376b-11f1-938a-eeee0a8c9147.BTP_CI_CD_Deployment_CAPM-postgres-deployer#flowable-async-job-executor-thread-20382#
[PollExecuteTaskStatusExecution] c49c6f4e-6a21-4cf0-9f92-c125a8dc9d83 [2026-04-13T19:07:02.218447] 'B1NlYXR0bGUwIBcNMjEwNTI1MjIzODM1WhgPMjEyMTA1MjUyMzM4MzVaMIGXMQsw\n' + (STDOUT, APP/TASK/deploy-to-postgresql)#
#2026 04 13 19:07:14.841#Z#DEBUG#be2d3d37-376b-11f1-938a-eeee0a8c9147.BTP_CI_CD_Deployment_CAPM-postgres-deployer#flowable-async-job-executor-thread-20382#
[PollExecuteTaskStatusExecution] c49c6f4e-6a21-4cf0-9f92-c125a8dc9d83 [2026-04-13T19:07:02.218450] 'CQYDVQQGEwJVUzEiMCAGA1UECgwZQW1hem9uIFdlYiBTZXJ2aWNlcywgSW5jLjET\n' + (STDOUT, APP/TASK/deploy-to-postgresql)#
#2026 04 13 19:07:14.841#Z#DEBUG#be2d3d37-376b-11f1-938a-eeee0a8c9147.BTP_CI_CD_Deployment_CAPM-postgres-deployer#flowable-async-job-executor-thread-20382#
[PollExecuteTaskStatusExecution] c49c6f4e-6a21-4cf0-9f92-c125a8dc9d83 [2026-04-13T19:07:02.218453] 'MBEGA1UECwwKQW1hem9uIFJEUzELMAkGA1UECAwCV0ExMDAuBgNVBAMMJ0FtYXpv\n' + (STDOUT, APP/TASK/deploy-to-postgresql)#
#2026 04 13 19:07:14.841#Z#DEBUG#be2d3d37-376b-11f1-938a-eeee0a8c9147.BTP_CI_CD_Deployment_CAPM-postgres-deployer#flowable-async-job-executor-thread-20382#
[PollExecuteTaskStatusExecution] c49c6f4e-6a21-4cf0-9f92-c125a8dc9d83 [2026-04-13T19:07:02.218456] 'biBSRFMgdXMtZWFzdC0xIFJvb3QgQ0EgUlNBNDA5NiBHMTEQMA4GA1UEBwwHU2Vh\n' + (STDOUT, APP/TASK/deploy-to-postgresql)#
#2026 04 13 19:07:14.841#Z#DEBUG#be2d3d37-376b-11f1-938a-eeee0a8c9147.BTP_CI_CD_Deployment_CAPM-postgres-deployer#flowable-async-job-executor-thread-20382#
[PollExecuteTaskStatusExecution] c49c6f4e-6a21-4cf0-9f92-c125a8dc9d83 [2026-04-13T19:07:02.218459] 'dHRsZTCCAiIwDQYJKoZIhvcNAQEBBQADggIPADCCAgoCggIBAInfBCaHuvj6Rb5c\n' + (STDOUT, APP/TASK/deploy-to-postgresql)#
#2026 04 13 19:07:14.841#Z#DEBUG#be2d3d37-376b-11f1-938a-eeee0a8c9147.BTP_CI_CD_Deployment_CAPM-postgres-deployer#flowable-async-job-executor-thread-20382#
[PollExecuteTaskStatusExecution] c49c6f4e-6a21-4cf0-9f92-c125a8dc9d83 [2026-04-13T19:07:02.218461] 'L5Wmn1jv2PHtEGMHm+7Z8dYosdwouG8VG2A+BCYCZfij9lIGszrTXkY4O7vnXgru\n' + (STDOUT, APP/TASK/deploy-to-postgresql)#
#2026 04 13 19:07:14.841#Z#DEBUG#be2d3d37-376b-11f1-938a-eeee0a8c9147.BTP_CI_CD_Deployment_CAPM-postgres-deployer#flowable-async-job-executor-thread-20382#
[PollExecuteTaskStatusExecution] c49c6f4e-6a21-4cf0-9f92-c125a8dc9d83 [2026-04-13T19:07:02.218463] 'JUNdxh0Q3M83p4X+bg+gODUs3jf+Z3Oeq7nTOk/2UYvQLcxP4FEXILxDInbQFcIx\n' + (STDOUT, APP/TASK/deploy-to-postgresql)#
#2026 04 13 19:07:14.841#Z#DEBUG#be2d3d37-376b-11f1-938a-eeee0a8c9147.BTP_CI_CD_Deployment_CAPM-postgres-deployer#flowable-async-job-executor-thread-20382#
[PollExecuteTaskStatusExecution] c49c6f4e-6a21-4cf0-9f92-c125a8dc9d83 [2026-04-13T19:07:02.218466] 'yen1ESHggGrjEodgn6nbKQNRfIhjhW+TKYaewfsVWH7EF2pfj+cjbJ6njjgZ0/M9\n' + (STDOUT, APP/TASK/deploy-to-postgresql)#
#2026 04 13 19:07:14.841#Z#DEBUG#be2d3d37-376b-11f1-938a-eeee0a8c9147.BTP_CI_CD_Deployment_CAPM-postgres-deployer#flowable-async-job-executor-thread-20382#
[PollExecuteTaskStatusExecution] c49c6f4e-6a21-4cf0-9f92-c125a8dc9d83 [2026-04-13T19:07:02.218469] 'VZifJFBgat6XUTOf3jwHwkCBh7T6rDpgy19A61laImJCQhdTnHKvzTpxcxiLRh69\n' + (STDOUT, APP/TASK/deploy-to-postgresql)#
#2026 04 13 19:07:14.841#Z#DEBUG#be2d3d37-376b-11f1-938a-eeee0a8c9147.BTP_CI_CD_Deployment_CAPM-postgres-deployer#flowable-async-job-executor-thread-20382#
[PollExecuteTaskStatusExecution] c49c6f4e-6a21-4cf0-9f92-c125a8dc9d83 [2026-04-13T19:07:02.218472] 'ZObypR7W04OAUmFS88V7IotlPmCL8xf7kwxG+gQfvx31+A9IDMsiTqJ1Cc4fYEKg\n' + (STDOUT, APP/TASK/deploy-to-postgresql)#
#2026 04 13 19:07:14.841#Z#DEBUG#be2d3d37-376b-11f1-938a-eeee0a8c9147.BTP_CI_CD_Deployment_CAPM-postgres-deployer#flowable-async-job-executor-thread-20382#
[PollExecuteTaskStatusExecution] c49c6f4e-6a21-4cf0-9f92-c125a8dc9d83 [2026-04-13T19:07:02.218475] 'bL+Vo+2Ii4W2esCTGVYmHm73drznfeKwL+kmIC/Bq+DrZ+veTqKFYwSkpHRyJCEe\n' + (STDOUT, APP/TASK/deploy-to-postgresql)#
#2026 04 13 19:07:14.841#Z#DEBUG#be2d3d37-376b-11f1-938a-eeee0a8c9147.BTP_CI_CD_Deployment_CAPM-postgres-deployer#flowable-async-job-executor-thread-20382#
[PollExecuteTaskStatusExecution] c49c6f4e-6a21-4cf0-9f92-c125a8dc9d83 [2026-04-13T19:07:02.218477] 'U4Zym6POqQ/4LBSKwDUhWLJIlq99bjKX+hNTJykB+Lbcx0ScOP4IAZQoxmDxGWxN\n' + (STDOUT, APP/TASK/deploy-to-postgresql)#
#2026 04 13 19:07:14.841#Z#DEBUG#be2d3d37-376b-11f1-938a-eeee0a8c9147.BTP_CI_CD_Deployment_CAPM-postgres-deployer#flowable-async-job-executor-thread-20382#
[PollExecuteTaskStatusExecution] c49c6f4e-6a21-4cf0-9f92-c125a8dc9d83 [2026-04-13T19:07:02.218480] 'S+lQj+Cx2pwU3S/7+OxlRndZAX/FKgk7xSMkg88HykUZaZ/ozIiqJqSnGpgXCtED\n' + (STDOUT, APP/TASK/deploy-to-postgresql)#
#2026 04 13 19:07:14.841#Z#DEBUG#be2d3d37-376b-11f1-938a-eeee0a8c9147.BTP_CI_CD_Deployment_CAPM-postgres-deployer#flowable-async-job-executor-thread-20382#
[PollExecuteTaskStatusExecution] c49c6f4e-6a21-4cf0-9f92-c125a8dc9d83 [2026-04-13T19:07:02.218485] 'oQ4OJw5ozAr+/wudOawaMwUWQl5asD8fuy/hl5S1nv9XxIc842QJOtJFxhyeMIXt\n' + (STDOUT, APP/TASK/deploy-to-postgresql)#
#2026 04 13 19:07:14.841#Z#DEBUG#be2d3d37-376b-11f1-938a-eeee0a8c9147.BTP_CI_CD_Deployment_CAPM-postgres-deployer#flowable-async-job-executor-thread-20382#
[PollExecuteTaskStatusExecution] c49c6f4e-6a21-4cf0-9f92-c125a8dc9d83 [2026-04-13T19:07:02.218487] 'LVECVw/dPekhMjS3Zo3wwRgYbnKG7YXXT5WMxJEnHu8+cYpMiRClzq2BEP6/MtI2\n' + (STDOUT, APP/TASK/deploy-to-postgresql)#
#2026 04 13 19:07:14.841#Z#DEBUG#be2d3d37-376b-11f1-938a-eeee0a8c9147.BTP_CI_CD_Deployment_CAPM-postgres-deployer#flowable-async-job-executor-thread-20382#
[PollExecuteTaskStatusExecution] c49c6f4e-6a21-4cf0-9f92-c125a8dc9d83 [2026-04-13T19:07:02.218490] 'AZQQUFu2yFjRGL2OZA6IYjxnXYiRAgMBAAGjQjBAMA8GA1UdEwEB/wQFMAMBAf8w\n' + (STDOUT, APP/TASK/deploy-to-postgresql)#
#2026 04 13 19:07:14.841#Z#DEBUG#be2d3d37-376b-11f1-938a-eeee0a8c9147.BTP_CI_CD_Deployment_CAPM-postgres-deployer#flowable-async-job-executor-thread-20382#
[PollExecuteTaskStatusExecution] c49c6f4e-6a21-4cf0-9f92-c125a8dc9d83 [2026-04-13T19:07:02.218492] 'HQYDVR0OBBYEFADCcQCPX2HmkqQcmuHfiQ2jjqnrMA4GA1UdDwEB/wQEAwIBhjAN\n' + (STDOUT, APP/TASK/deploy-to-postgresql)#
#2026 04 13 19:07:14.841#Z#DEBUG#be2d3d37-376b-11f1-938a-eeee0a8c9147.BTP_CI_CD_Deployment_CAPM-postgres-deployer#flowable-async-job-executor-thread-20382#
[PollExecuteTaskStatusExecution] c49c6f4e-6a21-4cf0-9f92-c125a8dc9d83 [2026-04-13T19:07:02.218495] 'BgkqhkiG9w0BAQwFAAOCAgEASXkGQ2eUmudIKPeOIF7RBryCoPmMOsqP0+1qxF8l\n' + (STDOUT, APP/TASK/deploy-to-postgresql)#
#2026 04 13 19:07:14.841#Z#DEBUG#be2d3d37-376b-11f1-938a-eeee0a8c9147.BTP_CI_CD_Deployment_CAPM-postgres-deployer#flowable-async-job-executor-thread-20382#
[PollExecuteTaskStatusExecution] c49c6f4e-6a21-4cf0-9f92-c125a8dc9d83 [2026-04-13T19:07:02.218497] 'pGkwmrgNDGpmd9s0ArfIVBTc1jmpgB3oiRW9c6n2OmwBKL4UPuQ8O3KwSP0iD2sZ\n' + (STDOUT, APP/TASK/deploy-to-postgresql)#
#2026 04 13 19:07:14.841#Z#DEBUG#be2d3d37-376b-11f1-938a-eeee0a8c9147.BTP_CI_CD_Deployment_CAPM-postgres-deployer#flowable-async-job-executor-thread-20382#
[PollExecuteTaskStatusExecution] c49c6f4e-6a21-4cf0-9f92-c125a8dc9d83 [2026-04-13T19:07:02.218500] 'KMXoMEyphCEzW1I2GRvYDugL3Z9MWrnHkoaoH2l8YyTYvszTvdgxBPpM2x4pSkp+\n' + (STDOUT, APP/TASK/deploy-to-postgresql)#
#2026 04 13 19:07:14.841#Z#DEBUG#be2d3d37-376b-11f1-938a-eeee0a8c9147.BTP_CI_CD_Deployment_CAPM-postgres-deployer#flowable-async-job-executor-thread-20382#
[PollExecuteTaskStatusExecution] c49c6f4e-6a21-4cf0-9f92-c125a8dc9d83 [2026-04-13T19:07:02.218502] '76d4/eRpJ5mVuQ93nC+YG0wXCxSq63hX4kyZgPxgCdAA+qgFfKIGyNqUIqWgeyTP\n' + (STDOUT, APP/TASK/deploy-to-postgresql)#
#2026 04 13 19:07:14.841#Z#DEBUG#be2d3d37-376b-11f1-938a-eeee0a8c9147.BTP_CI_CD_Deployment_CAPM-postgres-deployer#flowable-async-job-executor-thread-20382#
[PollExecuteTaskStatusExecution] c49c6f4e-6a21-4cf0-9f92-c125a8dc9d83 [2026-04-13T19:07:02.218504] 'n5OgKaboYk2141Rf2hGMD3/hsGm0rrJh7g3C0ZirPws3eeJfulvAOIy2IZzqHUSY\n' + (STDOUT, APP/TASK/deploy-to-postgresql)#
#2026 04 13 19:07:14.841#Z#DEBUG#be2d3d37-376b-11f1-938a-eeee0a8c9147.BTP_CI_CD_Deployment_CAPM-postgres-deployer#flowable-async-job-executor-thread-20382#
[PollExecuteTaskStatusExecution] c49c6f4e-6a21-4cf0-9f92-c125a8dc9d83 [2026-04-13T19:07:02.218506] 'jkFzraz6LEH3IlArT3jUPvWKqvh2lJWnnp56aqxBR7qHH5voD49UpJWY1K0BjGnS\n' + (STDOUT, APP/TASK/deploy-to-postgresql)#
#2026 04 13 19:07:14.841#Z#DEBUG#be2d3d37-376b-11f1-938a-eeee0a8c9147.BTP_CI_CD_Deployment_CAPM-postgres-deployer#flowable-async-job-executor-thread-20382#
[PollExecuteTaskStatusExecution] c49c6f4e-6a21-4cf0-9f92-c125a8dc9d83 [2026-04-13T19:07:02.218510] 'OHcurpp0Yt/BIs4VZeWdCZwI7JaSeDcPMaMDBvND3Ia5Fga0thgYQTG6dE+N5fgF\n' + (STDOUT, APP/TASK/deploy-to-postgresql)#
#2026 04 13 19:07:14.841#Z#DEBUG#be2d3d37-376b-11f1-938a-eeee0a8c9147.BTP_CI_CD_Deployment_CAPM-postgres-deployer#flowable-async-job-executor-thread-20382#
[PollExecuteTaskStatusExecution] c49c6f4e-6a21-4cf0-9f92-c125a8dc9d83 [2026-04-13T19:07:02.218512] 'z+hRaujXO2nb0LmddVyvE8prYlWRMuYFv+Co8hcMdJ0lEZlfVNu0jbm9/GmwAZ+l\n' + (STDOUT, APP/TASK/deploy-to-postgresql)#
#2026 04 13 19:07:14.841#Z#DEBUG#be2d3d37-376b-11f1-938a-eeee0a8c9147.BTP_CI_CD_Deployment_CAPM-postgres-deployer#flowable-async-job-executor-thread-20382#
[PollExecuteTaskStatusExecution] c49c6f4e-6a21-4cf0-9f92-c125a8dc9d83 [2026-04-13T19:07:02.218514] '9umeYO9yz/uC7edC8XJBglMAKUmVK9wNtOckUWAcCfnPWYLbYa/PqtXBYcxrso5j\n' + (STDOUT, APP/TASK/deploy-to-postgresql)#
#2026 04 13 19:07:14.841#Z#DEBUG#be2d3d37-376b-11f1-938a-eeee0a8c9147.BTP_CI_CD_Deployment_CAPM-postgres-deployer#flowable-async-job-executor-thread-20382#
[PollExecuteTaskStatusExecution] c49c6f4e-6a21-4cf0-9f92-c125a8dc9d83 [2026-04-13T19:07:02.218517] 'iaS/A7iEW51uteHBGrViCy1afGG+hiUWwFlesli+Rq4dNstX3h6h2baWABaAxEVJ\n' + (STDOUT, APP/TASK/deploy-to-postgresql)#
#2026 04 13 19:07:14.841#Z#DEBUG#be2d3d37-376b-11f1-938a-eeee0a8c9147.BTP_CI_CD_Deployment_CAPM-postgres-deployer#flowable-async-job-executor-thread-20382#
[PollExecuteTaskStatusExecution] c49c6f4e-6a21-4cf0-9f92-c125a8dc9d83 [2026-04-13T19:07:02.218520] 'y1RnTQSz6mROT1VmZSgSVO37rgIyY0Hf0872ogcTS+FfvXgBxCxsNWEbiQ/XXva4\n' + (STDOUT, APP/TASK/deploy-to-postgresql)#
#2026 04 13 19:07:14.841#Z#DEBUG#be2d3d37-376b-11f1-938a-eeee0a8c9147.BTP_CI_CD_Deployment_CAPM-postgres-deployer#flowable-async-job-executor-thread-20382#
[PollExecuteTaskStatusExecution] c49c6f4e-6a21-4cf0-9f92-c125a8dc9d83 [2026-04-13T19:07:02.218522] '0Ws=\n' + (STDOUT, APP/TASK/deploy-to-postgresql)#
#2026 04 13 19:07:14.842#Z#DEBUG#be2d3d37-376b-11f1-938a-eeee0a8c9147.BTP_CI_CD_Deployment_CAPM-postgres-deployer#flowable-async-job-executor-thread-20382#
[PollExecuteTaskStatusExecution] c49c6f4e-6a21-4cf0-9f92-c125a8dc9d83 [2026-04-13T19:07:02.218525] '-----END CERTIFICATE-----\n' + (STDOUT, APP/TASK/deploy-to-postgresql)#
#2026 04 13 19:07:14.842#Z#DEBUG#be2d3d37-376b-11f1-938a-eeee0a8c9147.BTP_CI_CD_Deployment_CAPM-postgres-deployer#flowable-async-job-executor-thread-20382#
[PollExecuteTaskStatusExecution] c49c6f4e-6a21-4cf0-9f92-c125a8dc9d83 [2026-04-13T19:07:02.218530] '-----BEGIN CERTIFICATE-----\n' + (STDOUT, APP/TASK/deploy-to-postgresql)#
#2026 04 13 19:07:14.842#Z#DEBUG#be2d3d37-376b-11f1-938a-eeee0a8c9147.BTP_CI_CD_Deployment_CAPM-postgres-deployer#flowable-async-job-executor-thread-20382#
[PollExecuteTaskStatusExecution] c49c6f4e-6a21-4cf0-9f92-c125a8dc9d83 [2026-04-13T19:07:02.218532] 'MIICrjCCAjSgAwIBAgIRAPAlEk8VJPmEzVRRaWvTh2AwCgYIKoZIzj0EAwMwgZYx\n' + (STDOUT, APP/TASK/deploy-to-postgresql)#
#2026 04 13 19:07:14.842#Z#DEBUG#be2d3d37-376b-11f1-938a-eeee0a8c9147.BTP_CI_CD_Deployment_CAPM-postgres-deployer#flowable-async-job-executor-thread-20382#
[PollExecuteTaskStatusExecution] c49c6f4e-6a21-4cf0-9f92-c125a8dc9d83 [2026-04-13T19:07:02.218535] 'CzAJBgNVBAYTAlVTMSIwIAYDVQQKDBlBbWF6b24gV2ViIFNlcnZpY2VzLCBJbmMu\n' + (STDOUT, APP/TASK/deploy-to-postgresql)#
#2026 04 13 19:07:14.842#Z#DEBUG#be2d3d37-376b-11f1-938a-eeee0a8c9147.BTP_CI_CD_Deployment_CAPM-postgres-deployer#flowable-async-job-executor-thread-20382#
[PollExecuteTaskStatusExecution] c49c6f4e-6a21-4cf0-9f92-c125a8dc9d83 [2026-04-13T19:07:02.218537] 'MRMwEQYDVQQLDApBbWF6b24gUkRTMQswCQYDVQQIDAJXQTEvMC0GA1UEAwwmQW1h\n' + (STDOUT, APP/TASK/deploy-to-postgresql)#
#2026 04 13 19:07:14.842#Z#DEBUG#be2d3d37-376b-11f1-938a-eeee0a8c9147.BTP_CI_CD_Deployment_CAPM-postgres-deployer#flowable-async-job-executor-thread-20382#
[PollExecuteTaskStatusExecution] c49c6f4e-6a21-4cf0-9f92-c125a8dc9d83 [2026-04-13T19:07:02.218539] 'em9uIFJEUyB1cy1lYXN0LTEgUm9vdCBDQSBFQ0MzODQgRzExEDAOBgNVBAcMB1Nl\n' + (STDOUT, APP/TASK/deploy-to-postgresql)#
#2026 04 13 19:07:14.842#Z#DEBUG#be2d3d37-376b-11f1-938a-eeee0a8c9147.BTP_CI_CD_Deployment_CAPM-postgres-deployer#flowable-async-job-executor-thread-20382#
[PollExecuteTaskStatusExecution] c49c6f4e-6a21-4cf0-9f92-c125a8dc9d83 [2026-04-13T19:07:02.218542] 'YXR0bGUwIBcNMjEwNTI1MjI0MTU1WhgPMjEyMTA1MjUyMzQxNTVaMIGWMQswCQYD\n' + (STDOUT, APP/TASK/deploy-to-postgresql)#
#2026 04 13 19:07:14.842#Z#DEBUG#be2d3d37-376b-11f1-938a-eeee0a8c9147.BTP_CI_CD_Deployment_CAPM-postgres-deployer#flowable-async-job-executor-thread-20382#
[PollExecuteTaskStatusExecution] c49c6f4e-6a21-4cf0-9f92-c125a8dc9d83 [2026-04-13T19:07:02.218545] 'VQQGEwJVUzEiMCAGA1UECgwZQW1hem9uIFdlYiBTZXJ2aWNlcywgSW5jLjETMBEG\n' + (STDOUT, APP/TASK/deploy-to-postgresql)#
#2026 04 13 19:07:14.842#Z#DEBUG#be2d3d37-376b-11f1-938a-eeee0a8c9147.BTP_CI_CD_Deployment_CAPM-postgres-deployer#flowable-async-job-executor-thread-20382#
[PollExecuteTaskStatusExecution] c49c6f4e-6a21-4cf0-9f92-c125a8dc9d83 [2026-04-13T19:07:02.218548] 'A1UECwwKQW1hem9uIFJEUzELMAkGA1UECAwCV0ExLzAtBgNVBAMMJkFtYXpvbiBS\n' + (STDOUT, APP/TASK/deploy-to-postgresql)#
#2026 04 13 19:07:14.842#Z#DEBUG#be2d3d37-376b-11f1-938a-eeee0a8c9147.BTP_CI_CD_Deployment_CAPM-postgres-deployer#flowable-async-job-executor-thread-20382#
[PollExecuteTaskStatusExecution] c49c6f4e-6a21-4cf0-9f92-c125a8dc9d83 [2026-04-13T19:07:02.218551] 'RFMgdXMtZWFzdC0xIFJvb3QgQ0EgRUNDMzg0IEcxMRAwDgYDVQQHDAdTZWF0dGxl\n' + (STDOUT, APP/TASK/deploy-to-postgresql)#
#2026 04 13 19:07:14.842#Z#DEBUG#be2d3d37-376b-11f1-938a-eeee0a8c9147.BTP_CI_CD_Deployment_CAPM-postgres-deployer#flowable-async-job-executor-thread-20382#
[PollExecuteTaskStatusExecution] c49c6f4e-6a21-4cf0-9f92-c125a8dc9d83 [2026-04-13T19:07:02.218553] 'MHYwEAYHKoZIzj0CAQYFK4EEACIDYgAEx5xjrup8II4HOJw15NTnS3H5yMrQGlbj\n' + (STDOUT, APP/TASK/deploy-to-postgresql)#
#2026 04 13 19:07:14.842#Z#DEBUG#be2d3d37-376b-11f1-938a-eeee0a8c9147.BTP_CI_CD_Deployment_CAPM-postgres-deployer#flowable-async-job-executor-thread-20382#
[PollExecuteTaskStatusExecution] c49c6f4e-6a21-4cf0-9f92-c125a8dc9d83 [2026-04-13T19:07:02.218555] 'EDA5MMGnE9DmHp5dACIxmPXPMe/99nO7wNdl7G71OYPCgEvWm0FhdvVUeTb3LVnV\n' + (STDOUT, APP/TASK/deploy-to-postgresql)#
#2026 04 13 19:07:14.842#Z#DEBUG#be2d3d37-376b-11f1-938a-eeee0a8c9147.BTP_CI_CD_Deployment_CAPM-postgres-deployer#flowable-async-job-executor-thread-20382#
[PollExecuteTaskStatusExecution] c49c6f4e-6a21-4cf0-9f92-c125a8dc9d83 [2026-04-13T19:07:02.218559] 'BnaXt32Ek7/oxGk1T+Df03C+W0vmuJ+wo0IwQDAPBgNVHRMBAf8EBTADAQH/MB0G\n' + (STDOUT, APP/TASK/deploy-to-postgresql)#
#2026 04 13 19:07:14.842#Z#DEBUG#be2d3d37-376b-11f1-938a-eeee0a8c9147.BTP_CI_CD_Deployment_CAPM-postgres-deployer#flowable-async-job-executor-thread-20382#
[PollExecuteTaskStatusExecution] c49c6f4e-6a21-4cf0-9f92-c125a8dc9d83 [2026-04-13T19:07:02.218561] 'A1UdDgQWBBTGXmqBWN/1tkSea4pNw0oHrjk2UDAOBgNVHQ8BAf8EBAMCAYYwCgYI\n' + (STDOUT, APP/TASK/deploy-to-postgresql)#
#2026 04 13 19:07:14.842#Z#DEBUG#be2d3d37-376b-11f1-938a-eeee0a8c9147.BTP_CI_CD_Deployment_CAPM-postgres-deployer#flowable-async-job-executor-thread-20382#
[PollExecuteTaskStatusExecution] c49c6f4e-6a21-4cf0-9f92-c125a8dc9d83 [2026-04-13T19:07:02.218564] 'KoZIzj0EAwMDaAAwZQIxAIqqZWCSrIkZ7zsv/FygtAusW6yvlL935YAWYPVXU30m\n' + (STDOUT, APP/TASK/deploy-to-postgresql)#
#2026 04 13 19:07:14.842#Z#DEBUG#be2d3d37-376b-11f1-938a-eeee0a8c9147.BTP_CI_CD_Deployment_CAPM-postgres-deployer#flowable-async-job-executor-thread-20382#
[PollExecuteTaskStatusExecution] c49c6f4e-6a21-4cf0-9f92-c125a8dc9d83 [2026-04-13T19:07:02.218566] 'jkMFLM+/RJ9GMvnO8jHfCgIwB+whlkcItzE9CRQ6CsMo/d5cEHDUu/QW6jSIh9BR\n' + (STDOUT, APP/TASK/deploy-to-postgresql)#
#2026 04 13 19:07:14.842#Z#DEBUG#be2d3d37-376b-11f1-938a-eeee0a8c9147.BTP_CI_CD_Deployment_CAPM-postgres-deployer#flowable-async-job-executor-thread-20382#
[PollExecuteTaskStatusExecution] c49c6f4e-6a21-4cf0-9f92-c125a8dc9d83 [2026-04-13T19:07:02.218568] 'OGh9pTYPVkUbBiKPA7lVVhre\n' + (STDOUT, APP/TASK/deploy-to-postgresql)#
#2026 04 13 19:07:14.842#Z#DEBUG#be2d3d37-376b-11f1-938a-eeee0a8c9147.BTP_CI_CD_Deployment_CAPM-postgres-deployer#flowable-async-job-executor-thread-20382#
[PollExecuteTaskStatusExecution] c49c6f4e-6a21-4cf0-9f92-c125a8dc9d83 [2026-04-13T19:07:02.218571] '-----END CERTIFICATE-----\n' (STDOUT, APP/TASK/deploy-to-postgresql)#
#2026 04 13 19:07:14.842#Z#DEBUG#be2d3d37-376b-11f1-938a-eeee0a8c9147.BTP_CI_CD_Deployment_CAPM-postgres-deployer#flowable-async-job-executor-thread-20382#
[PollExecuteTaskStatusExecution] c49c6f4e-6a21-4cf0-9f92-c125a8dc9d83 [2026-04-13T19:07:02.218573] } (STDOUT, APP/TASK/deploy-to-postgresql)#
#2026 04 13 19:07:14.842#Z#DEBUG#be2d3d37-376b-11f1-938a-eeee0a8c9147.BTP_CI_CD_Deployment_CAPM-postgres-deployer#flowable-async-job-executor-thread-20382#
[PollExecuteTaskStatusExecution] c49c6f4e-6a21-4cf0-9f92-c125a8dc9d83 [2026-04-13T19:07:02.218575] } {} (STDOUT, APP/TASK/deploy-to-postgresql)#
#2026 04 13 19:07:14.842#Z#DEBUG#be2d3d37-376b-11f1-938a-eeee0a8c9147.BTP_CI_CD_Deployment_CAPM-postgres-deployer#flowable-async-job-executor-thread-20382#
[PollExecuteTaskStatusExecution] c49c6f4e-6a21-4cf0-9f92-c125a8dc9d83 [2026-04-13T19:07:02.781324] /> deployment to postgres-ba329acb-cb7e-475c-b74a-6a3daa78372b.cqryblsdrbcs.us-east-1.rds.amazonaws.com:6137 failed (STDOUT, APP/TASK/deploy-to-postgresql)#
#2026 04 13 19:07:14.842#Z#DEBUG#be2d3d37-376b-11f1-938a-eeee0a8c9147.BTP_CI_CD_Deployment_CAPM-postgres-deployer#flowable-async-job-executor-thread-20382#
[PollExecuteTaskStatusExecution] c49c6f4e-6a21-4cf0-9f92-c125a8dc9d83 [2026-04-13T19:07:02.784713] Error: CDS compilation failed (@sap/cds-compiler v6.8.0) (STDERR, APP/TASK/deploy-to-postgresql)#
#2026 04 13 19:07:14.842#Z#DEBUG#be2d3d37-376b-11f1-938a-eeee0a8c9147.BTP_CI_CD_Deployment_CAPM-postgres-deployer#flowable-async-job-executor-thread-20382#
[PollExecuteTaskStatusExecution] c49c6f4e-6a21-4cf0-9f92-c125a8dc9d83 [2026-04-13T19:07:02.784735] db/csn.json:4: Error: Dropping elements is not supported (in entity:“com.sap.GitDeployment.Project”/element:“projectName”) (STDERR, APP/TASK/deploy-to-postgresql)#
#2026 04 13 19:07:14.842#Z#DEBUG#be2d3d37-376b-11f1-938a-eeee0a8c9147.BTP_CI_CD_Deployment_CAPM-postgres-deployer#flowable-async-job-executor-thread-20382#
[PollExecuteTaskStatusExecution] c49c6f4e-6a21-4cf0-9f92-c125a8dc9d83 [2026-04-13T19:07:02.784740] at throwWithAnyError (/home/vcap/app/node_modules/@sap/cds-compiler/lib/base/messages.js:587:13) (STDERR, APP/TASK/deploy-to-postgresql)#
#2026 04 13 19:07:14.842#Z#DEBUG#be2d3d37-376b-11f1-938a-eeee0a8c9147.BTP_CI_CD_Deployment_CAPM-postgres-deployer#flowable-async-job-executor-thread-20382#
[PollExecuteTaskStatusExecution] c49c6f4e-6a21-4cf0-9f92-c125a8dc9d83 [2026-04-13T19:07:02.784747] at Proxy.toSqlDdl (/home/vcap/app/node_modules/@sap/cds-compiler/lib/render/toSql.js:311:3) (STDERR, APP/TASK/deploy-to-postgresql)#
#2026 04 13 19:07:14.842#Z#DEBUG#be2d3d37-376b-11f1-938a-eeee0a8c9147.BTP_CI_CD_Deployment_CAPM-postgres-deployer#flowable-async-job-executor-thread-20382#
[PollExecuteTaskStatusExecution] c49c6f4e-6a21-4cf0-9f92-c125a8dc9d83 [2026-04-13T19:07:02.784750] at sqlMigration (/home/vcap/app/node_modules/@sap/cds-compiler/lib/api/main.js:599:13) (STDERR, APP/TASK/deploy-to-postgresql)#
#2026 04 13 19:07:14.842#Z#DEBUG#be2d3d37-376b-11f1-938a-eeee0a8c9147.BTP_CI_CD_Deployment_CAPM-postgres-deployer#flowable-async-job-executor-thread-20382#
[PollExecuteTaskStatusExecution] c49c6f4e-6a21-4cf0-9f92-c125a8dc9d83 [2026-04-13T19:07:02.784753] at Function.api [as migration] (/home/vcap/app/node_modules/@sap/cds-compiler/lib/api/main.js:1178:22) (STDERR, APP/TASK/deploy-to-postgresql)#
#2026 04 13 19:07:14.842#Z#DEBUG#be2d3d37-376b-11f1-938a-eeee0a8c9147.BTP_CI_CD_Deployment_CAPM-postgres-deployer#flowable-async-job-executor-thread-20382#
[PollExecuteTaskStatusExecution] c49c6f4e-6a21-4cf0-9f92-c125a8dc9d83 [2026-04-13T19:07:02.784756] at Function.migration (/home/vcap/app/node_modules/@sap/cds-compiler/lib/main.js:147:41) (STDERR, APP/TASK/deploy-to-postgresql)#
#2026 04 13 19:07:14.842#Z#DEBUG#be2d3d37-376b-11f1-938a-eeee0a8c9147.BTP_CI_CD_Deployment_CAPM-postgres-deployer#flowable-async-job-executor-thread-20382#
[PollExecuteTaskStatusExecution] c49c6f4e-6a21-4cf0-9f92-c125a8dc9d83 [2026-04-13T19:07:02.784758] at Object.deltaSql (/home/vcap/app/node_modules/@sap/cds/lib/compile/cdsc.js:165:53) (STDERR, APP/TASK/deploy-to-postgresql)#
#2026 04 13 19:07:14.842#Z#DEBUG#be2d3d37-376b-11f1-938a-eeee0a8c9147.BTP_CI_CD_Deployment_CAPM-postgres-deployer#flowable-async-job-executor-thread-20382#
[PollExecuteTaskStatusExecution] c49c6f4e-6a21-4cf0-9f92-c125a8dc9d83 [2026-04-13T19:07:02.784762] at /home/vcap/app/node_modules/@sap/cds/lib/compile/to/sql.js:38:61 (STDERR, APP/TASK/deploy-to-postgresql)#
#2026 04 13 19:07:14.842#Z#DEBUG#be2d3d37-376b-11f1-938a-eeee0a8c9147.BTP_CI_CD_Deployment_CAPM-postgres-deployer#flowable-async-job-executor-thread-20382#
[PollExecuteTaskStatusExecution] c49c6f4e-6a21-4cf0-9f92-c125a8dc9d83 [2026-04-13T19:07:02.784764] at next (/home/vcap/app/node_modules/@sap/cds/lib/compile/to/sql.js:44:4) (STDERR, APP/TASK/deploy-to-postgresql)#
#2026 04 13 19:07:14.842#Z#DEBUG#be2d3d37-376b-11f1-938a-eeee0a8c9147.BTP_CI_CD_Deployment_CAPM-postgres-deployer#flowable-async-job-executor-thread-20382#
[PollExecuteTaskStatusExecution] c49c6f4e-6a21-4cf0-9f92-c125a8dc9d83 [2026-04-13T19:07:02.784768] at Function.cds_compile_to_deltaSql [as delta] (/home/vcap/app/node_modules/@sap/cds/lib/compile/to/sql.js:46:21) (STDERR, APP/TASK/deploy-to-postgresql)#
#2026 04 13 19:07:14.842#Z#DEBUG#be2d3d37-376b-11f1-938a-eeee0a8c9147.BTP_CI_CD_Deployment_CAPM-postgres-deployer#flowable-async-job-executor-thread-20382#
[PollExecuteTaskStatusExecution] c49c6f4e-6a21-4cf0-9f92-c125a8dc9d83 [2026-04-13T19:07:02.784770] at deploy.schema (/home/vcap/app/node_modules/@sap/cds/lib/dbs/cds-deploy.js:75:75) (STDERR, APP/TASK/deploy-to-postgresql)#
#2026 04 13 19:07:14.842#Z#DEBUG#be2d3d37-376b-11f1-938a-eeee0a8c9147.BTP_CI_CD_Deployment_CAPM-postgres-deployer#flowable-async-job-executor-thread-20382#
[PollExecuteTaskStatusExecution] c49c6f4e-6a21-4cf0-9f92-c125a8dc9d83 [2026-04-13T19:07:02.826816] npm notice (STDERR, APP/TASK/deploy-to-postgresql)#
#2026 04 13 19:07:14.842#Z#DEBUG#be2d3d37-376b-11f1-938a-eeee0a8c9147.BTP_CI_CD_Deployment_CAPM-postgres-deployer#flowable-async-job-executor-thread-20382#
[PollExecuteTaskStatusExecution] c49c6f4e-6a21-4cf0-9f92-c125a8dc9d83 [2026-04-13T19:07:02.826844] npm notice New major version of npm available! 10.9.4 -> 11.12.1 (STDERR, APP/TASK/deploy-to-postgresql)#
#2026 04 13 19:07:14.842#Z#DEBUG#be2d3d37-376b-11f1-938a-eeee0a8c9147.BTP_CI_CD_Deployment_CAPM-postgres-deployer#flowable-async-job-executor-thread-20382#
[PollExecuteTaskStatusExecution] c49c6f4e-6a21-4cf0-9f92-c125a8dc9d83 [2026-04-13T19:07:02.826849] npm notice Changelog: https://github.com/npm/cli/releases/tag/v11.12.1 (STDERR, APP/TASK/deploy-to-postgresql)#
#2026 04 13 19:07:14.842#Z#DEBUG#be2d3d37-376b-11f1-938a-eeee0a8c9147.BTP_CI_CD_Deployment_CAPM-postgres-deployer#flowable-async-job-executor-thread-20382#
[PollExecuteTaskStatusExecution] c49c6f4e-6a21-4cf0-9f92-c125a8dc9d83 [2026-04-13T19:07:02.826852] npm notice To update run: npm install -g npm@11.12.1 (STDERR, APP/TASK/deploy-to-postgresql)#
#2026 04 13 19:07:14.842#Z#DEBUG#be2d3d37-376b-11f1-938a-eeee0a8c9147.BTP_CI_CD_Deployment_CAPM-postgres-deployer#flowable-async-job-executor-thread-20382#
[PollExecuteTaskStatusExecution] c49c6f4e-6a21-4cf0-9f92-c125a8dc9d83 [2026-04-13T19:07:02.826855] npm notice (STDERR, APP/TASK/deploy-to-postgresql)#
#2026 04 13 19:07:14.842#Z#DEBUG#be2d3d37-376b-11f1-938a-eeee0a8c9147.BTP_CI_CD_Deployment_CAPM-postgres-deployer#flowable-async-job-executor-thread-20382#
[PollExecuteTaskStatusExecution] c49c6f4e-6a21-4cf0-9f92-c125a8dc9d83 [2026-04-13T19:07:02.915823] Exit status 1 (STDOUT, APP/TASK/deploy-to-postgresql)#
#2026 04 13 19:07:14.842#Z#DEBUG#be2d3d37-376b-11f1-938a-eeee0a8c9147.BTP_CI_CD_Deployment_CAPM-postgres-deployer#flowable-async-job-executor-thread-20382#
[PollExecuteTaskStatusExecution] c49c6f4e-6a21-4cf0-9f92-c125a8dc9d83 [2026-04-13T19:07:03.716493] Cell 684caff8-89cd-492b-be01-b3d0835f1763 stopping instance 61946480-7c1e-46cb-8861-09d9be2a1338 (STDOUT, CELL)#
#2026 04 13 19:07:14.842#Z#DEBUG#be2d3d37-376b-11f1-938a-eeee0a8c9147.BTP_CI_CD_Deployment_CAPM-postgres-deployer#flowable-async-job-executor-thread-20382#
[PollExecuteTaskStatusExecution] c49c6f4e-6a21-4cf0-9f92-c125a8dc9d83 [2026-04-13T19:07:03.716544] Cell 684caff8-89cd-492b-be01-b3d0835f1763 destroying container for instance 61946480-7c1e-46cb-8861-09d9be2a1338 (STDOUT, CELL)#
#2026 04 13 19:07:14.842#Z#DEBUG#be2d3d37-376b-11f1-938a-eeee0a8c9147.BTP_CI_CD_Deployment_CAPM-postgres-deployer#flowable-async-job-executor-thread-20382#
[PollExecuteTaskStatusExecution] c49c6f4e-6a21-4cf0-9f92-c125a8dc9d83 [2026-04-13T19:07:05.970804] Cell 77283d80-dfa7-40ba-ba4e-265aef112085 creating container for instance 6408ffa1-9c5f-4fdc-979e-4cd8fd74e6f5 (STDOUT, CELL)#
#2026 04 13 19:07:14.842#Z#DEBUG#be2d3d37-376b-11f1-938a-eeee0a8c9147.BTP_CI_CD_Deployment_CAPM-postgres-deployer#flowable-async-job-executor-thread-20382#
[PollExecuteTaskStatusExecution] c49c6f4e-6a21-4cf0-9f92-c125a8dc9d83 [2026-04-13T19:07:06.896171] Security group rules were updated (STDOUT, CELL)#
#2026 04 13 19:07:14.842#Z#DEBUG#be2d3d37-376b-11f1-938a-eeee0a8c9147.BTP_CI_CD_Deployment_CAPM-postgres-deployer#flowable-async-job-executor-thread-20382#
[PollExecuteTaskStatusExecution] c49c6f4e-6a21-4cf0-9f92-c125a8dc9d83 [2026-04-13T19:07:06.993619] Cell 77283d80-dfa7-40ba-ba4e-265aef112085 successfully created container for instance 6408ffa1-9c5f-4fdc-979e-4cd8fd74e6f5 (STDOUT, CELL)#
#2026 04 13 19:07:14.842#Z#DEBUG#be2d3d37-376b-11f1-938a-eeee0a8c9147.BTP_CI_CD_Deployment_CAPM-postgres-deployer#flowable-async-job-executor-thread-20382#
[PollExecuteTaskStatusExecution] c49c6f4e-6a21-4cf0-9f92-c125a8dc9d83 [2026-04-13T19:07:07.097972] Cell 684caff8-89cd-492b-be01-b3d0835f1763 successfully destroyed container for instance 61946480-7c1e-46cb-8861-09d9be2a1338 (STDOUT, CELL)#
#2026 04 13 19:07:14.842#Z#DEBUG#be2d3d37-376b-11f1-938a-eeee0a8c9147.BTP_CI_CD_Deployment_CAPM-postgres-deployer#flowable-async-job-executor-thread-20382#
[PollExecuteTaskStatusExecution] c49c6f4e-6a21-4cf0-9f92-c125a8dc9d83 [2026-04-13T19:07:12.351200] Invoking pre-start scripts. (STDOUT, APP/TASK/deploy-to-postgresql)#
#2026 04 13 19:07:14.842#Z#DEBUG#be2d3d37-376b-11f1-938a-eeee0a8c9147.BTP_CI_CD_Deployment_CAPM-postgres-deployer#flowable-async-job-executor-thread-20382#
[PollExecuteTaskStatusExecution] c49c6f4e-6a21-4cf0-9f92-c125a8dc9d83 [2026-04-13T19:07:12.564630] Invoking start command. (STDOUT, APP/TASK/deploy-to-postgresql)#
#2026 04 13 19:07:14.842#Z#DEBUG#be2d3d37-376b-11f1-938a-eeee0a8c9147.BTP_CI_CD_Deployment_CAPM-postgres-deployer#flowable-async-job-executor-thread-20382#
[PollExecuteTaskStatusExecution] c49c6f4e-6a21-4cf0-9f92-c125a8dc9d83 [2026-04-13T19:07:13.019263] > start (STDOUT, APP/TASK/deploy-to-postgresql)#
#2026 04 13 19:07:14.842#Z#DEBUG#be2d3d37-376b-11f1-938a-eeee0a8c9147.BTP_CI_CD_Deployment_CAPM-postgres-deployer#flowable-async-job-executor-thread-20382#
[PollExecuteTaskStatusExecution] c49c6f4e-6a21-4cf0-9f92-c125a8dc9d83 [2026-04-13T19:07:13.019301] > cds-deploy (STDOUT, APP/TASK/deploy-to-postgresql)#
#2026 04 13 19:07:14.842#Z#DEBUG#be2d3d37-376b-11f1-938a-eeee0a8c9147.BTP_CI_CD_Deployment_CAPM-postgres-deployer#flowable-async-job-executor-thread-20382#
[PollExecuteTaskStatusExecution] c49c6f4e-6a21-4cf0-9f92-c125a8dc9d83 [2026-04-13T19:07:13.099790] Deploying with options: { (STDOUT, APP/TASK/deploy-to-postgresql)#
#2026 04 13 19:07:14.842#Z#DEBUG#be2d3d37-376b-11f1-938a-eeee0a8c9147.BTP_CI_CD_Deployment_CAPM-postgres-deployer#flowable-async-job-executor-thread-20382#
[PollExecuteTaskStatusExecution] c49c6f4e-6a21-4cf0-9f92-c125a8dc9d83 [2026-04-13T19:07:13.099827] impl: '@cap-js/postgres', (STDOUT, APP/TASK/deploy-to-postgresql)#
#2026 04 13 19:07:14.842#Z#DEBUG#be2d3d37-376b-11f1-938a-eeee0a8c9147.BTP_CI_CD_Deployment_CAPM-postgres-deployer#flowable-async-job-executor-thread-20382#
[PollExecuteTaskStatusExecution] c49c6f4e-6a21-4cf0-9f92-c125a8dc9d83 [2026-04-13T19:07:13.099831] kind: 'postgres', (STDOUT, APP/TASK/deploy-to-postgresql)#
#2026 04 13 19:07:14.842#Z#DEBUG#be2d3d37-376b-11f1-938a-eeee0a8c9147.BTP_CI_CD_Deployment_CAPM-postgres-deployer#flowable-async-job-executor-thread-20382#
[PollExecuteTaskStatusExecution] c49c6f4e-6a21-4cf0-9f92-c125a8dc9d83 [2026-04-13T19:07:13.099833] dialect: 'postgres', (STDOUT, APP/TASK/deploy-to-postgresql)#
#2026 04 13 19:07:14.842#Z#DEBUG#be2d3d37-376b-11f1-938a-eeee0a8c9147.BTP_CI_CD_Deployment_CAPM-postgres-deployer#flowable-async-job-executor-thread-20382#
[PollExecuteTaskStatusExecution] c49c6f4e-6a21-4cf0-9f92-c125a8dc9d83 [2026-04-13T19:07:13.099838] vcap: { label: 'postgresql-db' }, (STDOUT, APP/TASK/deploy-to-postgresql)#
#2026 04 13 19:07:14.842#Z#DEBUG#be2d3d37-376b-11f1-938a-eeee0a8c9147.BTP_CI_CD_Deployment_CAPM-postgres-deployer#flowable-async-job-executor-thread-20382#
[PollExecuteTaskStatusExecution] c49c6f4e-6a21-4cf0-9f92-c125a8dc9d83 [2026-04-13T19:07:13.099842] pool: { (STDOUT, APP/TASK/deploy-to-postgresql)#
#2026 04 13 19:07:14.842#Z#DEBUG#be2d3d37-376b-11f1-938a-eeee0a8c9147.BTP_CI_CD_Deployment_CAPM-postgres-deployer#flowable-async-job-executor-thread-20382#
[PollExecuteTaskStatusExecution] c49c6f4e-6a21-4cf0-9f92-c125a8dc9d83 [2026-04-13T19:07:13.099844] min: 0, (STDOUT, APP/TASK/deploy-to-postgresql)#
#2026 04 13 19:07:14.842#Z#DEBUG#be2d3d37-376b-11f1-938a-eeee0a8c9147.BTP_CI_CD_Deployment_CAPM-postgres-deployer#flowable-async-job-executor-thread-20382#
[PollExecuteTaskStatusExecution] c49c6f4e-6a21-4cf0-9f92-c125a8dc9d83 [2026-04-13T19:07:13.099847] max: 10, (STDOUT, APP/TASK/deploy-to-postgresql)#
#2026 04 13 19:07:14.842#Z#DEBUG#be2d3d37-376b-11f1-938a-eeee0a8c9147.BTP_CI_CD_Deployment_CAPM-postgres-deployer#flowable-async-job-executor-thread-20382#
[PollExecuteTaskStatusExecution] c49c6f4e-6a21-4cf0-9f92-c125a8dc9d83 [2026-04-13T19:07:13.099849] testOnBorrow: true, (STDOUT, APP/TASK/deploy-to-postgresql)#
#2026 04 13 19:07:14.842#Z#DEBUG#be2d3d37-376b-11f1-938a-eeee0a8c9147.BTP_CI_CD_Deployment_CAPM-postgres-deployer#flowable-async-job-executor-thread-20382#
[PollExecuteTaskStatusExecution] c49c6f4e-6a21-4cf0-9f92-c125a8dc9d83 [2026-04-13T19:07:13.099852] acquireTimeoutMillis: 1000, (STDOUT, APP/TASK/deploy-to-postgresql)#
#2026 04 13 19:07:14.842#Z#DEBUG#be2d3d37-376b-11f1-938a-eeee0a8c9147.BTP_CI_CD_Deployment_CAPM-postgres-deployer#flowable-async-job-executor-thread-20382#
[PollExecuteTaskStatusExecution] c49c6f4e-6a21-4cf0-9f92-c125a8dc9d83 [2026-04-13T19:07:13.099857] destroyTimeoutMillis: 1000 (STDOUT, APP/TASK/deploy-to-postgresql)#
#2026 04 13 19:07:14.842#Z#DEBUG#be2d3d37-376b-11f1-938a-eeee0a8c9147.BTP_CI_CD_Deployment_CAPM-postgres-deployer#flowable-async-job-executor-thread-20382#
[PollExecuteTaskStatusExecution] c49c6f4e-6a21-4cf0-9f92-c125a8dc9d83 [2026-04-13T19:07:13.099859] }, (STDOUT, APP/TASK/deploy-to-postgresql)#
#2026 04 13 19:07:14.842#Z#DEBUG#be2d3d37-376b-11f1-938a-eeee0a8c9147.BTP_CI_CD_Deployment_CAPM-postgres-deployer#flowable-async-job-executor-thread-20382#
[PollExecuteTaskStatusExecution] c49c6f4e-6a21-4cf0-9f92-c125a8dc9d83 [2026-04-13T19:07:13.099862] schema_evolution: 'auto', (STDOUT, APP/TASK/deploy-to-postgresql)#
#2026 04 13 19:07:14.842#Z#DEBUG#be2d3d37-376b-11f1-938a-eeee0a8c9147.BTP_CI_CD_Deployment_CAPM-postgres-deployer#flowable-async-job-executor-thread-20382#
[PollExecuteTaskStatusExecution] c49c6f4e-6a21-4cf0-9f92-c125a8dc9d83 [2026-04-13T19:07:13.099864] credentials: { (STDOUT, APP/TASK/deploy-to-postgresql)#
#2026 04 13 19:07:14.842#Z#DEBUG#be2d3d37-376b-11f1-938a-eeee0a8c9147.BTP_CI_CD_Deployment_CAPM-postgres-deployer#flowable-async-job-executor-thread-20382#
[PollExecuteTaskStatusExecution] c49c6f4e-6a21-4cf0-9f92-c125a8dc9d83 [2026-04-13T19:07:13.099868] username: '36c89beec156', (STDOUT, APP/TASK/deploy-to-postgresql)#
#2026 04 13 19:07:14.842#Z#DEBUG#be2d3d37-376b-11f1-938a-eeee0a8c9147.BTP_CI_CD_Deployment_CAPM-postgres-deployer#flowable-async-job-executor-thread-20382#
[PollExecuteTaskStatusExecution] c49c6f4e-6a21-4cf0-9f92-c125a8dc9d83 [2026-04-13T19:07:13.099871] password: '55e6938c7d414f3fb516545d23ad3', (STDOUT, APP/TASK/deploy-to-postgresql)#
#2026 04 13 19:07:14.842#Z#DEBUG#be2d3d37-376b-11f1-938a-eeee0a8c9147.BTP_CI_CD_Deployment_CAPM-postgres-deployer#flowable-async-job-executor-thread-20382#
[PollExecuteTaskStatusExecution] c49c6f4e-6a21-4cf0-9f92-c125a8dc9d83 [2026-04-13T19:07:13.099876] hostname: 'postgres-ba329acb-cb7e-475c-b74a-6a3daa78372b.cqryblsdrbcs.us-east-1.rds.amazonaws.com', (STDOUT, APP/TASK/deploy-to-postgresql)#
#2026 04 13 19:07:14.842#Z#DEBUG#be2d3d37-376b-11f1-938a-eeee0a8c9147.BTP_CI_CD_Deployment_CAPM-postgres-deployer#flowable-async-job-executor-thread-20382#
[PollExecuteTaskStatusExecution] c49c6f4e-6a21-4cf0-9f92-c125a8dc9d83 [2026-04-13T19:07:13.099879] dbname: 'BgEevKumUsMP', (STDOUT, APP/TASK/deploy-to-postgresql)#
#2026 04 13 19:07:14.842#Z#DEBUG#be2d3d37-376b-11f1-938a-eeee0a8c9147.BTP_CI_CD_Deployment_CAPM-postgres-deployer#flowable-async-job-executor-thread-20382#
[PollExecuteTaskStatusExecution] c49c6f4e-6a21-4cf0-9f92-c125a8dc9d83 [2026-04-13T19:07:13.099881] port: '6137', (STDOUT, APP/TASK/deploy-to-postgresql)#
#2026 04 13 19:07:14.842#Z#DEBUG#be2d3d37-376b-11f1-938a-eeee0a8c9147.BTP_CI_CD_Deployment_CAPM-postgres-deployer#flowable-async-job-executor-thread-20382#
[PollExecuteTaskStatusExecution] c49c6f4e-6a21-4cf0-9f92-c125a8dc9d83 [2026-04-13T19:07:13.099886] uri: 'postgres://36c89beec156:55e6938c7d414f3fb516545d23ad3@postgres-ba329acb-cb7e-475c-b74a-6a3daa78372b.cqryblsdrbcs.us-east-1.rds.amazonaws.com:6137/BgEevKumUsMP', (STDOUT, APP/TASK/deploy-to-postgresql)#
#2026 04 13 19:07:14.842#Z#DEBUG#be2d3d37-376b-11f1-938a-eeee0a8c9147.BTP_CI_CD_Deployment_CAPM-postgres-deployer#flowable-async-job-executor-thread-20382#
[PollExecuteTaskStatusExecution] c49c6f4e-6a21-4cf0-9f92-c125a8dc9d83 [2026-04-13T19:07:13.099889] urls: { (STDOUT, APP/TASK/deploy-to-postgresql)#
#2026 04 13 19:07:14.842#Z#DEBUG#be2d3d37-376b-11f1-938a-eeee0a8c9147.BTP_CI_CD_Deployment_CAPM-postgres-deployer#flowable-async-job-executor-thread-20382#
[PollExecuteTaskStatusExecution] c49c6f4e-6a21-4cf0-9f92-c125a8dc9d83 [2026-04-13T19:07:13.099893] api_server: 'https://api-backing-services.us10-001.data.services.cloud.sap' (STDOUT, APP/TASK/deploy-to-postgresql)#
#2026 04 13 19:07:14.842#Z#DEBUG#be2d3d37-376b-11f1-938a-eeee0a8c9147.BTP_CI_CD_Deployment_CAPM-postgres-deployer#flowable-async-job-executor-thread-20382#
[PollExecuteTaskStatusExecution] c49c6f4e-6a21-4cf0-9f92-c125a8dc9d83 [2026-04-13T19:07:13.099899] }, (STDOUT, APP/TASK/deploy-to-postgresql)#
#2026 04 13 19:07:14.842#Z#DEBUG#be2d3d37-376b-11f1-938a-eeee0a8c9147.BTP_CI_CD_Deployment_CAPM-postgres-deployer#flowable-async-job-executor-thread-20382#
[PollExecuteTaskStatusExecution] c49c6f4e-6a21-4cf0-9f92-c125a8dc9d83 [2026-04-13T19:07:13.099901] sslcert: '-----BEGIN CERTIFICATE-----\n' + (STDOUT, APP/TASK/deploy-to-postgresql)#
#2026 04 13 19:07:14.842#Z#DEBUG#be2d3d37-376b-11f1-938a-eeee0a8c9147.BTP_CI_CD_Deployment_CAPM-postgres-deployer#flowable-async-job-executor-thread-20382#
[PollExecuteTaskStatusExecution] c49c6f4e-6a21-4cf0-9f92-c125a8dc9d83 [2026-04-13T19:07:13.099908] 'MIID/zCCAuegAwIBAgIRAPVSMfFitmM5PhmbaOFoGfUwDQYJKoZIhvcNAQELBQAw\n' + (STDOUT, APP/TASK/deploy-to-postgresql)#
#2026 04 13 19:07:14.842#Z#DEBUG#be2d3d37-376b-11f1-938a-eeee0a8c9147.BTP_CI_CD_Deployment_CAPM-postgres-deployer#flowable-async-job-executor-thread-20382#
[PollExecuteTaskStatusExecution] c49c6f4e-6a21-4cf0-9f92-c125a8dc9d83 [2026-04-13T19:07:13.099911] 'gZcxCzAJBgNVBAYTAlVTMSIwIAYDVQQKDBlBbWF6b24gV2ViIFNlcnZpY2VzLCBJ\n' + (STDOUT, APP/TASK/deploy-to-postgresql)#
#2026 04 13 19:07:14.842#Z#DEBUG#be2d3d37-376b-11f1-938a-eeee0a8c9147.BTP_CI_CD_Deployment_CAPM-postgres-deployer#flowable-async-job-executor-thread-20382#
[PollExecuteTaskStatusExecution] c49c6f4e-6a21-4cf0-9f92-c125a8dc9d83 [2026-04-13T19:07:13.099914] 'bmMuMRMwEQYDVQQLDApBbWF6b24gUkRTMQswCQYDVQQIDAJXQTEwMC4GA1UEAwwn\n' + (STDOUT, APP/TASK/deploy-to-postgresql)#
#2026 04 13 19:07:14.842#Z#DEBUG#be2d3d37-376b-11f1-938a-eeee0a8c9147.BTP_CI_CD_Deployment_CAPM-postgres-deployer#flowable-async-job-executor-thread-20382#
[PollExecuteTaskStatusExecution] c49c6f4e-6a21-4cf0-9f92-c125a8dc9d83 [2026-04-13T19:07:13.099916] 'QW1hem9uIFJEUyB1cy1lYXN0LTEgUm9vdCBDQSBSU0EyMDQ4IEcxMRAwDgYDVQQH\n' + (STDOUT, APP/TASK/deploy-to-postgresql)#
#2026 04 13 19:07:14.842#Z#DEBUG#be2d3d37-376b-11f1-938a-eeee0a8c9147.BTP_CI_CD_Deployment_CAPM-postgres-deployer#flowable-async-job-executor-thread-20382#
[PollExecuteTaskStatusExecution] c49c6f4e-6a21-4cf0-9f92-c125a8dc9d83 [2026-04-13T19:07:13.099918] 'DAdTZWF0dGxlMCAXDTIxMDUyNTIyMzQ1N1oYDzIwNjEwNTI1MjMzNDU3WjCBlzEL\n' + (STDOUT, APP/TASK/deploy-to-postgresql)#
#2026 04 13 19:07:14.842#Z#DEBUG#be2d3d37-376b-11f1-938a-eeee0a8c9147.BTP_CI_CD_Deployment_CAPM-postgres-deployer#flowable-async-job-executor-thread-20382#
[PollExecuteTaskStatusExecution] c49c6f4e-6a21-4cf0-9f92-c125a8dc9d83 [2026-04-13T19:07:13.099921] 'MAkGA1UEBhMCVVMxIjAgBgNVBAoMGUFtYXpvbiBXZWIgU2VydmljZXMsIEluYy4x\n' + (STDOUT, APP/TASK/deploy-to-postgresql)#
#2026 04 13 19:07:14.842#Z#DEBUG#be2d3d37-376b-11f1-938a-eeee0a8c9147.BTP_CI_CD_Deployment_CAPM-postgres-deployer#flowable-async-job-executor-thread-20382#
[PollExecuteTaskStatusExecution] c49c6f4e-6a21-4cf0-9f92-c125a8dc9d83 [2026-04-13T19:07:13.099923] 'EzARBgNVBAsMCkFtYXpvbiBSRFMxCzAJBgNVBAgMAldBMTAwLgYDVQQDDCdBbWF6\n' + (STDOUT, APP/TASK/deploy-to-postgresql)#
#2026 04 13 19:07:14.842#Z#DEBUG#be2d3d37-376b-11f1-938a-eeee0a8c9147.BTP_CI_CD_Deployment_CAPM-postgres-deployer#flowable-async-job-executor-thread-20382#
[PollExecuteTaskStatusExecution] c49c6f4e-6a21-4cf0-9f92-c125a8dc9d83 [2026-04-13T19:07:13.099925] 'b24gUkRTIHVzLWVhc3QtMSBSb290IENBIFJTQTIwNDggRzExEDAOBgNVBAcMB1Nl\n' + (STDOUT, APP/TASK/deploy-to-postgresql)#
#2026 04 13 19:07:14.842#Z#DEBUG#be2d3d37-376b-11f1-938a-eeee0a8c9147.BTP_CI_CD_Deployment_CAPM-postgres-deployer#flowable-async-job-executor-thread-20382#
[PollExecuteTaskStatusExecution] c49c6f4e-6a21-4cf0-9f92-c125a8dc9d83 [2026-04-13T19:07:13.099928] 'YXR0bGUwggEiMA0GCSqGSIb3DQEBAQUAA4IBDwAwggEKAoIBAQDu9H7TBeGoDzMr\n' + (STDOUT, APP/TASK/deploy-to-postgresql)#
#2026 04 13 19:07:14.842#Z#DEBUG#be2d3d37-376b-11f1-938a-eeee0a8c9147.BTP_CI_CD_Deployment_CAPM-postgres-deployer#flowable-async-job-executor-thread-20382#
[PollExecuteTaskStatusExecution] c49c6f4e-6a21-4cf0-9f92-c125a8dc9d83 [2026-04-13T19:07:13.099930] 'dxN6H8COntJX4IR6dbyhnj5qMD4xl/IWvp50lt0VpmMd+z2PNZzx8RazeGC5IniV\n' + (STDOUT, APP/TASK/deploy-to-postgresql)#
#2026 04 13 19:07:14.842#Z#DEBUG#be2d3d37-376b-11f1-938a-eeee0a8c9147.BTP_CI_CD_Deployment_CAPM-postgres-deployer#flowable-async-job-executor-thread-20382#
[PollExecuteTaskStatusExecution] c49c6f4e-6a21-4cf0-9f92-c125a8dc9d83 [2026-04-13T19:07:13.099932] '5nrLg0AKWRQ2A/lGGXbUrGXCSe09brMQCxWBSIYe1WZZ1iU1IJ/6Bp4D2YEHpXrW\n' + (STDOUT, APP/TASK/deploy-to-postgresql)#
#2026 04 13 19:07:14.842#Z#DEBUG#be2d3d37-376b-11f1-938a-eeee0a8c9147.BTP_CI_CD_Deployment_CAPM-postgres-deployer#flowable-async-job-executor-thread-20382#
[PollExecuteTaskStatusExecution] c49c6f4e-6a21-4cf0-9f92-c125a8dc9d83 [2026-04-13T19:07:13.099934] 'bPkOq5x3YPcsoitgm1Xh8ygz6vb7PsvJvPbvRMnkDg5IqEThapPjmKb8ZJWyEFEE\n' + (STDOUT, APP/TASK/deploy-to-postgresql)#
#2026 04 13 19:07:14.842#Z#DEBUG#be2d3d37-376b-11f1-938a-eeee0a8c9147.BTP_CI_CD_Deployment_CAPM-postgres-deployer#flowable-async-job-executor-thread-20382#
[PollExecuteTaskStatusExecution] c49c6f4e-6a21-4cf0-9f92-c125a8dc9d83 [2026-04-13T19:07:13.099936] 'QRrkCIRueB1EqQtJw0fvP4PKDlCJAKBEs/y049FoOqYpT3pRy0WKqPhWve+hScMd\n' + (STDOUT, APP/TASK/deploy-to-postgresql)#
#2026 04 13 19:07:14.842#Z#DEBUG#be2d3d37-376b-11f1-938a-eeee0a8c9147.BTP_CI_CD_Deployment_CAPM-postgres-deployer#flowable-async-job-executor-thread-20382#
[PollExecuteTaskStatusExecution] c49c6f4e-6a21-4cf0-9f92-c125a8dc9d83 [2026-04-13T19:07:13.099939] '6obq8kxTFy1IHACjHc51nrGII5Bt76/MpTWhnJIJrCnq1/Uc3Qs8IVeb+sLaFC8K\n' + (STDOUT, APP/TASK/deploy-to-postgresql)#
#2026 04 13 19:07:14.842#Z#DEBUG#be2d3d37-376b-11f1-938a-eeee0a8c9147.BTP_CI_CD_Deployment_CAPM-postgres-deployer#flowable-async-job-executor-thread-20382#
[PollExecuteTaskStatusExecution] c49c6f4e-6a21-4cf0-9f92-c125a8dc9d83 [2026-04-13T19:07:13.099942] 'DI69Sw6bAgMBAAGjQjBAMA8GA1UdEwEB/wQFMAMBAf8wHQYDVR0OBBYEFE7PCopt\n' + (STDOUT, APP/TASK/deploy-to-postgresql)#
#2026 04 13 19:07:14.842#Z#DEBUG#be2d3d37-376b-11f1-938a-eeee0a8c9147.BTP_CI_CD_Deployment_CAPM-postgres-deployer#flowable-async-job-executor-thread-20382#
[PollExecuteTaskStatusExecution] c49c6f4e-6a21-4cf0-9f92-c125a8dc9d83 [2026-04-13T19:07:13.099944] 'lyOgtXX0Y1lObBUxuKaCMA4GA1UdDwEB/wQEAwIBhjANBgkqhkiG9w0BAQsFAAOC\n' + (STDOUT, APP/TASK/deploy-to-postgresql)#
#2026 04 13 19:07:14.842#Z#DEBUG#be2d3d37-376b-11f1-938a-eeee0a8c9147.BTP_CI_CD_Deployment_CAPM-postgres-deployer#flowable-async-job-executor-thread-20382#
[PollExecuteTaskStatusExecution] c49c6f4e-6a21-4cf0-9f92-c125a8dc9d83 [2026-04-13T19:07:13.099946] 'AQEAFj+bX8gLmMNefr5jRJfHjrL3iuZCjf7YEZgn89pS4z8408mjj9z6Q5D1H7yS\n' + (STDOUT, APP/TASK/deploy-to-postgresql)#
#2026 04 13 19:07:14.842#Z#DEBUG#be2d3d37-376b-11f1-938a-eeee0a8c9147.BTP_CI_CD_Deployment_CAPM-postgres-deployer#flowable-async-job-executor-thread-20382#
[PollExecuteTaskStatusExecution] c49c6f4e-6a21-4cf0-9f92-c125a8dc9d83 [2026-04-13T19:07:13.099949] 'jNETVV8QaJip1qyhh5gRzRaArgGAYvi2/r0zPsy+Tgf7v1KGL5Lh8NT8iCEGGXwF\n' + (STDOUT, APP/TASK/deploy-to-postgresql)#
#2026 04 13 19:07:14.842#Z#DEBUG#be2d3d37-376b-11f1-938a-eeee0a8c9147.BTP_CI_CD_Deployment_CAPM-postgres-deployer#flowable-async-job-executor-thread-20382#
[PollExecuteTaskStatusExecution] c49c6f4e-6a21-4cf0-9f92-c125a8dc9d83 [2026-04-13T19:07:13.099951] 'g3Ir+Nl3e+9XUp0eyyzBIjHtjLBm6yy8rGk9p6OtFDQnKF5OxwbAgip42CD75r/q\n' + (STDOUT, APP/TASK/deploy-to-postgresql)#
#2026 04 13 19:07:14.842#Z#DEBUG#be2d3d37-376b-11f1-938a-eeee0a8c9147.BTP_CI_CD_Deployment_CAPM-postgres-deployer#flowable-async-job-executor-thread-20382#
[PollExecuteTaskStatusExecution] c49c6f4e-6a21-4cf0-9f92-c125a8dc9d83 [2026-04-13T19:07:13.099955] 'p421maEDDvvRFR4D+99JZxgAYDBGqRRceUoe16qDzbMvlz0A9paCZFclxeftAxv6\n' + (STDOUT, APP/TASK/deploy-to-postgresql)#
#2026 04 13 19:07:14.842#Z#DEBUG#be2d3d37-376b-11f1-938a-eeee0a8c9147.BTP_CI_CD_Deployment_CAPM-postgres-deployer#flowable-async-job-executor-thread-20382#
[PollExecuteTaskStatusExecution] c49c6f4e-6a21-4cf0-9f92-c125a8dc9d83 [2026-04-13T19:07:13.099957] 'QlR5rItMz/XdzpBJUpYhdzM0gCzAzdQuVO5tjJxmXhkSMcDP+8Q+Uv6FA9k2VpUV\n' + (STDOUT, APP/TASK/deploy-to-postgresql)#
#2026 04 13 19:07:14.842#Z#DEBUG#be2d3d37-376b-11f1-938a-eeee0a8c9147.BTP_CI_CD_Deployment_CAPM-postgres-deployer#flowable-async-job-executor-thread-20382#
[PollExecuteTaskStatusExecution] c49c6f4e-6a21-4cf0-9f92-c125a8dc9d83 [2026-04-13T19:07:13.099961] 'E/O5jgpqUJJ2Hc/5rs9VkAPXeA==\n' + (STDOUT, APP/TASK/deploy-to-postgresql)#
#2026 04 13 19:07:14.842#Z#DEBUG#be2d3d37-376b-11f1-938a-eeee0a8c9147.BTP_CI_CD_Deployment_CAPM-postgres-deployer#flowable-async-job-executor-thread-20382#
[PollExecuteTaskStatusExecution] c49c6f4e-6a21-4cf0-9f92-c125a8dc9d83 [2026-04-13T19:07:13.099965] '-----END CERTIFICATE-----\n' + (STDOUT, APP/TASK/deploy-to-postgresql)#
#2026 04 13 19:07:14.842#Z#DEBUG#be2d3d37-376b-11f1-938a-eeee0a8c9147.BTP_CI_CD_Deployment_CAPM-postgres-deployer#flowable-async-job-executor-thread-20382#
[PollExecuteTaskStatusExecution] c49c6f4e-6a21-4cf0-9f92-c125a8dc9d83 [2026-04-13T19:07:13.099967] '-----BEGIN CERTIFICATE-----\n' + (STDOUT, APP/TASK/deploy-to-postgresql)#
#2026 04 13 19:07:14.842#Z#DEBUG#be2d3d37-376b-11f1-938a-eeee0a8c9147.BTP_CI_CD_Deployment_CAPM-postgres-deployer#flowable-async-job-executor-thread-20382#
[PollExecuteTaskStatusExecution] c49c6f4e-6a21-4cf0-9f92-c125a8dc9d83 [2026-04-13T19:07:13.099969] 'MIIF/jCCA+agAwIBAgIQaRHaEqqacXN20e8zZJtmDDANBgkqhkiG9w0BAQwFADCB\n' + (STDOUT, APP/TASK/deploy-to-postgresql)#
#2026 04 13 19:07:14.842#Z#DEBUG#be2d3d37-376b-11f1-938a-eeee0a8c9147.BTP_CI_CD_Deployment_CAPM-postgres-deployer#flowable-async-job-executor-thread-20382#
[PollExecuteTaskStatusExecution] c49c6f4e-6a21-4cf0-9f92-c125a8dc9d83 [2026-04-13T19:07:13.099985] 'lzELMAkGA1UEBhMCVVMxIjAgBgNVBAoMGUFtYXpvbiBXZWIgU2VydmljZXMsIElu\n' + (STDOUT, APP/TASK/deploy-to-postgresql)#
#2026 04 13 19:07:14.842#Z#DEBUG#be2d3d37-376b-11f1-938a-eeee0a8c9147.BTP_CI_CD_Deployment_CAPM-postgres-deployer#flowable-async-job-executor-thread-20382#
[PollExecuteTaskStatusExecution] c49c6f4e-6a21-4cf0-9f92-c125a8dc9d83 [2026-04-13T19:07:13.099989] 'Yy4xEzARBgNVBAsMCkFtYXpvbiBSRFMxCzAJBgNVBAgMAldBMTAwLgYDVQQDDCdB\n' + (STDOUT, APP/TASK/deploy-to-postgresql)#
#2026 04 13 19:07:14.842#Z#DEBUG#be2d3d37-376b-11f1-938a-eeee0a8c9147.BTP_CI_CD_Deployment_CAPM-postgres-deployer#flowable-async-job-executor-thread-20382#
[PollExecuteTaskStatusExecution] c49c6f4e-6a21-4cf0-9f92-c125a8dc9d83 [2026-04-13T19:07:13.099991] 'bWF6b24gUkRTIHVzLWVhc3QtMSBSb290IENBIFJTQTQwOTYgRzExEDAOBgNVBAcM\n' + (STDOUT, APP/TASK/deploy-to-postgresql)#
#2026 04 13 19:07:14.842#Z#DEBUG#be2d3d37-376b-11f1-938a-eeee0a8c9147.BTP_CI_CD_Deployment_CAPM-postgres-deployer#flowable-async-job-executor-thread-20382#
[PollExecuteTaskStatusExecution] c49c6f4e-6a21-4cf0-9f92-c125a8dc9d83 [2026-04-13T19:07:13.099994] 'B1NlYXR0bGUwIBcNMjEwNTI1MjIzODM1WhgPMjEyMTA1MjUyMzM4MzVaMIGXMQsw\n' + (STDOUT, APP/TASK/deploy-to-postgresql)#
#2026 04 13 19:07:14.842#Z#DEBUG#be2d3d37-376b-11f1-938a-eeee0a8c9147.BTP_CI_CD_Deployment_CAPM-postgres-deployer#flowable-async-job-executor-thread-20382#
[PollExecuteTaskStatusExecution] c49c6f4e-6a21-4cf0-9f92-c125a8dc9d83 [2026-04-13T19:07:13.099996] 'CQYDVQQGEwJVUzEiMCAGA1UECgwZQW1hem9uIFdlYiBTZXJ2aWNlcywgSW5jLjET\n' + (STDOUT, APP/TASK/deploy-to-postgresql)#
#2026 04 13 19:07:14.842#Z#DEBUG#be2d3d37-376b-11f1-938a-eeee0a8c9147.BTP_CI_CD_Deployment_CAPM-postgres-deployer#flowable-async-job-executor-thread-20382#
[PollExecuteTaskStatusExecution] c49c6f4e-6a21-4cf0-9f92-c125a8dc9d83 [2026-04-13T19:07:13.100] 'MBEGA1UECwwKQW1hem9uIFJEUzELMAkGA1UECAwCV0ExMDAuBgNVBAMMJ0FtYXpv\n' + (STDOUT, APP/TASK/deploy-to-postgresql)#
#2026 04 13 19:07:14.842#Z#DEBUG#be2d3d37-376b-11f1-938a-eeee0a8c9147.BTP_CI_CD_Deployment_CAPM-postgres-deployer#flowable-async-job-executor-thread-20382#
[PollExecuteTaskStatusExecution] c49c6f4e-6a21-4cf0-9f92-c125a8dc9d83 [2026-04-13T19:07:13.100003] 'biBSRFMgdXMtZWFzdC0xIFJvb3QgQ0EgUlNBNDA5NiBHMTEQMA4GA1UEBwwHU2Vh\n' + (STDOUT, APP/TASK/deploy-to-postgresql)#
#2026 04 13 19:07:14.842#Z#DEBUG#be2d3d37-376b-11f1-938a-eeee0a8c9147.BTP_CI_CD_Deployment_CAPM-postgres-deployer#flowable-async-job-executor-thread-20382#
[PollExecuteTaskStatusExecution] c49c6f4e-6a21-4cf0-9f92-c125a8dc9d83 [2026-04-13T19:07:13.100006] 'dHRsZTCCAiIwDQYJKoZIhvcNAQEBBQADggIPADCCAgoCggIBAInfBCaHuvj6Rb5c\n' + (STDOUT, APP/TASK/deploy-to-postgresql)#
#2026 04 13 19:07:14.842#Z#DEBUG#be2d3d37-376b-11f1-938a-eeee0a8c9147.BTP_CI_CD_Deployment_CAPM-postgres-deployer#flowable-async-job-executor-thread-20382#
[PollExecuteTaskStatusExecution] c49c6f4e-6a21-4cf0-9f92-c125a8dc9d83 [2026-04-13T19:07:13.100008] 'L5Wmn1jv2PHtEGMHm+7Z8dYosdwouG8VG2A+BCYCZfij9lIGszrTXkY4O7vnXgru\n' + (STDOUT, APP/TASK/deploy-to-postgresql)#
#2026 04 13 19:07:14.842#Z#DEBUG#be2d3d37-376b-11f1-938a-eeee0a8c9147.BTP_CI_CD_Deployment_CAPM-postgres-deployer#flowable-async-job-executor-thread-20382#
[PollExecuteTaskStatusExecution] c49c6f4e-6a21-4cf0-9f92-c125a8dc9d83 [2026-04-13T19:07:13.100011] 'JUNdxh0Q3M83p4X+bg+gODUs3jf+Z3Oeq7nTOk/2UYvQLcxP4FEXILxDInbQFcIx\n' + (STDOUT, APP/TASK/deploy-to-postgresql)#
#2026 04 13 19:07:14.842#Z#DEBUG#be2d3d37-376b-11f1-938a-eeee0a8c9147.BTP_CI_CD_Deployment_CAPM-postgres-deployer#flowable-async-job-executor-thread-20382#
[PollExecuteTaskStatusExecution] c49c6f4e-6a21-4cf0-9f92-c125a8dc9d83 [2026-04-13T19:07:13.100013] 'yen1ESHggGrjEodgn6nbKQNRfIhjhW+TKYaewfsVWH7EF2pfj+cjbJ6njjgZ0/M9\n' + (STDOUT, APP/TASK/deploy-to-postgresql)#
#2026 04 13 19:07:14.842#Z#DEBUG#be2d3d37-376b-11f1-938a-eeee0a8c9147.BTP_CI_CD_Deployment_CAPM-postgres-deployer#flowable-async-job-executor-thread-20382#
[PollExecuteTaskStatusExecution] c49c6f4e-6a21-4cf0-9f92-c125a8dc9d83 [2026-04-13T19:07:13.100015] 'VZifJFBgat6XUTOf3jwHwkCBh7T6rDpgy19A61laImJCQhdTnHKvzTpxcxiLRh69\n' + (STDOUT, APP/TASK/deploy-to-postgresql)#
#2026 04 13 19:07:14.842#Z#DEBUG#be2d3d37-376b-11f1-938a-eeee0a8c9147.BTP_CI_CD_Deployment_CAPM-postgres-deployer#flowable-async-job-executor-thread-20382#
[PollExecuteTaskStatusExecution] c49c6f4e-6a21-4cf0-9f92-c125a8dc9d83 [2026-04-13T19:07:13.100018] 'ZObypR7W04OAUmFS88V7IotlPmCL8xf7kwxG+gQfvx31+A9IDMsiTqJ1Cc4fYEKg\n' + (STDOUT, APP/TASK/deploy-to-postgresql)#
#2026 04 13 19:07:14.842#Z#DEBUG#be2d3d37-376b-11f1-938a-eeee0a8c9147.BTP_CI_CD_Deployment_CAPM-postgres-deployer#flowable-async-job-executor-thread-20382#
[PollExecuteTaskStatusExecution] c49c6f4e-6a21-4cf0-9f92-c125a8dc9d83 [2026-04-13T19:07:13.100020] 'bL+Vo+2Ii4W2esCTGVYmHm73drznfeKwL+kmIC/Bq+DrZ+veTqKFYwSkpHRyJCEe\n' + (STDOUT, APP/TASK/deploy-to-postgresql)#
#2026 04 13 19:07:14.842#Z#DEBUG#be2d3d37-376b-11f1-938a-eeee0a8c9147.BTP_CI_CD_Deployment_CAPM-postgres-deployer#flowable-async-job-executor-thread-20382#
[PollExecuteTaskStatusExecution] c49c6f4e-6a21-4cf0-9f92-c125a8dc9d83 [2026-04-13T19:07:13.100023] 'U4Zym6POqQ/4LBSKwDUhWLJIlq99bjKX+hNTJykB+Lbcx0ScOP4IAZQoxmDxGWxN\n' + (STDOUT, APP/TASK/deploy-to-postgresql)#
#2026 04 13 19:07:14.842#Z#DEBUG#be2d3d37-376b-11f1-938a-eeee0a8c9147.BTP_CI_CD_Deployment_CAPM-postgres-deployer#flowable-async-job-executor-thread-20382#
[PollExecuteTaskStatusExecution] c49c6f4e-6a21-4cf0-9f92-c125a8dc9d83 [2026-04-13T19:07:13.100025] 'S+lQj+Cx2pwU3S/7+OxlRndZAX/FKgk7xSMkg88HykUZaZ/ozIiqJqSnGpgXCtED\n' + (STDOUT, APP/TASK/deploy-to-postgresql)#
#2026 04 13 19:07:14.842#Z#DEBUG#be2d3d37-376b-11f1-938a-eeee0a8c9147.BTP_CI_CD_Deployment_CAPM-postgres-deployer#flowable-async-job-executor-thread-20382#
[PollExecuteTaskStatusExecution] c49c6f4e-6a21-4cf0-9f92-c125a8dc9d83 [2026-04-13T19:07:13.100027] 'oQ4OJw5ozAr+/wudOawaMwUWQl5asD8fuy/hl5S1nv9XxIc842QJOtJFxhyeMIXt\n' + (STDOUT, APP/TASK/deploy-to-postgresql)#
#2026 04 13 19:07:14.842#Z#DEBUG#be2d3d37-376b-11f1-938a-eeee0a8c9147.BTP_CI_CD_Deployment_CAPM-postgres-deployer#flowable-async-job-executor-thread-20382#
[PollExecuteTaskStatusExecution] c49c6f4e-6a21-4cf0-9f92-c125a8dc9d83 [2026-04-13T19:07:13.100029] 'LVECVw/dPekhMjS3Zo3wwRgYbnKG7YXXT5WMxJEnHu8+cYpMiRClzq2BEP6/MtI2\n' + (STDOUT, APP/TASK/deploy-to-postgresql)#
#2026 04 13 19:07:14.842#Z#DEBUG#be2d3d37-376b-11f1-938a-eeee0a8c9147.BTP_CI_CD_Deployment_CAPM-postgres-deployer#flowable-async-job-executor-thread-20382#
[PollExecuteTaskStatusExecution] c49c6f4e-6a21-4cf0-9f92-c125a8dc9d83 [2026-04-13T19:07:13.100039] 'AZQQUFu2yFjRGL2OZA6IYjxnXYiRAgMBAAGjQjBAMA8GA1UdEwEB/wQFMAMBAf8w\n' + (STDOUT, APP/TASK/deploy-to-postgresql)#
#2026 04 13 19:07:14.842#Z#DEBUG#be2d3d37-376b-11f1-938a-eeee0a8c9147.BTP_CI_CD_Deployment_CAPM-postgres-deployer#flowable-async-job-executor-thread-20382#
[PollExecuteTaskStatusExecution] c49c6f4e-6a21-4cf0-9f92-c125a8dc9d83 [2026-04-13T19:07:13.100044] 'HQYDVR0OBBYEFADCcQCPX2HmkqQcmuHfiQ2jjqnrMA4GA1UdDwEB/wQEAwIBhjAN\n' + (STDOUT, APP/TASK/deploy-to-postgresql)#
#2026 04 13 19:07:14.842#Z#DEBUG#be2d3d37-376b-11f1-938a-eeee0a8c9147.BTP_CI_CD_Deployment_CAPM-postgres-deployer#flowable-async-job-executor-thread-20382#
[PollExecuteTaskStatusExecution] c49c6f4e-6a21-4cf0-9f92-c125a8dc9d83 [2026-04-13T19:07:13.100047] 'BgkqhkiG9w0BAQwFAAOCAgEASXkGQ2eUmudIKPeOIF7RBryCoPmMOsqP0+1qxF8l\n' + (STDOUT, APP/TASK/deploy-to-postgresql)#
#2026 04 13 19:07:14.842#Z#DEBUG#be2d3d37-376b-11f1-938a-eeee0a8c9147.BTP_CI_CD_Deployment_CAPM-postgres-deployer#flowable-async-job-executor-thread-20382#
[PollExecuteTaskStatusExecution] c49c6f4e-6a21-4cf0-9f92-c125a8dc9d83 [2026-04-13T19:07:13.100049] 'pGkwmrgNDGpmd9s0ArfIVBTc1jmpgB3oiRW9c6n2OmwBKL4UPuQ8O3KwSP0iD2sZ\n' + (STDOUT, APP/TASK/deploy-to-postgresql)#
#2026 04 13 19:07:14.842#Z#DEBUG#be2d3d37-376b-11f1-938a-eeee0a8c9147.BTP_CI_CD_Deployment_CAPM-postgres-deployer#flowable-async-job-executor-thread-20382#
[PollExecuteTaskStatusExecution] c49c6f4e-6a21-4cf0-9f92-c125a8dc9d83 [2026-04-13T19:07:13.100051] 'KMXoMEyphCEzW1I2GRvYDugL3Z9MWrnHkoaoH2l8YyTYvszTvdgxBPpM2x4pSkp+\n' + (STDOUT, APP/TASK/deploy-to-postgresql)#
#2026 04 13 19:07:14.842#Z#DEBUG#be2d3d37-376b-11f1-938a-eeee0a8c9147.BTP_CI_CD_Deployment_CAPM-postgres-deployer#flowable-async-job-executor-thread-20382#
[PollExecuteTaskStatusExecution] c49c6f4e-6a21-4cf0-9f92-c125a8dc9d83 [2026-04-13T19:07:13.100054] '76d4/eRpJ5mVuQ93nC+YG0wXCxSq63hX4kyZgPxgCdAA+qgFfKIGyNqUIqWgeyTP\n' + (STDOUT, APP/TASK/deploy-to-postgresql)#
#2026 04 13 19:07:14.842#Z#DEBUG#be2d3d37-376b-11f1-938a-eeee0a8c9147.BTP_CI_CD_Deployment_CAPM-postgres-deployer#flowable-async-job-executor-thread-20382#
[PollExecuteTaskStatusExecution] c49c6f4e-6a21-4cf0-9f92-c125a8dc9d83 [2026-04-13T19:07:13.100057] 'n5OgKaboYk2141Rf2hGMD3/hsGm0rrJh7g3C0ZirPws3eeJfulvAOIy2IZzqHUSY\n' + (STDOUT, APP/TASK/deploy-to-postgresql)#
#2026 04 13 19:07:14.842#Z#DEBUG#be2d3d37-376b-11f1-938a-eeee0a8c9147.BTP_CI_CD_Deployment_CAPM-postgres-deployer#flowable-async-job-executor-thread-20382#
[PollExecuteTaskStatusExecution] c49c6f4e-6a21-4cf0-9f92-c125a8dc9d83 [2026-04-13T19:07:13.100059] 'jkFzraz6LEH3IlArT3jUPvWKqvh2lJWnnp56aqxBR7qHH5voD49UpJWY1K0BjGnS\n' + (STDOUT, APP/TASK/deploy-to-postgresql)#
#2026 04 13 19:07:14.842#Z#DEBUG#be2d3d37-376b-11f1-938a-eeee0a8c9147.BTP_CI_CD_Deployment_CAPM-postgres-deployer#flowable-async-job-executor-thread-20382#
[PollExecuteTaskStatusExecution] c49c6f4e-6a21-4cf0-9f92-c125a8dc9d83 [2026-04-13T19:07:13.100061] 'OHcurpp0Yt/BIs4VZeWdCZwI7JaSeDcPMaMDBvND3Ia5Fga0thgYQTG6dE+N5fgF\n' + (STDOUT, APP/TASK/deploy-to-postgresql)#
#2026 04 13 19:07:14.842#Z#DEBUG#be2d3d37-376b-11f1-938a-eeee0a8c9147.BTP_CI_CD_Deployment_CAPM-postgres-deployer#flowable-async-job-executor-thread-20382#
[PollExecuteTaskStatusExecution] c49c6f4e-6a21-4cf0-9f92-c125a8dc9d83 [2026-04-13T19:07:13.100065] 'z+hRaujXO2nb0LmddVyvE8prYlWRMuYFv+Co8hcMdJ0lEZlfVNu0jbm9/GmwAZ+l\n' + (STDOUT, APP/TASK/deploy-to-postgresql)#
#2026 04 13 19:07:14.842#Z#DEBUG#be2d3d37-376b-11f1-938a-eeee0a8c9147.BTP_CI_CD_Deployment_CAPM-postgres-deployer#flowable-async-job-executor-thread-20382#
[PollExecuteTaskStatusExecution] c49c6f4e-6a21-4cf0-9f92-c125a8dc9d83 [2026-04-13T19:07:13.100067] '9umeYO9yz/uC7edC8XJBglMAKUmVK9wNtOckUWAcCfnPWYLbYa/PqtXBYcxrso5j\n' + (STDOUT, APP/TASK/deploy-to-postgresql)#
#2026 04 13 19:07:14.842#Z#DEBUG#be2d3d37-376b-11f1-938a-eeee0a8c9147.BTP_CI_CD_Deployment_CAPM-postgres-deployer#flowable-async-job-executor-thread-20382#
[PollExecuteTaskStatusExecution] c49c6f4e-6a21-4cf0-9f92-c125a8dc9d83 [2026-04-13T19:07:13.100069] 'iaS/A7iEW51uteHBGrViCy1afGG+hiUWwFlesli+Rq4dNstX3h6h2baWABaAxEVJ\n' + (STDOUT, APP/TASK/deploy-to-postgresql)#
#2026 04 13 19:07:14.842#Z#DEBUG#be2d3d37-376b-11f1-938a-eeee0a8c9147.BTP_CI_CD_Deployment_CAPM-postgres-deployer#flowable-async-job-executor-thread-20382#
[PollExecuteTaskStatusExecution] c49c6f4e-6a21-4cf0-9f92-c125a8dc9d83 [2026-04-13T19:07:13.100071] 'y1RnTQSz6mROT1VmZSgSVO37rgIyY0Hf0872ogcTS+FfvXgBxCxsNWEbiQ/XXva4\n' + (STDOUT, APP/TASK/deploy-to-postgresql)#
#2026 04 13 19:07:14.842#Z#DEBUG#be2d3d37-376b-11f1-938a-eeee0a8c9147.BTP_CI_CD_Deployment_CAPM-postgres-deployer#flowable-async-job-executor-thread-20382#
[PollExecuteTaskStatusExecution] c49c6f4e-6a21-4cf0-9f92-c125a8dc9d83 [2026-04-13T19:07:13.100074] '0Ws=\n' + (STDOUT, APP/TASK/deploy-to-postgresql)#
#2026 04 13 19:07:14.842#Z#DEBUG#be2d3d37-376b-11f1-938a-eeee0a8c9147.BTP_CI_CD_Deployment_CAPM-postgres-deployer#flowable-async-job-executor-thread-20382#
[PollExecuteTaskStatusExecution] c49c6f4e-6a21-4cf0-9f92-c125a8dc9d83 [2026-04-13T19:07:13.100078] '-----END CERTIFICATE-----\n' + (STDOUT, APP/TASK/deploy-to-postgresql)#
#2026 04 13 19:07:14.842#Z#DEBUG#be2d3d37-376b-11f1-938a-eeee0a8c9147.BTP_CI_CD_Deployment_CAPM-postgres-deployer#flowable-async-job-executor-thread-20382#
[PollExecuteTaskStatusExecution] c49c6f4e-6a21-4cf0-9f92-c125a8dc9d83 [2026-04-13T19:07:13.100080] '-----BEGIN CERTIFICATE-----\n' + (STDOUT, APP/TASK/deploy-to-postgresql)#
#2026 04 13 19:07:14.842#Z#DEBUG#be2d3d37-376b-11f1-938a-eeee0a8c9147.BTP_CI_CD_Deployment_CAPM-postgres-deployer#flowable-async-job-executor-thread-20382#
[PollExecuteTaskStatusExecution] c49c6f4e-6a21-4cf0-9f92-c125a8dc9d83 [2026-04-13T19:07:13.100082] 'MIICrjCCAjSgAwIBAgIRAPAlEk8VJPmEzVRRaWvTh2AwCgYIKoZIzj0EAwMwgZYx\n' + (STDOUT, APP/TASK/deploy-to-postgresql)#
#2026 04 13 19:07:14.842#Z#DEBUG#be2d3d37-376b-11f1-938a-eeee0a8c9147.BTP_CI_CD_Deployment_CAPM-postgres-deployer#flowable-async-job-executor-thread-20382#
[PollExecuteTaskStatusExecution] c49c6f4e-6a21-4cf0-9f92-c125a8dc9d83 [2026-04-13T19:07:13.100084] 'CzAJBgNVBAYTAlVTMSIwIAYDVQQKDBlBbWF6b24gV2ViIFNlcnZpY2VzLCBJbmMu\n' + (STDOUT, APP/TASK/deploy-to-postgresql)#
#2026 04 13 19:07:14.842#Z#DEBUG#be2d3d37-376b-11f1-938a-eeee0a8c9147.BTP_CI_CD_Deployment_CAPM-postgres-deployer#flowable-async-job-executor-thread-20382#
[PollExecuteTaskStatusExecution] c49c6f4e-6a21-4cf0-9f92-c125a8dc9d83 [2026-04-13T19:07:13.100086] 'MRMwEQYDVQQLDApBbWF6b24gUkRTMQswCQYDVQQIDAJXQTEvMC0GA1UEAwwmQW1h\n' + (STDOUT, APP/TASK/deploy-to-postgresql)#
#2026 04 13 19:07:14.842#Z#DEBUG#be2d3d37-376b-11f1-938a-eeee0a8c9147.BTP_CI_CD_Deployment_CAPM-postgres-deployer#flowable-async-job-executor-thread-20382#
[PollExecuteTaskStatusExecution] c49c6f4e-6a21-4cf0-9f92-c125a8dc9d83 [2026-04-13T19:07:13.100089] 'em9uIFJEUyB1cy1lYXN0LTEgUm9vdCBDQSBFQ0MzODQgRzExEDAOBgNVBAcMB1Nl\n' + (STDOUT, APP/TASK/deploy-to-postgresql)#
#2026 04 13 19:07:14.842#Z#DEBUG#be2d3d37-376b-11f1-938a-eeee0a8c9147.BTP_CI_CD_Deployment_CAPM-postgres-deployer#flowable-async-job-executor-thread-20382#
[PollExecuteTaskStatusExecution] c49c6f4e-6a21-4cf0-9f92-c125a8dc9d83 [2026-04-13T19:07:13.100091] 'YXR0bGUwIBcNMjEwNTI1MjI0MTU1WhgPMjEyMTA1MjUyMzQxNTVaMIGWMQswCQYD\n' + (STDOUT, APP/TASK/deploy-to-postgresql)#
#2026 04 13 19:07:14.842#Z#DEBUG#be2d3d37-376b-11f1-938a-eeee0a8c9147.BTP_CI_CD_Deployment_CAPM-postgres-deployer#flowable-async-job-executor-thread-20382#
[PollExecuteTaskStatusExecution] c49c6f4e-6a21-4cf0-9f92-c125a8dc9d83 [2026-04-13T19:07:13.100093] 'VQQGEwJVUzEiMCAGA1UECgwZQW1hem9uIFdlYiBTZXJ2aWNlcywgSW5jLjETMBEG\n' + (STDOUT, APP/TASK/deploy-to-postgresql)#
#2026 04 13 19:07:14.842#Z#DEBUG#be2d3d37-376b-11f1-938a-eeee0a8c9147.BTP_CI_CD_Deployment_CAPM-postgres-deployer#flowable-async-job-executor-thread-20382#
[PollExecuteTaskStatusExecution] c49c6f4e-6a21-4cf0-9f92-c125a8dc9d83 [2026-04-13T19:07:13.100096] 'A1UECwwKQW1hem9uIFJEUzELMAkGA1UECAwCV0ExLzAtBgNVBAMMJkFtYXpvbiBS\n' + (STDOUT, APP/TASK/deploy-to-postgresql)#
#2026 04 13 19:07:14.842#Z#DEBUG#be2d3d37-376b-11f1-938a-eeee0a8c9147.BTP_CI_CD_Deployment_CAPM-postgres-deployer#flowable-async-job-executor-thread-20382#
[PollExecuteTaskStatusExecution] c49c6f4e-6a21-4cf0-9f92-c125a8dc9d83 [2026-04-13T19:07:13.100099] 'RFMgdXMtZWFzdC0xIFJvb3QgQ0EgRUNDMzg0IEcxMRAwDgYDVQQHDAdTZWF0dGxl\n' + (STDOUT, APP/TASK/deploy-to-postgresql)#
#2026 04 13 19:07:14.842#Z#DEBUG#be2d3d37-376b-11f1-938a-eeee0a8c9147.BTP_CI_CD_Deployment_CAPM-postgres-deployer#flowable-async-job-executor-thread-20382#
[PollExecuteTaskStatusExecution] c49c6f4e-6a21-4cf0-9f92-c125a8dc9d83 [2026-04-13T19:07:13.100102] 'MHYwEAYHKoZIzj0CAQYFK4EEACIDYgAEx5xjrup8II4HOJw15NTnS3H5yMrQGlbj\n' + (STDOUT, APP/TASK/deploy-to-postgresql)#
#2026 04 13 19:07:14.842#Z#DEBUG#be2d3d37-376b-11f1-938a-eeee0a8c9147.BTP_CI_CD_Deployment_CAPM-postgres-deployer#flowable-async-job-executor-thread-20382#
[PollExecuteTaskStatusExecution] c49c6f4e-6a21-4cf0-9f92-c125a8dc9d83 [2026-04-13T19:07:13.100104] 'EDA5MMGnE9DmHp5dACIxmPXPMe/99nO7wNdl7G71OYPCgEvWm0FhdvVUeTb3LVnV\n' + (STDOUT, APP/TASK/deploy-to-postgresql)#
#2026 04 13 19:07:14.842#Z#DEBUG#be2d3d37-376b-11f1-938a-eeee0a8c9147.BTP_CI_CD_Deployment_CAPM-postgres-deployer#flowable-async-job-executor-thread-20382#
[PollExecuteTaskStatusExecution] c49c6f4e-6a21-4cf0-9f92-c125a8dc9d83 [2026-04-13T19:07:13.100107] 'BnaXt32Ek7/oxGk1T+Df03C+W0vmuJ+wo0IwQDAPBgNVHRMBAf8EBTADAQH/MB0G\n' + (STDOUT, APP/TASK/deploy-to-postgresql)#
#2026 04 13 19:07:14.842#Z#DEBUG#be2d3d37-376b-11f1-938a-eeee0a8c9147.BTP_CI_CD_Deployment_CAPM-postgres-deployer#flowable-async-job-executor-thread-20382#
[PollExecuteTaskStatusExecution] c49c6f4e-6a21-4cf0-9f92-c125a8dc9d83 [2026-04-13T19:07:13.100109] 'A1UdDgQWBBTGXmqBWN/1tkSea4pNw0oHrjk2UDAOBgNVHQ8BAf8EBAMCAYYwCgYI\n' + (STDOUT, APP/TASK/deploy-to-postgresql)#
#2026 04 13 19:07:14.842#Z#DEBUG#be2d3d37-376b-11f1-938a-eeee0a8c9147.BTP_CI_CD_Deployment_CAPM-postgres-deployer#flowable-async-job-executor-thread-20382#
[PollExecuteTaskStatusExecution] c49c6f4e-6a21-4cf0-9f92-c125a8dc9d83 [2026-04-13T19:07:13.100113] 'KoZIzj0EAwMDaAAwZQIxAIqqZWCSrIkZ7zsv/FygtAusW6yvlL935YAWYPVXU30m\n' + (STDOUT, APP/TASK/deploy-to-postgresql)#
#2026 04 13 19:07:14.842#Z#DEBUG#be2d3d37-376b-11f1-938a-eeee0a8c9147.BTP_CI_CD_Deployment_CAPM-postgres-deployer#flowable-async-job-executor-thread-20382#
[PollExecuteTaskStatusExecution] c49c6f4e-6a21-4cf0-9f92-c125a8dc9d83 [2026-04-13T19:07:13.100115] 'jkMFLM+/RJ9GMvnO8jHfCgIwB+whlkcItzE9CRQ6CsMo/d5cEHDUu/QW6jSIh9BR\n' + (STDOUT, APP/TASK/deploy-to-postgresql)#
#2026 04 13 19:07:14.842#Z#DEBUG#be2d3d37-376b-11f1-938a-eeee0a8c9147.BTP_CI_CD_Deployment_CAPM-postgres-deployer#flowable-async-job-executor-thread-20382#
[PollExecuteTaskStatusExecution] c49c6f4e-6a21-4cf0-9f92-c125a8dc9d83 [2026-04-13T19:07:13.100118] 'OGh9pTYPVkUbBiKPA7lVVhre\n' + (STDOUT, APP/TASK/deploy-to-postgresql)#
#2026 04 13 19:07:14.842#Z#DEBUG#be2d3d37-376b-11f1-938a-eeee0a8c9147.BTP_CI_CD_Deployment_CAPM-postgres-deployer#flowable-async-job-executor-thread-20382#
[PollExecuteTaskStatusExecution] c49c6f4e-6a21-4cf0-9f92-c125a8dc9d83 [2026-04-13T19:07:13.100121] '-----END CERTIFICATE-----\n', (STDOUT, APP/TASK/deploy-to-postgresql)#
#2026 04 13 19:07:14.842#Z#DEBUG#be2d3d37-376b-11f1-938a-eeee0a8c9147.BTP_CI_CD_Deployment_CAPM-postgres-deployer#flowable-async-job-executor-thread-20382#
[PollExecuteTaskStatusExecution] c49c6f4e-6a21-4cf0-9f92-c125a8dc9d83 [2026-04-13T19:07:13.100125] sslrootcert: '-----BEGIN CERTIFICATE-----\n' + (STDOUT, APP/TASK/deploy-to-postgresql)#
#2026 04 13 19:07:14.842#Z#DEBUG#be2d3d37-376b-11f1-938a-eeee0a8c9147.BTP_CI_CD_Deployment_CAPM-postgres-deployer#flowable-async-job-executor-thread-20382#
[PollExecuteTaskStatusExecution] c49c6f4e-6a21-4cf0-9f92-c125a8dc9d83 [2026-04-13T19:07:13.100128] 'MIID/zCCAuegAwIBAgIRAPVSMfFitmM5PhmbaOFoGfUwDQYJKoZIhvcNAQELBQAw\n' + (STDOUT, APP/TASK/deploy-to-postgresql)#
#2026 04 13 19:07:14.842#Z#DEBUG#be2d3d37-376b-11f1-938a-eeee0a8c9147.BTP_CI_CD_Deployment_CAPM-postgres-deployer#flowable-async-job-executor-thread-20382#
[PollExecuteTaskStatusExecution] c49c6f4e-6a21-4cf0-9f92-c125a8dc9d83 [2026-04-13T19:07:13.100130] 'gZcxCzAJBgNVBAYTAlVTMSIwIAYDVQQKDBlBbWF6b24gV2ViIFNlcnZpY2VzLCBJ\n' + (STDOUT, APP/TASK/deploy-to-postgresql)#
#2026 04 13 19:07:14.842#Z#DEBUG#be2d3d37-376b-11f1-938a-eeee0a8c9147.BTP_CI_CD_Deployment_CAPM-postgres-deployer#flowable-async-job-executor-thread-20382#
[PollExecuteTaskStatusExecution] c49c6f4e-6a21-4cf0-9f92-c125a8dc9d83 [2026-04-13T19:07:13.100133] 'bmMuMRMwEQYDVQQLDApBbWF6b24gUkRTMQswCQYDVQQIDAJXQTEwMC4GA1UEAwwn\n' + (STDOUT, APP/TASK/deploy-to-postgresql)#
#2026 04 13 19:07:14.842#Z#DEBUG#be2d3d37-376b-11f1-938a-eeee0a8c9147.BTP_CI_CD_Deployment_CAPM-postgres-deployer#flowable-async-job-executor-thread-20382#
[PollExecuteTaskStatusExecution] c49c6f4e-6a21-4cf0-9f92-c125a8dc9d83 [2026-04-13T19:07:13.100135] 'QW1hem9uIFJEUyB1cy1lYXN0LTEgUm9vdCBDQSBSU0EyMDQ4IEcxMRAwDgYDVQQH\n' + (STDOUT, APP/TASK/deploy-to-postgresql)#
#2026 04 13 19:07:14.842#Z#DEBUG#be2d3d37-376b-11f1-938a-eeee0a8c9147.BTP_CI_CD_Deployment_CAPM-postgres-deployer#flowable-async-job-executor-thread-20382#
[PollExecuteTaskStatusExecution] c49c6f4e-6a21-4cf0-9f92-c125a8dc9d83 [2026-04-13T19:07:13.100139] 'DAdTZWF0dGxlMCAXDTIxMDUyNTIyMzQ1N1oYDzIwNjEwNTI1MjMzNDU3WjCBlzEL\n' + (STDOUT, APP/TASK/deploy-to-postgresql)#
#2026 04 13 19:07:14.842#Z#DEBUG#be2d3d37-376b-11f1-938a-eeee0a8c9147.BTP_CI_CD_Deployment_CAPM-postgres-deployer#flowable-async-job-executor-thread-20382#
[PollExecuteTaskStatusExecution] c49c6f4e-6a21-4cf0-9f92-c125a8dc9d83 [2026-04-13T19:07:13.100141] 'MAkGA1UEBhMCVVMxIjAgBgNVBAoMGUFtYXpvbiBXZWIgU2VydmljZXMsIEluYy4x\n' + (STDOUT, APP/TASK/deploy-to-postgresql)#
#2026 04 13 19:07:14.842#Z#DEBUG#be2d3d37-376b-11f1-938a-eeee0a8c9147.BTP_CI_CD_Deployment_CAPM-postgres-deployer#flowable-async-job-executor-thread-20382#
[PollExecuteTaskStatusExecution] c49c6f4e-6a21-4cf0-9f92-c125a8dc9d83 [2026-04-13T19:07:13.100144] 'EzARBgNVBAsMCkFtYXpvbiBSRFMxCzAJBgNVBAgMAldBMTAwLgYDVQQDDCdBbWF6\n' + (STDOUT, APP/TASK/deploy-to-postgresql)#
#2026 04 13 19:07:14.842#Z#DEBUG#be2d3d37-376b-11f1-938a-eeee0a8c9147.BTP_CI_CD_Deployment_CAPM-postgres-deployer#flowable-async-job-executor-thread-20382#
[PollExecuteTaskStatusExecution] c49c6f4e-6a21-4cf0-9f92-c125a8dc9d83 [2026-04-13T19:07:13.100147] 'b24gUkRTIHVzLWVhc3QtMSBSb290IENBIFJTQTIwNDggRzExEDAOBgNVBAcMB1Nl\n' + (STDOUT, APP/TASK/deploy-to-postgresql)#
#2026 04 13 19:07:14.842#Z#DEBUG#be2d3d37-376b-11f1-938a-eeee0a8c9147.BTP_CI_CD_Deployment_CAPM-postgres-deployer#flowable-async-job-executor-thread-20382#
[PollExecuteTaskStatusExecution] c49c6f4e-6a21-4cf0-9f92-c125a8dc9d83 [2026-04-13T19:07:13.100149] 'YXR0bGUwggEiMA0GCSqGSIb3DQEBAQUAA4IBDwAwggEKAoIBAQDu9H7TBeGoDzMr\n' + (STDOUT, APP/TASK/deploy-to-postgresql)#
#2026 04 13 19:07:14.842#Z#DEBUG#be2d3d37-376b-11f1-938a-eeee0a8c9147.BTP_CI_CD_Deployment_CAPM-postgres-deployer#flowable-async-job-executor-thread-20382#
[PollExecuteTaskStatusExecution] c49c6f4e-6a21-4cf0-9f92-c125a8dc9d83 [2026-04-13T19:07:13.100151] 'dxN6H8COntJX4IR6dbyhnj5qMD4xl/IWvp50lt0VpmMd+z2PNZzx8RazeGC5IniV\n' + (STDOUT, APP/TASK/deploy-to-postgresql)#
#2026 04 13 19:07:14.842#Z#DEBUG#be2d3d37-376b-11f1-938a-eeee0a8c9147.BTP_CI_CD_Deployment_CAPM-postgres-deployer#flowable-async-job-executor-thread-20382#
[PollExecuteTaskStatusExecution] c49c6f4e-6a21-4cf0-9f92-c125a8dc9d83 [2026-04-13T19:07:13.100156] '5nrLg0AKWRQ2A/lGGXbUrGXCSe09brMQCxWBSIYe1WZZ1iU1IJ/6Bp4D2YEHpXrW\n' + (STDOUT, APP/TASK/deploy-to-postgresql)#
#2026 04 13 19:07:14.842#Z#DEBUG#be2d3d37-376b-11f1-938a-eeee0a8c9147.BTP_CI_CD_Deployment_CAPM-postgres-deployer#flowable-async-job-executor-thread-20382#
[PollExecuteTaskStatusExecution] c49c6f4e-6a21-4cf0-9f92-c125a8dc9d83 [2026-04-13T19:07:13.100158] 'bPkOq5x3YPcsoitgm1Xh8ygz6vb7PsvJvPbvRMnkDg5IqEThapPjmKb8ZJWyEFEE\n' + (STDOUT, APP/TASK/deploy-to-postgresql)#
#2026 04 13 19:07:14.842#Z#DEBUG#be2d3d37-376b-11f1-938a-eeee0a8c9147.BTP_CI_CD_Deployment_CAPM-postgres-deployer#flowable-async-job-executor-thread-20382#
[PollExecuteTaskStatusExecution] c49c6f4e-6a21-4cf0-9f92-c125a8dc9d83 [2026-04-13T19:07:13.100162] 'QRrkCIRueB1EqQtJw0fvP4PKDlCJAKBEs/y049FoOqYpT3pRy0WKqPhWve+hScMd\n' + (STDOUT, APP/TASK/deploy-to-postgresql)#
#2026 04 13 19:07:14.842#Z#DEBUG#be2d3d37-376b-11f1-938a-eeee0a8c9147.BTP_CI_CD_Deployment_CAPM-postgres-deployer#flowable-async-job-executor-thread-20382#
[PollExecuteTaskStatusExecution] c49c6f4e-6a21-4cf0-9f92-c125a8dc9d83 [2026-04-13T19:07:13.100164] '6obq8kxTFy1IHACjHc51nrGII5Bt76/MpTWhnJIJrCnq1/Uc3Qs8IVeb+sLaFC8K\n' + (STDOUT, APP/TASK/deploy-to-postgresql)#
#2026 04 13 19:07:14.842#Z#DEBUG#be2d3d37-376b-11f1-938a-eeee0a8c9147.BTP_CI_CD_Deployment_CAPM-postgres-deployer#flowable-async-job-executor-thread-20382#
[PollExecuteTaskStatusExecution] c49c6f4e-6a21-4cf0-9f92-c125a8dc9d83 [2026-04-13T19:07:13.100167] 'DI69Sw6bAgMBAAGjQjBAMA8GA1UdEwEB/wQFMAMBAf8wHQYDVR0OBBYEFE7PCopt\n' + (STDOUT, APP/TASK/deploy-to-postgresql)#
#2026 04 13 19:07:14.842#Z#DEBUG#be2d3d37-376b-11f1-938a-eeee0a8c9147.BTP_CI_CD_Deployment_CAPM-postgres-deployer#flowable-async-job-executor-thread-20382#
[PollExecuteTaskStatusExecution] c49c6f4e-6a21-4cf0-9f92-c125a8dc9d83 [2026-04-13T19:07:13.100169] 'lyOgtXX0Y1lObBUxuKaCMA4GA1UdDwEB/wQEAwIBhjANBgkqhkiG9w0BAQsFAAOC\n' + (STDOUT, APP/TASK/deploy-to-postgresql)#
#2026 04 13 19:07:14.842#Z#DEBUG#be2d3d37-376b-11f1-938a-eeee0a8c9147.BTP_CI_CD_Deployment_CAPM-postgres-deployer#flowable-async-job-executor-thread-20382#
[PollExecuteTaskStatusExecution] c49c6f4e-6a21-4cf0-9f92-c125a8dc9d83 [2026-04-13T19:07:13.100172] 'AQEAFj+bX8gLmMNefr5jRJfHjrL3iuZCjf7YEZgn89pS4z8408mjj9z6Q5D1H7yS\n' + (STDOUT, APP/TASK/deploy-to-postgresql)#
#2026 04 13 19:07:14.842#Z#DEBUG#be2d3d37-376b-11f1-938a-eeee0a8c9147.BTP_CI_CD_Deployment_CAPM-postgres-deployer#flowable-async-job-executor-thread-20382#
[PollExecuteTaskStatusExecution] c49c6f4e-6a21-4cf0-9f92-c125a8dc9d83 [2026-04-13T19:07:13.100175] 'jNETVV8QaJip1qyhh5gRzRaArgGAYvi2/r0zPsy+Tgf7v1KGL5Lh8NT8iCEGGXwF\n' + (STDOUT, APP/TASK/deploy-to-postgresql)#
#2026 04 13 19:07:14.842#Z#DEBUG#be2d3d37-376b-11f1-938a-eeee0a8c9147.BTP_CI_CD_Deployment_CAPM-postgres-deployer#flowable-async-job-executor-thread-20382#
[PollExecuteTaskStatusExecution] c49c6f4e-6a21-4cf0-9f92-c125a8dc9d83 [2026-04-13T19:07:13.100178] 'g3Ir+Nl3e+9XUp0eyyzBIjHtjLBm6yy8rGk9p6OtFDQnKF5OxwbAgip42CD75r/q\n' + (STDOUT, APP/TASK/deploy-to-postgresql)#
#2026 04 13 19:07:14.842#Z#DEBUG#be2d3d37-376b-11f1-938a-eeee0a8c9147.BTP_CI_CD_Deployment_CAPM-postgres-deployer#flowable-async-job-executor-thread-20382#
[PollExecuteTaskStatusExecution] c49c6f4e-6a21-4cf0-9f92-c125a8dc9d83 [2026-04-13T19:07:13.100180] 'p421maEDDvvRFR4D+99JZxgAYDBGqRRceUoe16qDzbMvlz0A9paCZFclxeftAxv6\n' + (STDOUT, APP/TASK/deploy-to-postgresql)#
#2026 04 13 19:07:14.842#Z#DEBUG#be2d3d37-376b-11f1-938a-eeee0a8c9147.BTP_CI_CD_Deployment_CAPM-postgres-deployer#flowable-async-job-executor-thread-20382#
[PollExecuteTaskStatusExecution] c49c6f4e-6a21-4cf0-9f92-c125a8dc9d83 [2026-04-13T19:07:13.100182] 'QlR5rItMz/XdzpBJUpYhdzM0gCzAzdQuVO5tjJxmXhkSMcDP+8Q+Uv6FA9k2VpUV\n' + (STDOUT, APP/TASK/deploy-to-postgresql)#
#2026 04 13 19:07:14.842#Z#DEBUG#be2d3d37-376b-11f1-938a-eeee0a8c9147.BTP_CI_CD_Deployment_CAPM-postgres-deployer#flowable-async-job-executor-thread-20382#
[PollExecuteTaskStatusExecution] c49c6f4e-6a21-4cf0-9f92-c125a8dc9d83 [2026-04-13T19:07:13.100185] 'E/O5jgpqUJJ2Hc/5rs9VkAPXeA==\n' + (STDOUT, APP/TASK/deploy-to-postgresql)#
#2026 04 13 19:07:14.842#Z#DEBUG#be2d3d37-376b-11f1-938a-eeee0a8c9147.BTP_CI_CD_Deployment_CAPM-postgres-deployer#flowable-async-job-executor-thread-20382#
[PollExecuteTaskStatusExecution] c49c6f4e-6a21-4cf0-9f92-c125a8dc9d83 [2026-04-13T19:07:13.100187] '-----END CERTIFICATE-----\n' + (STDOUT, APP/TASK/deploy-to-postgresql)#
#2026 04 13 19:07:14.842#Z#DEBUG#be2d3d37-376b-11f1-938a-eeee0a8c9147.BTP_CI_CD_Deployment_CAPM-postgres-deployer#flowable-async-job-executor-thread-20382#
[PollExecuteTaskStatusExecution] c49c6f4e-6a21-4cf0-9f92-c125a8dc9d83 [2026-04-13T19:07:13.100191] '-----BEGIN CERTIFICATE-----\n' + (STDOUT, APP/TASK/deploy-to-postgresql)#
#2026 04 13 19:07:14.842#Z#DEBUG#be2d3d37-376b-11f1-938a-eeee0a8c9147.BTP_CI_CD_Deployment_CAPM-postgres-deployer#flowable-async-job-executor-thread-20382#
[PollExecuteTaskStatusExecution] c49c6f4e-6a21-4cf0-9f92-c125a8dc9d83 [2026-04-13T19:07:13.100193] 'MIIF/jCCA+agAwIBAgIQaRHaEqqacXN20e8zZJtmDDANBgkqhkiG9w0BAQwFADCB\n' + (STDOUT, APP/TASK/deploy-to-postgresql)#
#2026 04 13 19:07:14.842#Z#DEBUG#be2d3d37-376b-11f1-938a-eeee0a8c9147.BTP_CI_CD_Deployment_CAPM-postgres-deployer#flowable-async-job-executor-thread-20382#
[PollExecuteTaskStatusExecution] c49c6f4e-6a21-4cf0-9f92-c125a8dc9d83 [2026-04-13T19:07:13.100215] 'lzELMAkGA1UEBhMCVVMxIjAgBgNVBAoMGUFtYXpvbiBXZWIgU2VydmljZXMsIElu\n' + (STDOUT, APP/TASK/deploy-to-postgresql)#
#2026 04 13 19:07:14.842#Z#DEBUG#be2d3d37-376b-11f1-938a-eeee0a8c9147.BTP_CI_CD_Deployment_CAPM-postgres-deployer#flowable-async-job-executor-thread-20382#
[PollExecuteTaskStatusExecution] c49c6f4e-6a21-4cf0-9f92-c125a8dc9d83 [2026-04-13T19:07:13.100218] 'Yy4xEzARBgNVBAsMCkFtYXpvbiBSRFMxCzAJBgNVBAgMAldBMTAwLgYDVQQDDCdB\n' + (STDOUT, APP/TASK/deploy-to-postgresql)#
#2026 04 13 19:07:14.842#Z#DEBUG#be2d3d37-376b-11f1-938a-eeee0a8c9147.BTP_CI_CD_Deployment_CAPM-postgres-deployer#flowable-async-job-executor-thread-20382#
[PollExecuteTaskStatusExecution] c49c6f4e-6a21-4cf0-9f92-c125a8dc9d83 [2026-04-13T19:07:13.100220] 'bWF6b24gUkRTIHVzLWVhc3QtMSBSb290IENBIFJTQTQwOTYgRzExEDAOBgNVBAcM\n' + (STDOUT, APP/TASK/deploy-to-postgresql)#
#2026 04 13 19:07:14.842#Z#DEBUG#be2d3d37-376b-11f1-938a-eeee0a8c9147.BTP_CI_CD_Deployment_CAPM-postgres-deployer#flowable-async-job-executor-thread-20382#
[PollExecuteTaskStatusExecution] c49c6f4e-6a21-4cf0-9f92-c125a8dc9d83 [2026-04-13T19:07:13.100223] 'B1NlYXR0bGUwIBcNMjEwNTI1MjIzODM1WhgPMjEyMTA1MjUyMzM4MzVaMIGXMQsw\n' + (STDOUT, APP/TASK/deploy-to-postgresql)#
#2026 04 13 19:07:14.842#Z#DEBUG#be2d3d37-376b-11f1-938a-eeee0a8c9147.BTP_CI_CD_Deployment_CAPM-postgres-deployer#flowable-async-job-executor-thread-20382#
[PollExecuteTaskStatusExecution] c49c6f4e-6a21-4cf0-9f92-c125a8dc9d83 [2026-04-13T19:07:13.100225] 'CQYDVQQGEwJVUzEiMCAGA1UECgwZQW1hem9uIFdlYiBTZXJ2aWNlcywgSW5jLjET\n' + (STDOUT, APP/TASK/deploy-to-postgresql)#
#2026 04 13 19:07:14.842#Z#DEBUG#be2d3d37-376b-11f1-938a-eeee0a8c9147.BTP_CI_CD_Deployment_CAPM-postgres-deployer#flowable-async-job-executor-thread-20382#
[PollExecuteTaskStatusExecution] c49c6f4e-6a21-4cf0-9f92-c125a8dc9d83 [2026-04-13T19:07:13.100227] 'MBEGA1UECwwKQW1hem9uIFJEUzELMAkGA1UECAwCV0ExMDAuBgNVBAMMJ0FtYXpv\n' + (STDOUT, APP/TASK/deploy-to-postgresql)#
#2026 04 13 19:07:14.842#Z#DEBUG#be2d3d37-376b-11f1-938a-eeee0a8c9147.BTP_CI_CD_Deployment_CAPM-postgres-deployer#flowable-async-job-executor-thread-20382#
[PollExecuteTaskStatusExecution] c49c6f4e-6a21-4cf0-9f92-c125a8dc9d83 [2026-04-13T19:07:13.100230] 'biBSRFMgdXMtZWFzdC0xIFJvb3QgQ0EgUlNBNDA5NiBHMTEQMA4GA1UEBwwHU2Vh\n' + (STDOUT, APP/TASK/deploy-to-postgresql)#
#2026 04 13 19:07:14.842#Z#DEBUG#be2d3d37-376b-11f1-938a-eeee0a8c9147.BTP_CI_CD_Deployment_CAPM-postgres-deployer#flowable-async-job-executor-thread-20382#
[PollExecuteTaskStatusExecution] c49c6f4e-6a21-4cf0-9f92-c125a8dc9d83 [2026-04-13T19:07:13.100232] 'dHRsZTCCAiIwDQYJKoZIhvcNAQEBBQADggIPADCCAgoCggIBAInfBCaHuvj6Rb5c\n' + (STDOUT, APP/TASK/deploy-to-postgresql)#
#2026 04 13 19:07:14.842#Z#DEBUG#be2d3d37-376b-11f1-938a-eeee0a8c9147.BTP_CI_CD_Deployment_CAPM-postgres-deployer#flowable-async-job-executor-thread-20382#
[PollExecuteTaskStatusExecution] c49c6f4e-6a21-4cf0-9f92-c125a8dc9d83 [2026-04-13T19:07:13.100235] 'L5Wmn1jv2PHtEGMHm+7Z8dYosdwouG8VG2A+BCYCZfij9lIGszrTXkY4O7vnXgru\n' + (STDOUT, APP/TASK/deploy-to-postgresql)#
#2026 04 13 19:07:14.842#Z#DEBUG#be2d3d37-376b-11f1-938a-eeee0a8c9147.BTP_CI_CD_Deployment_CAPM-postgres-deployer#flowable-async-job-executor-thread-20382#
[PollExecuteTaskStatusExecution] c49c6f4e-6a21-4cf0-9f92-c125a8dc9d83 [2026-04-13T19:07:13.100239] 'JUNdxh0Q3M83p4X+bg+gODUs3jf+Z3Oeq7nTOk/2UYvQLcxP4FEXILxDInbQFcIx\n' + (STDOUT, APP/TASK/deploy-to-postgresql)#
#2026 04 13 19:07:14.842#Z#DEBUG#be2d3d37-376b-11f1-938a-eeee0a8c9147.BTP_CI_CD_Deployment_CAPM-postgres-deployer#flowable-async-job-executor-thread-20382#
[PollExecuteTaskStatusExecution] c49c6f4e-6a21-4cf0-9f92-c125a8dc9d83 [2026-04-13T19:07:13.100242] 'yen1ESHggGrjEodgn6nbKQNRfIhjhW+TKYaewfsVWH7EF2pfj+cjbJ6njjgZ0/M9\n' + (STDOUT, APP/TASK/deploy-to-postgresql)#
#2026 04 13 19:07:14.842#Z#DEBUG#be2d3d37-376b-11f1-938a-eeee0a8c9147.BTP_CI_CD_Deployment_CAPM-postgres-deployer#flowable-async-job-executor-thread-20382#
[PollExecuteTaskStatusExecution] c49c6f4e-6a21-4cf0-9f92-c125a8dc9d83 [2026-04-13T19:07:13.100246] 'VZifJFBgat6XUTOf3jwHwkCBh7T6rDpgy19A61laImJCQhdTnHKvzTpxcxiLRh69\n' + (STDOUT, APP/TASK/deploy-to-postgresql)#
#2026 04 13 19:07:14.842#Z#DEBUG#be2d3d37-376b-11f1-938a-eeee0a8c9147.BTP_CI_CD_Deployment_CAPM-postgres-deployer#flowable-async-job-executor-thread-20382#
[PollExecuteTaskStatusExecution] c49c6f4e-6a21-4cf0-9f92-c125a8dc9d83 [2026-04-13T19:07:13.100248] 'ZObypR7W04OAUmFS88V7IotlPmCL8xf7kwxG+gQfvx31+A9IDMsiTqJ1Cc4fYEKg\n' + (STDOUT, APP/TASK/deploy-to-postgresql)#
#2026 04 13 19:07:14.842#Z#DEBUG#be2d3d37-376b-11f1-938a-eeee0a8c9147.BTP_CI_CD_Deployment_CAPM-postgres-deployer#flowable-async-job-executor-thread-20382#
[PollExecuteTaskStatusExecution] c49c6f4e-6a21-4cf0-9f92-c125a8dc9d83 [2026-04-13T19:07:13.100251] 'bL+Vo+2Ii4W2esCTGVYmHm73drznfeKwL+kmIC/Bq+DrZ+veTqKFYwSkpHRyJCEe\n' + (STDOUT, APP/TASK/deploy-to-postgresql)#
#2026 04 13 19:07:14.842#Z#DEBUG#be2d3d37-376b-11f1-938a-eeee0a8c9147.BTP_CI_CD_Deployment_CAPM-postgres-deployer#flowable-async-job-executor-thread-20382#
[PollExecuteTaskStatusExecution] c49c6f4e-6a21-4cf0-9f92-c125a8dc9d83 [2026-04-13T19:07:13.100253] 'U4Zym6POqQ/4LBSKwDUhWLJIlq99bjKX+hNTJykB+Lbcx0ScOP4IAZQoxmDxGWxN\n' + (STDOUT, APP/TASK/deploy-to-postgresql)#
#2026 04 13 19:07:14.842#Z#DEBUG#be2d3d37-376b-11f1-938a-eeee0a8c9147.BTP_CI_CD_Deployment_CAPM-postgres-deployer#flowable-async-job-executor-thread-20382#
[PollExecuteTaskStatusExecution] c49c6f4e-6a21-4cf0-9f92-c125a8dc9d83 [2026-04-13T19:07:13.100255] 'S+lQj+Cx2pwU3S/7+OxlRndZAX/FKgk7xSMkg88HykUZaZ/ozIiqJqSnGpgXCtED\n' + (STDOUT, APP/TASK/deploy-to-postgresql)#
#2026 04 13 19:07:14.842#Z#DEBUG#be2d3d37-376b-11f1-938a-eeee0a8c9147.BTP_CI_CD_Deployment_CAPM-postgres-deployer#flowable-async-job-executor-thread-20382#
[PollExecuteTaskStatusExecution] c49c6f4e-6a21-4cf0-9f92-c125a8dc9d83 [2026-04-13T19:07:13.100259] 'oQ4OJw5ozAr+/wudOawaMwUWQl5asD8fuy/hl5S1nv9XxIc842QJOtJFxhyeMIXt\n' + (STDOUT, APP/TASK/deploy-to-postgresql)#
#2026 04 13 19:07:14.842#Z#DEBUG#be2d3d37-376b-11f1-938a-eeee0a8c9147.BTP_CI_CD_Deployment_CAPM-postgres-deployer#flowable-async-job-executor-thread-20382#
[PollExecuteTaskStatusExecution] c49c6f4e-6a21-4cf0-9f92-c125a8dc9d83 [2026-04-13T19:07:13.100262] 'LVECVw/dPekhMjS3Zo3wwRgYbnKG7YXXT5WMxJEnHu8+cYpMiRClzq2BEP6/MtI2\n' + (STDOUT, APP/TASK/deploy-to-postgresql)#
#2026 04 13 19:07:14.842#Z#DEBUG#be2d3d37-376b-11f1-938a-eeee0a8c9147.BTP_CI_CD_Deployment_CAPM-postgres-deployer#flowable-async-job-executor-thread-20382#
[PollExecuteTaskStatusExecution] c49c6f4e-6a21-4cf0-9f92-c125a8dc9d83 [2026-04-13T19:07:13.100264] 'AZQQUFu2yFjRGL2OZA6IYjxnXYiRAgMBAAGjQjBAMA8GA1UdEwEB/wQFMAMBAf8w\n' + (STDOUT, APP/TASK/deploy-to-postgresql)#
#2026 04 13 19:07:14.842#Z#DEBUG#be2d3d37-376b-11f1-938a-eeee0a8c9147.BTP_CI_CD_Deployment_CAPM-postgres-deployer#flowable-async-job-executor-thread-20382#
[PollExecuteTaskStatusExecution] c49c6f4e-6a21-4cf0-9f92-c125a8dc9d83 [2026-04-13T19:07:13.100266] 'HQYDVR0OBBYEFADCcQCPX2HmkqQcmuHfiQ2jjqnrMA4GA1UdDwEB/wQEAwIBhjAN\n' + (STDOUT, APP/TASK/deploy-to-postgresql)#
#2026 04 13 19:07:14.842#Z#DEBUG#be2d3d37-376b-11f1-938a-eeee0a8c9147.BTP_CI_CD_Deployment_CAPM-postgres-deployer#flowable-async-job-executor-thread-20382#
[PollExecuteTaskStatusExecution] c49c6f4e-6a21-4cf0-9f92-c125a8dc9d83 [2026-04-13T19:07:13.100268] 'BgkqhkiG9w0BAQwFAAOCAgEASXkGQ2eUmudIKPeOIF7RBryCoPmMOsqP0+1qxF8l\n' + (STDOUT, APP/TASK/deploy-to-postgresql)#
#2026 04 13 19:07:14.842#Z#DEBUG#be2d3d37-376b-11f1-938a-eeee0a8c9147.BTP_CI_CD_Deployment_CAPM-postgres-deployer#flowable-async-job-executor-thread-20382#
[PollExecuteTaskStatusExecution] c49c6f4e-6a21-4cf0-9f92-c125a8dc9d83 [2026-04-13T19:07:13.100271] 'pGkwmrgNDGpmd9s0ArfIVBTc1jmpgB3oiRW9c6n2OmwBKL4UPuQ8O3KwSP0iD2sZ\n' + (STDOUT, APP/TASK/deploy-to-postgresql)#
#2026 04 13 19:07:14.842#Z#DEBUG#be2d3d37-376b-11f1-938a-eeee0a8c9147.BTP_CI_CD_Deployment_CAPM-postgres-deployer#flowable-async-job-executor-thread-20382#
[PollExecuteTaskStatusExecution] c49c6f4e-6a21-4cf0-9f92-c125a8dc9d83 [2026-04-13T19:07:13.100273] 'KMXoMEyphCEzW1I2GRvYDugL3Z9MWrnHkoaoH2l8YyTYvszTvdgxBPpM2x4pSkp+\n' + (STDOUT, APP/TASK/deploy-to-postgresql)#
#2026 04 13 19:07:14.842#Z#DEBUG#be2d3d37-376b-11f1-938a-eeee0a8c9147.BTP_CI_CD_Deployment_CAPM-postgres-deployer#flowable-async-job-executor-thread-20382#
[PollExecuteTaskStatusExecution] c49c6f4e-6a21-4cf0-9f92-c125a8dc9d83 [2026-04-13T19:07:13.100275] '76d4/eRpJ5mVuQ93nC+YG0wXCxSq63hX4kyZgPxgCdAA+qgFfKIGyNqUIqWgeyTP\n' + (STDOUT, APP/TASK/deploy-to-postgresql)#
#2026 04 13 19:07:14.842#Z#DEBUG#be2d3d37-376b-11f1-938a-eeee0a8c9147.BTP_CI_CD_Deployment_CAPM-postgres-deployer#flowable-async-job-executor-thread-20382#
[PollExecuteTaskStatusExecution] c49c6f4e-6a21-4cf0-9f92-c125a8dc9d83 [2026-04-13T19:07:13.100278] 'n5OgKaboYk2141Rf2hGMD3/hsGm0rrJh7g3C0ZirPws3eeJfulvAOIy2IZzqHUSY\n' + (STDOUT, APP/TASK/deploy-to-postgresql)#
#2026 04 13 19:07:14.842#Z#DEBUG#be2d3d37-376b-11f1-938a-eeee0a8c9147.BTP_CI_CD_Deployment_CAPM-postgres-deployer#flowable-async-job-executor-thread-20382#
[PollExecuteTaskStatusExecution] c49c6f4e-6a21-4cf0-9f92-c125a8dc9d83 [2026-04-13T19:07:13.100280] 'jkFzraz6LEH3IlArT3jUPvWKqvh2lJWnnp56aqxBR7qHH5voD49UpJWY1K0BjGnS\n' + (STDOUT, APP/TASK/deploy-to-postgresql)#
#2026 04 13 19:07:14.842#Z#DEBUG#be2d3d37-376b-11f1-938a-eeee0a8c9147.BTP_CI_CD_Deployment_CAPM-postgres-deployer#flowable-async-job-executor-thread-20382#
[PollExecuteTaskStatusExecution] c49c6f4e-6a21-4cf0-9f92-c125a8dc9d83 [2026-04-13T19:07:13.100284] 'OHcurpp0Yt/BIs4VZeWdCZwI7JaSeDcPMaMDBvND3Ia5Fga0thgYQTG6dE+N5fgF\n' + (STDOUT, APP/TASK/deploy-to-postgresql)#
#2026 04 13 19:07:14.842#Z#DEBUG#be2d3d37-376b-11f1-938a-eeee0a8c9147.BTP_CI_CD_Deployment_CAPM-postgres-deployer#flowable-async-job-executor-thread-20382#
[PollExecuteTaskStatusExecution] c49c6f4e-6a21-4cf0-9f92-c125a8dc9d83 [2026-04-13T19:07:13.100286] 'z+hRaujXO2nb0LmddVyvE8prYlWRMuYFv+Co8hcMdJ0lEZlfVNu0jbm9/GmwAZ+l\n' + (STDOUT, APP/TASK/deploy-to-postgresql)#
#2026 04 13 19:07:14.842#Z#DEBUG#be2d3d37-376b-11f1-938a-eeee0a8c9147.BTP_CI_CD_Deployment_CAPM-postgres-deployer#flowable-async-job-executor-thread-20382#
[PollExecuteTaskStatusExecution] c49c6f4e-6a21-4cf0-9f92-c125a8dc9d83 [2026-04-13T19:07:13.100288] '9umeYO9yz/uC7edC8XJBglMAKUmVK9wNtOckUWAcCfnPWYLbYa/PqtXBYcxrso5j\n' + (STDOUT, APP/TASK/deploy-to-postgresql)#
#2026 04 13 19:07:14.842#Z#DEBUG#be2d3d37-376b-11f1-938a-eeee0a8c9147.BTP_CI_CD_Deployment_CAPM-postgres-deployer#flowable-async-job-executor-thread-20382#
[PollExecuteTaskStatusExecution] c49c6f4e-6a21-4cf0-9f92-c125a8dc9d83 [2026-04-13T19:07:13.100290] 'iaS/A7iEW51uteHBGrViCy1afGG+hiUWwFlesli+Rq4dNstX3h6h2baWABaAxEVJ\n' + (STDOUT, APP/TASK/deploy-to-postgresql)#
#2026 04 13 19:07:14.842#Z#DEBUG#be2d3d37-376b-11f1-938a-eeee0a8c9147.BTP_CI_CD_Deployment_CAPM-postgres-deployer#flowable-async-job-executor-thread-20382#
[PollExecuteTaskStatusExecution] c49c6f4e-6a21-4cf0-9f92-c125a8dc9d83 [2026-04-13T19:07:13.100293] 'y1RnTQSz6mROT1VmZSgSVO37rgIyY0Hf0872ogcTS+FfvXgBxCxsNWEbiQ/XXva4\n' + (STDOUT, APP/TASK/deploy-to-postgresql)#
#2026 04 13 19:07:14.842#Z#DEBUG#be2d3d37-376b-11f1-938a-eeee0a8c9147.BTP_CI_CD_Deployment_CAPM-postgres-deployer#flowable-async-job-executor-thread-20382#
[PollExecuteTaskStatusExecution] c49c6f4e-6a21-4cf0-9f92-c125a8dc9d83 [2026-04-13T19:07:13.100295] '0Ws=\n' + (STDOUT, APP/TASK/deploy-to-postgresql)#
#2026 04 13 19:07:14.842#Z#DEBUG#be2d3d37-376b-11f1-938a-eeee0a8c9147.BTP_CI_CD_Deployment_CAPM-postgres-deployer#flowable-async-job-executor-thread-20382#
[PollExecuteTaskStatusExecution] c49c6f4e-6a21-4cf0-9f92-c125a8dc9d83 [2026-04-13T19:07:13.100297] '-----END CERTIFICATE-----\n' + (STDOUT, APP/TASK/deploy-to-postgresql)#
#2026 04 13 19:07:14.842#Z#DEBUG#be2d3d37-376b-11f1-938a-eeee0a8c9147.BTP_CI_CD_Deployment_CAPM-postgres-deployer#flowable-async-job-executor-thread-20382#
[PollExecuteTaskStatusExecution] c49c6f4e-6a21-4cf0-9f92-c125a8dc9d83 [2026-04-13T19:07:13.100299] '-----BEGIN CERTIFICATE-----\n' + (STDOUT, APP/TASK/deploy-to-postgresql)#
#2026 04 13 19:07:14.842#Z#DEBUG#be2d3d37-376b-11f1-938a-eeee0a8c9147.BTP_CI_CD_Deployment_CAPM-postgres-deployer#flowable-async-job-executor-thread-20382#
[PollExecuteTaskStatusExecution] c49c6f4e-6a21-4cf0-9f92-c125a8dc9d83 [2026-04-13T19:07:13.100302] 'MIICrjCCAjSgAwIBAgIRAPAlEk8VJPmEzVRRaWvTh2AwCgYIKoZIzj0EAwMwgZYx\n' + (STDOUT, APP/TASK/deploy-to-postgresql)#
#2026 04 13 19:07:14.842#Z#DEBUG#be2d3d37-376b-11f1-938a-eeee0a8c9147.BTP_CI_CD_Deployment_CAPM-postgres-deployer#flowable-async-job-executor-thread-20382#
[PollExecuteTaskStatusExecution] c49c6f4e-6a21-4cf0-9f92-c125a8dc9d83 [2026-04-13T19:07:13.100305] 'CzAJBgNVBAYTAlVTMSIwIAYDVQQKDBlBbWF6b24gV2ViIFNlcnZpY2VzLCBJbmMu\n' + (STDOUT, APP/TASK/deploy-to-postgresql)#
#2026 04 13 19:07:14.842#Z#DEBUG#be2d3d37-376b-11f1-938a-eeee0a8c9147.BTP_CI_CD_Deployment_CAPM-postgres-deployer#flowable-async-job-executor-thread-20382#
[PollExecuteTaskStatusExecution] c49c6f4e-6a21-4cf0-9f92-c125a8dc9d83 [2026-04-13T19:07:13.100309] 'MRMwEQYDVQQLDApBbWF6b24gUkRTMQswCQYDVQQIDAJXQTEvMC0GA1UEAwwmQW1h\n' + (STDOUT, APP/TASK/deploy-to-postgresql)#
#2026 04 13 19:07:14.842#Z#DEBUG#be2d3d37-376b-11f1-938a-eeee0a8c9147.BTP_CI_CD_Deployment_CAPM-postgres-deployer#flowable-async-job-executor-thread-20382#
[PollExecuteTaskStatusExecution] c49c6f4e-6a21-4cf0-9f92-c125a8dc9d83 [2026-04-13T19:07:13.100311] 'em9uIFJEUyB1cy1lYXN0LTEgUm9vdCBDQSBFQ0MzODQgRzExEDAOBgNVBAcMB1Nl\n' + (STDOUT, APP/TASK/deploy-to-postgresql)#
#2026 04 13 19:07:14.842#Z#DEBUG#be2d3d37-376b-11f1-938a-eeee0a8c9147.BTP_CI_CD_Deployment_CAPM-postgres-deployer#flowable-async-job-executor-thread-20382#
[PollExecuteTaskStatusExecution] c49c6f4e-6a21-4cf0-9f92-c125a8dc9d83 [2026-04-13T19:07:13.100313] 'YXR0bGUwIBcNMjEwNTI1MjI0MTU1WhgPMjEyMTA1MjUyMzQxNTVaMIGWMQswCQYD\n' + (STDOUT, APP/TASK/deploy-to-postgresql)#
#2026 04 13 19:07:14.842#Z#DEBUG#be2d3d37-376b-11f1-938a-eeee0a8c9147.BTP_CI_CD_Deployment_CAPM-postgres-deployer#flowable-async-job-executor-thread-20382#
[PollExecuteTaskStatusExecution] c49c6f4e-6a21-4cf0-9f92-c125a8dc9d83 [2026-04-13T19:07:13.100315] 'VQQGEwJVUzEiMCAGA1UECgwZQW1hem9uIFdlYiBTZXJ2aWNlcywgSW5jLjETMBEG\n' + (STDOUT, APP/TASK/deploy-to-postgresql)#
#2026 04 13 19:07:14.842#Z#DEBUG#be2d3d37-376b-11f1-938a-eeee0a8c9147.BTP_CI_CD_Deployment_CAPM-postgres-deployer#flowable-async-job-executor-thread-20382#
[PollExecuteTaskStatusExecution] c49c6f4e-6a21-4cf0-9f92-c125a8dc9d83 [2026-04-13T19:07:13.100317] 'A1UECwwKQW1hem9uIFJEUzELMAkGA1UECAwCV0ExLzAtBgNVBAMMJkFtYXpvbiBS\n' + (STDOUT, APP/TASK/deploy-to-postgresql)#
#2026 04 13 19:07:14.842#Z#DEBUG#be2d3d37-376b-11f1-938a-eeee0a8c9147.BTP_CI_CD_Deployment_CAPM-postgres-deployer#flowable-async-job-executor-thread-20382#
[PollExecuteTaskStatusExecution] c49c6f4e-6a21-4cf0-9f92-c125a8dc9d83 [2026-04-13T19:07:13.100320] 'RFMgdXMtZWFzdC0xIFJvb3QgQ0EgRUNDMzg0IEcxMRAwDgYDVQQHDAdTZWF0dGxl\n' + (STDOUT, APP/TASK/deploy-to-postgresql)#
#2026 04 13 19:07:14.842#Z#DEBUG#be2d3d37-376b-11f1-938a-eeee0a8c9147.BTP_CI_CD_Deployment_CAPM-postgres-deployer#flowable-async-job-executor-thread-20382#
[PollExecuteTaskStatusExecution] c49c6f4e-6a21-4cf0-9f92-c125a8dc9d83 [2026-04-13T19:07:13.100323] 'MHYwEAYHKoZIzj0CAQYFK4EEACIDYgAEx5xjrup8II4HOJw15NTnS3H5yMrQGlbj\n' + (STDOUT, APP/TASK/deploy-to-postgresql)#
#2026 04 13 19:07:14.842#Z#DEBUG#be2d3d37-376b-11f1-938a-eeee0a8c9147.BTP_CI_CD_Deployment_CAPM-postgres-deployer#flowable-async-job-executor-thread-20382#
[PollExecuteTaskStatusExecution] c49c6f4e-6a21-4cf0-9f92-c125a8dc9d83 [2026-04-13T19:07:13.100325] 'EDA5MMGnE9DmHp5dACIxmPXPMe/99nO7wNdl7G71OYPCgEvWm0FhdvVUeTb3LVnV\n' + (STDOUT, APP/TASK/deploy-to-postgresql)#
#2026 04 13 19:07:14.842#Z#DEBUG#be2d3d37-376b-11f1-938a-eeee0a8c9147.BTP_CI_CD_Deployment_CAPM-postgres-deployer#flowable-async-job-executor-thread-20382#
[PollExecuteTaskStatusExecution] c49c6f4e-6a21-4cf0-9f92-c125a8dc9d83 [2026-04-13T19:07:13.100327] 'BnaXt32Ek7/oxGk1T+Df03C+W0vmuJ+wo0IwQDAPBgNVHRMBAf8EBTADAQH/MB0G\n' + (STDOUT, APP/TASK/deploy-to-postgresql)#
#2026 04 13 19:07:14.842#Z#DEBUG#be2d3d37-376b-11f1-938a-eeee0a8c9147.BTP_CI_CD_Deployment_CAPM-postgres-deployer#flowable-async-job-executor-thread-20382#
[PollExecuteTaskStatusExecution] c49c6f4e-6a21-4cf0-9f92-c125a8dc9d83 [2026-04-13T19:07:13.100329] 'A1UdDgQWBBTGXmqBWN/1tkSea4pNw0oHrjk2UDAOBgNVHQ8BAf8EBAMCAYYwCgYI\n' + (STDOUT, APP/TASK/deploy-to-postgresql)#
#2026 04 13 19:07:14.842#Z#DEBUG#be2d3d37-376b-11f1-938a-eeee0a8c9147.BTP_CI_CD_Deployment_CAPM-postgres-deployer#flowable-async-job-executor-thread-20382#
[PollExecuteTaskStatusExecution] c49c6f4e-6a21-4cf0-9f92-c125a8dc9d83 [2026-04-13T19:07:13.100331] 'KoZIzj0EAwMDaAAwZQIxAIqqZWCSrIkZ7zsv/FygtAusW6yvlL935YAWYPVXU30m\n' + (STDOUT, APP/TASK/deploy-to-postgresql)#
#2026 04 13 19:07:14.842#Z#DEBUG#be2d3d37-376b-11f1-938a-eeee0a8c9147.BTP_CI_CD_Deployment_CAPM-postgres-deployer#flowable-async-job-executor-thread-20382#
[PollExecuteTaskStatusExecution] c49c6f4e-6a21-4cf0-9f92-c125a8dc9d83 [2026-04-13T19:07:13.100333] 'jkMFLM+/RJ9GMvnO8jHfCgIwB+whlkcItzE9CRQ6CsMo/d5cEHDUu/QW6jSIh9BR\n' + (STDOUT, APP/TASK/deploy-to-postgresql)#
#2026 04 13 19:07:14.842#Z#DEBUG#be2d3d37-376b-11f1-938a-eeee0a8c9147.BTP_CI_CD_Deployment_CAPM-postgres-deployer#flowable-async-job-executor-thread-20382#
[PollExecuteTaskStatusExecution] c49c6f4e-6a21-4cf0-9f92-c125a8dc9d83 [2026-04-13T19:07:13.100337] 'OGh9pTYPVkUbBiKPA7lVVhre\n' + (STDOUT, APP/TASK/deploy-to-postgresql)#
#2026 04 13 19:07:14.842#Z#DEBUG#be2d3d37-376b-11f1-938a-eeee0a8c9147.BTP_CI_CD_Deployment_CAPM-postgres-deployer#flowable-async-job-executor-thread-20382#
[PollExecuteTaskStatusExecution] c49c6f4e-6a21-4cf0-9f92-c125a8dc9d83 [2026-04-13T19:07:13.100340] '-----END CERTIFICATE-----\n' (STDOUT, APP/TASK/deploy-to-postgresql)#
#2026 04 13 19:07:14.842#Z#DEBUG#be2d3d37-376b-11f1-938a-eeee0a8c9147.BTP_CI_CD_Deployment_CAPM-postgres-deployer#flowable-async-job-executor-thread-20382#
[PollExecuteTaskStatusExecution] c49c6f4e-6a21-4cf0-9f92-c125a8dc9d83 [2026-04-13T19:07:13.100342] } (STDOUT, APP/TASK/deploy-to-postgresql)#
#2026 04 13 19:07:14.842#Z#DEBUG#be2d3d37-376b-11f1-938a-eeee0a8c9147.BTP_CI_CD_Deployment_CAPM-postgres-deployer#flowable-async-job-executor-thread-20382#
[PollExecuteTaskStatusExecution] c49c6f4e-6a21-4cf0-9f92-c125a8dc9d83 [2026-04-13T19:07:13.100344] } {} (STDOUT, APP/TASK/deploy-to-postgresql)#
#2026 04 13 19:07:14.842#Z#DEBUG#be2d3d37-376b-11f1-938a-eeee0a8c9147.BTP_CI_CD_Deployment_CAPM-postgres-deployer#flowable-async-job-executor-thread-20382#
[PollExecuteTaskStatusExecution] c49c6f4e-6a21-4cf0-9f92-c125a8dc9d83 [2026-04-13T19:07:13.620835] /> deployment to postgres-ba329acb-cb7e-475c-b74a-6a3daa78372b.cqryblsdrbcs.us-east-1.rds.amazonaws.com:6137 failed (STDOUT, APP/TASK/deploy-to-postgresql)#
#2026 04 13 19:07:14.842#Z#DEBUG#be2d3d37-376b-11f1-938a-eeee0a8c9147.BTP_CI_CD_Deployment_CAPM-postgres-deployer#flowable-async-job-executor-thread-20382#
[PollExecuteTaskStatusExecution] c49c6f4e-6a21-4cf0-9f92-c125a8dc9d83 [2026-04-13T19:07:13.621663] Error: CDS compilation failed (@sap/cds-compiler v6.8.0) (STDERR, APP/TASK/deploy-to-postgresql)#
#2026 04 13 19:07:14.842#Z#DEBUG#be2d3d37-376b-11f1-938a-eeee0a8c9147.BTP_CI_CD_Deployment_CAPM-postgres-deployer#flowable-async-job-executor-thread-20382#
[PollExecuteTaskStatusExecution] c49c6f4e-6a21-4cf0-9f92-c125a8dc9d83 [2026-04-13T19:07:13.621683] db/csn.json:4: Error: Dropping elements is not supported (in entity:“com.sap.GitDeployment.Project”/element:“projectName”) (STDERR, APP/TASK/deploy-to-postgresql)#
#2026 04 13 19:07:14.842#Z#DEBUG#be2d3d37-376b-11f1-938a-eeee0a8c9147.BTP_CI_CD_Deployment_CAPM-postgres-deployer#flowable-async-job-executor-thread-20382#
[PollExecuteTaskStatusExecution] c49c6f4e-6a21-4cf0-9f92-c125a8dc9d83 [2026-04-13T19:07:13.621689] at throwWithAnyError (/home/vcap/app/node_modules/@sap/cds-compiler/lib/base/messages.js:587:13) (STDERR, APP/TASK/deploy-to-postgresql)#
#2026 04 13 19:07:14.842#Z#DEBUG#be2d3d37-376b-11f1-938a-eeee0a8c9147.BTP_CI_CD_Deployment_CAPM-postgres-deployer#flowable-async-job-executor-thread-20382#
[PollExecuteTaskStatusExecution] c49c6f4e-6a21-4cf0-9f92-c125a8dc9d83 [2026-04-13T19:07:13.621699] at Proxy.toSqlDdl (/home/vcap/app/node_modules/@sap/cds-compiler/lib/render/toSql.js:311:3) (STDERR, APP/TASK/deploy-to-postgresql)#
#2026 04 13 19:07:14.842#Z#DEBUG#be2d3d37-376b-11f1-938a-eeee0a8c9147.BTP_CI_CD_Deployment_CAPM-postgres-deployer#flowable-async-job-executor-thread-20382#
[PollExecuteTaskStatusExecution] c49c6f4e-6a21-4cf0-9f92-c125a8dc9d83 [2026-04-13T19:07:13.621701] at sqlMigration (/home/vcap/app/node_modules/@sap/cds-compiler/lib/api/main.js:599:13) (STDERR, APP/TASK/deploy-to-postgresql)#
#2026 04 13 19:07:14.842#Z#DEBUG#be2d3d37-376b-11f1-938a-eeee0a8c9147.BTP_CI_CD_Deployment_CAPM-postgres-deployer#flowable-async-job-executor-thread-20382#
[PollExecuteTaskStatusExecution] c49c6f4e-6a21-4cf0-9f92-c125a8dc9d83 [2026-04-13T19:07:13.621705] at Function.api [as migration] (/home/vcap/app/node_modules/@sap/cds-compiler/lib/api/main.js:1178:22) (STDERR, APP/TASK/deploy-to-postgresql)#
#2026 04 13 19:07:14.842#Z#DEBUG#be2d3d37-376b-11f1-938a-eeee0a8c9147.BTP_CI_CD_Deployment_CAPM-postgres-deployer#flowable-async-job-executor-thread-20382#
[PollExecuteTaskStatusExecution] c49c6f4e-6a21-4cf0-9f92-c125a8dc9d83 [2026-04-13T19:07:13.621707] at Function.migration (/home/vcap/app/node_modules/@sap/cds-compiler/lib/main.js:147:41) (STDERR, APP/TASK/deploy-to-postgresql)#
#2026 04 13 19:07:14.842#Z#DEBUG#be2d3d37-376b-11f1-938a-eeee0a8c9147.BTP_CI_CD_Deployment_CAPM-postgres-deployer#flowable-async-job-executor-thread-20382#
[PollExecuteTaskStatusExecution] c49c6f4e-6a21-4cf0-9f92-c125a8dc9d83 [2026-04-13T19:07:13.621709] at Object.deltaSql (/home/vcap/app/node_modules/@sap/cds/lib/compile/cdsc.js:165:53) (STDERR, APP/TASK/deploy-to-postgresql)#
#2026 04 13 19:07:14.842#Z#DEBUG#be2d3d37-376b-11f1-938a-eeee0a8c9147.BTP_CI_CD_Deployment_CAPM-postgres-deployer#flowable-async-job-executor-thread-20382#
[PollExecuteTaskStatusExecution] c49c6f4e-6a21-4cf0-9f92-c125a8dc9d83 [2026-04-13T19:07:13.621716] at /home/vcap/app/node_modules/@sap/cds/lib/compile/to/sql.js:38:61 (STDERR, APP/TASK/deploy-to-postgresql)#
#2026 04 13 19:07:14.842#Z#DEBUG#be2d3d37-376b-11f1-938a-eeee0a8c9147.BTP_CI_CD_Deployment_CAPM-postgres-deployer#flowable-async-job-executor-thread-20382#
[PollExecuteTaskStatusExecution] c49c6f4e-6a21-4cf0-9f92-c125a8dc9d83 [2026-04-13T19:07:13.621719] at next (/home/vcap/app/node_modules/@sap/cds/lib/compile/to/sql.js:44:4) (STDERR, APP/TASK/deploy-to-postgresql)#
#2026 04 13 19:07:14.842#Z#DEBUG#be2d3d37-376b-11f1-938a-eeee0a8c9147.BTP_CI_CD_Deployment_CAPM-postgres-deployer#flowable-async-job-executor-thread-20382#
[PollExecuteTaskStatusExecution] c49c6f4e-6a21-4cf0-9f92-c125a8dc9d83 [2026-04-13T19:07:13.621723] at Function.cds_compile_to_deltaSql [as delta] (/home/vcap/app/node_modules/@sap/cds/lib/compile/to/sql.js:46:21) (STDERR, APP/TASK/deploy-to-postgresql)#
#2026 04 13 19:07:14.842#Z#DEBUG#be2d3d37-376b-11f1-938a-eeee0a8c9147.BTP_CI_CD_Deployment_CAPM-postgres-deployer#flowable-async-job-executor-thread-20382#
[PollExecuteTaskStatusExecution] c49c6f4e-6a21-4cf0-9f92-c125a8dc9d83 [2026-04-13T19:07:13.621727] at deploy.schema (/home/vcap/app/node_modules/@sap/cds/lib/dbs/cds-deploy.js:75:75) (STDERR, APP/TASK/deploy-to-postgresql)#
#2026 04 13 19:07:14.842#Z#DEBUG#be2d3d37-376b-11f1-938a-eeee0a8c9147.BTP_CI_CD_Deployment_CAPM-postgres-deployer#flowable-async-job-executor-thread-20382#
[PollExecuteTaskStatusExecution] c49c6f4e-6a21-4cf0-9f92-c125a8dc9d83 [2026-04-13T19:07:13.664064] npm notice (STDERR, APP/TASK/deploy-to-postgresql)#
#2026 04 13 19:07:14.842#Z#DEBUG#be2d3d37-376b-11f1-938a-eeee0a8c9147.BTP_CI_CD_Deployment_CAPM-postgres-deployer#flowable-async-job-executor-thread-20382#
[PollExecuteTaskStatusExecution] c49c6f4e-6a21-4cf0-9f92-c125a8dc9d83 [2026-04-13T19:07:13.664090] npm notice New major version of npm available! 10.9.4 -> 11.12.1 (STDERR, APP/TASK/deploy-to-postgresql)#
#2026 04 13 19:07:14.842#Z#DEBUG#be2d3d37-376b-11f1-938a-eeee0a8c9147.BTP_CI_CD_Deployment_CAPM-postgres-deployer#flowable-async-job-executor-thread-20382#
[PollExecuteTaskStatusExecution] c49c6f4e-6a21-4cf0-9f92-c125a8dc9d83 [2026-04-13T19:07:13.664094] npm notice Changelog: https://github.com/npm/cli/releases/tag/v11.12.1 (STDERR, APP/TASK/deploy-to-postgresql)#
#2026 04 13 19:07:14.842#Z#DEBUG#be2d3d37-376b-11f1-938a-eeee0a8c9147.BTP_CI_CD_Deployment_CAPM-postgres-deployer#flowable-async-job-executor-thread-20382#
[PollExecuteTaskStatusExecution] c49c6f4e-6a21-4cf0-9f92-c125a8dc9d83 [2026-04-13T19:07:13.664097] npm notice To update run: npm install -g npm@11.12.1 (STDERR, APP/TASK/deploy-to-postgresql)#
#2026 04 13 19:07:14.842#Z#DEBUG#be2d3d37-376b-11f1-938a-eeee0a8c9147.BTP_CI_CD_Deployment_CAPM-postgres-deployer#flowable-async-job-executor-thread-20382#
[PollExecuteTaskStatusExecution] c49c6f4e-6a21-4cf0-9f92-c125a8dc9d83 [2026-04-13T19:07:13.664099] npm notice (STDERR, APP/TASK/deploy-to-postgresql)#
#2026 04 13 19:07:14.842#Z#DEBUG#be2d3d37-376b-11f1-938a-eeee0a8c9147.BTP_CI_CD_Deployment_CAPM-postgres-deployer#flowable-async-job-executor-thread-20382#
[PollExecuteTaskStatusExecution] c49c6f4e-6a21-4cf0-9f92-c125a8dc9d83 [2026-04-13T19:07:13.734830] Exit status 1 (STDOUT, APP/TASK/deploy-to-postgresql)#
#2026 04 13 19:07:14.842#Z#DEBUG#be2d3d37-376b-11f1-938a-eeee0a8c9147.BTP_CI_CD_Deployment_CAPM-postgres-deployer#flowable-async-job-executor-thread-20382#
[PollExecuteTaskStatusExecution] c49c6f4e-6a21-4cf0-9f92-c125a8dc9d83 [2026-04-13T19:07:14.219116] Cell 77283d80-dfa7-40ba-ba4e-265aef112085 stopping instance 6408ffa1-9c5f-4fdc-979e-4cd8fd74e6f5 (STDOUT, CELL)#
#2026 04 13 19:07:14.842#Z#DEBUG#be2d3d37-376b-11f1-938a-eeee0a8c9147.BTP_CI_CD_Deployment_CAPM-postgres-deployer#flowable-async-job-executor-thread-20382#
[PollExecuteTaskStatusExecution] c49c6f4e-6a21-4cf0-9f92-c125a8dc9d83 [2026-04-13T19:07:14.219163] Cell 77283d80-dfa7-40ba-ba4e-265aef112085 destroying container for instance 6408ffa1-9c5f-4fdc-979e-4cd8fd74e6f5 (STDOUT, CELL)#
#2026 04 13 19:07:24.930#Z#DEBUG#be2d3d37-376b-11f1-938a-eeee0a8c9147.BTP_CI_CD_Deployment_CAPM-postgres-deployer#flowable-async-job-executor-thread-20389#
[PollExecuteTaskStatusExecution] c49c6f4e-6a21-4cf0-9f92-c125a8dc9d83 [2026-04-13T19:05:44.570395] Updated app with guid c49c6f4e-6a21-4cf0-9f92-c125a8dc9d83 ({"lifecycle"=>{"data"=>{"buildpacks"=>["nodejs_buildpack"]}, "type"=>"buildpack"}}) (STDOUT, API)#
#2026 04 13 19:07:24.930#Z#DEBUG#be2d3d37-376b-11f1-938a-eeee0a8c9147.BTP_CI_CD_Deployment_CAPM-postgres-deployer#flowable-async-job-executor-thread-20389#
[PollExecuteTaskStatusExecution] c49c6f4e-6a21-4cf0-9f92-c125a8dc9d83 [2026-04-13T19:05:44.671872] Updating process: "web" (STDOUT, API)#
#2026 04 13 19:07:24.930#Z#DEBUG#be2d3d37-376b-11f1-938a-eeee0a8c9147.BTP_CI_CD_Deployment_CAPM-postgres-deployer#flowable-async-job-executor-thread-20389#
[PollExecuteTaskStatusExecution] c49c6f4e-6a21-4cf0-9f92-c125a8dc9d83 [2026-04-13T19:06:14.765926] Uploading app package for app with guid c49c6f4e-6a21-4cf0-9f92-c125a8dc9d83 (STDOUT, API)#
#2026 04 13 19:07:24.930#Z#DEBUG#be2d3d37-376b-11f1-938a-eeee0a8c9147.BTP_CI_CD_Deployment_CAPM-postgres-deployer#flowable-async-job-executor-thread-20389#
[PollExecuteTaskStatusExecution] c49c6f4e-6a21-4cf0-9f92-c125a8dc9d83 [2026-04-13T19:06:15.022943] Updated app with guid c49c6f4e-6a21-4cf0-9f92-c125a8dc9d83 ({"environment_variables"=>"[PRIVATE DATA HIDDEN]"}) (STDOUT, API)#
#2026 04 13 19:07:24.930#Z#DEBUG#be2d3d37-376b-11f1-938a-eeee0a8c9147.BTP_CI_CD_Deployment_CAPM-postgres-deployer#flowable-async-job-executor-thread-20389#
[PollExecuteTaskStatusExecution] c49c6f4e-6a21-4cf0-9f92-c125a8dc9d83 [2026-04-13T19:06:24.646109] Creating build for app with guid c49c6f4e-6a21-4cf0-9f92-c125a8dc9d83 (STDOUT, API)#
#2026 04 13 19:07:24.930#Z#DEBUG#be2d3d37-376b-11f1-938a-eeee0a8c9147.BTP_CI_CD_Deployment_CAPM-postgres-deployer#flowable-async-job-executor-thread-20389#
[PollExecuteTaskStatusExecution] c49c6f4e-6a21-4cf0-9f92-c125a8dc9d83 [2026-04-13T19:06:25.071039] Downloading nodejs_buildpack... (STDOUT, STG)#
#2026 04 13 19:07:24.930#Z#DEBUG#be2d3d37-376b-11f1-938a-eeee0a8c9147.BTP_CI_CD_Deployment_CAPM-postgres-deployer#flowable-async-job-executor-thread-20389#
[PollExecuteTaskStatusExecution] c49c6f4e-6a21-4cf0-9f92-c125a8dc9d83 [2026-04-13T19:06:25.124347] Downloaded nodejs_buildpack (STDOUT, STG)#
#2026 04 13 19:07:24.930#Z#DEBUG#be2d3d37-376b-11f1-938a-eeee0a8c9147.BTP_CI_CD_Deployment_CAPM-postgres-deployer#flowable-async-job-executor-thread-20389#
[PollExecuteTaskStatusExecution] c49c6f4e-6a21-4cf0-9f92-c125a8dc9d83 [2026-04-13T19:06:25.124439] Cell 684caff8-89cd-492b-be01-b3d0835f1763 creating container for instance 520dd5bf-9e73-4cd2-81ae-ff4728adf795 (STDOUT, STG)#
#2026 04 13 19:07:24.930#Z#DEBUG#be2d3d37-376b-11f1-938a-eeee0a8c9147.BTP_CI_CD_Deployment_CAPM-postgres-deployer#flowable-async-job-executor-thread-20389#
[PollExecuteTaskStatusExecution] c49c6f4e-6a21-4cf0-9f92-c125a8dc9d83 [2026-04-13T19:06:25.979951] Security group rules were updated (STDOUT, STG)#
#2026 04 13 19:07:24.930#Z#DEBUG#be2d3d37-376b-11f1-938a-eeee0a8c9147.BTP_CI_CD_Deployment_CAPM-postgres-deployer#flowable-async-job-executor-thread-20389#
[PollExecuteTaskStatusExecution] c49c6f4e-6a21-4cf0-9f92-c125a8dc9d83 [2026-04-13T19:06:26.117240] Cell 684caff8-89cd-492b-be01-b3d0835f1763 successfully created container for instance 520dd5bf-9e73-4cd2-81ae-ff4728adf795 (STDOUT, STG)#
#2026 04 13 19:07:24.930#Z#DEBUG#be2d3d37-376b-11f1-938a-eeee0a8c9147.BTP_CI_CD_Deployment_CAPM-postgres-deployer#flowable-async-job-executor-thread-20389#
[PollExecuteTaskStatusExecution] c49c6f4e-6a21-4cf0-9f92-c125a8dc9d83 [2026-04-13T19:06:26.767236] Downloading app package... (STDOUT, STG)#
#2026 04 13 19:07:24.930#Z#DEBUG#be2d3d37-376b-11f1-938a-eeee0a8c9147.BTP_CI_CD_Deployment_CAPM-postgres-deployer#flowable-async-job-executor-thread-20389#
[PollExecuteTaskStatusExecution] c49c6f4e-6a21-4cf0-9f92-c125a8dc9d83 [2026-04-13T19:06:26.767498] Downloading build artifacts cache... (STDOUT, STG)#
#2026 04 13 19:07:24.930#Z#DEBUG#be2d3d37-376b-11f1-938a-eeee0a8c9147.BTP_CI_CD_Deployment_CAPM-postgres-deployer#flowable-async-job-executor-thread-20389#
[PollExecuteTaskStatusExecution] c49c6f4e-6a21-4cf0-9f92-c125a8dc9d83 [2026-04-13T19:06:26.901910] Downloaded build artifacts cache (223B) (STDOUT, STG)#
#2026 04 13 19:07:24.930#Z#DEBUG#be2d3d37-376b-11f1-938a-eeee0a8c9147.BTP_CI_CD_Deployment_CAPM-postgres-deployer#flowable-async-job-executor-thread-20389#
[PollExecuteTaskStatusExecution] c49c6f4e-6a21-4cf0-9f92-c125a8dc9d83 [2026-04-13T19:06:27.329413] Downloaded app package (2.9M) (STDOUT, STG)#
#2026 04 13 19:07:24.930#Z#DEBUG#be2d3d37-376b-11f1-938a-eeee0a8c9147.BTP_CI_CD_Deployment_CAPM-postgres-deployer#flowable-async-job-executor-thread-20389#
[PollExecuteTaskStatusExecution] c49c6f4e-6a21-4cf0-9f92-c125a8dc9d83 [2026-04-13T19:06:27.464092] -----> Nodejs Buildpack version 1.8.44 (STDOUT, STG)#
#2026 04 13 19:07:24.930#Z#DEBUG#be2d3d37-376b-11f1-938a-eeee0a8c9147.BTP_CI_CD_Deployment_CAPM-postgres-deployer#flowable-async-job-executor-thread-20389#
[PollExecuteTaskStatusExecution] c49c6f4e-6a21-4cf0-9f92-c125a8dc9d83 [2026-04-13T19:06:27.681947] -----> Bootstrapping python (STDOUT, STG)#
#2026 04 13 19:07:24.930#Z#DEBUG#be2d3d37-376b-11f1-938a-eeee0a8c9147.BTP_CI_CD_Deployment_CAPM-postgres-deployer#flowable-async-job-executor-thread-20389#
[PollExecuteTaskStatusExecution] c49c6f4e-6a21-4cf0-9f92-c125a8dc9d83 [2026-04-13T19:06:27.682061] -----> Installing python 3.11.14 (STDOUT, STG)#
#2026 04 13 19:07:24.930#Z#DEBUG#be2d3d37-376b-11f1-938a-eeee0a8c9147.BTP_CI_CD_Deployment_CAPM-postgres-deployer#flowable-async-job-executor-thread-20389#
[PollExecuteTaskStatusExecution] c49c6f4e-6a21-4cf0-9f92-c125a8dc9d83 [2026-04-13T19:06:27.682115] Copy [/tmp/buildpacks/978cee5ec9c58000/dependencies/b5e0345ae0ae1932e7d56fffaa49a487/python_3.11.14_linux_x64_cflinuxfs4_66f53248.tgz] (STDOUT, STG)#
#2026 04 13 19:07:24.930#Z#DEBUG#be2d3d37-376b-11f1-938a-eeee0a8c9147.BTP_CI_CD_Deployment_CAPM-postgres-deployer#flowable-async-job-executor-thread-20389#
[PollExecuteTaskStatusExecution] c49c6f4e-6a21-4cf0-9f92-c125a8dc9d83 [2026-04-13T19:06:32.390012] -----> Installing binaries (STDOUT, STG)#
#2026 04 13 19:07:24.930#Z#DEBUG#be2d3d37-376b-11f1-938a-eeee0a8c9147.BTP_CI_CD_Deployment_CAPM-postgres-deployer#flowable-async-job-executor-thread-20389#
[PollExecuteTaskStatusExecution] c49c6f4e-6a21-4cf0-9f92-c125a8dc9d83 [2026-04-13T19:06:32.390269] engines.node (package.json): unspecified (STDOUT, STG)#
#2026 04 13 19:07:24.930#Z#DEBUG#be2d3d37-376b-11f1-938a-eeee0a8c9147.BTP_CI_CD_Deployment_CAPM-postgres-deployer#flowable-async-job-executor-thread-20389#
[PollExecuteTaskStatusExecution] c49c6f4e-6a21-4cf0-9f92-c125a8dc9d83 [2026-04-13T19:06:32.390348] engines.npm (package.json): unspecified (use default) (STDOUT, STG)#
#2026 04 13 19:07:24.930#Z#DEBUG#be2d3d37-376b-11f1-938a-eeee0a8c9147.BTP_CI_CD_Deployment_CAPM-postgres-deployer#flowable-async-job-executor-thread-20389#
[PollExecuteTaskStatusExecution] c49c6f4e-6a21-4cf0-9f92-c125a8dc9d83 [2026-04-13T19:06:32.390459] [31;1m**WARNING**[0m Node version not specified in package.json or .nvmrc. See: http://docs.cloudfoundry.org/buildpacks/node/node-tips.html (STDOUT, STG)#
#2026 04 13 19:07:24.930#Z#DEBUG#be2d3d37-376b-11f1-938a-eeee0a8c9147.BTP_CI_CD_Deployment_CAPM-postgres-deployer#flowable-async-job-executor-thread-20389#
[PollExecuteTaskStatusExecution] c49c6f4e-6a21-4cf0-9f92-c125a8dc9d83 [2026-04-13T19:06:32.390555] -----> Installing node 22.22.0 (STDOUT, STG)#
#2026 04 13 19:07:24.930#Z#DEBUG#be2d3d37-376b-11f1-938a-eeee0a8c9147.BTP_CI_CD_Deployment_CAPM-postgres-deployer#flowable-async-job-executor-thread-20389#
[PollExecuteTaskStatusExecution] c49c6f4e-6a21-4cf0-9f92-c125a8dc9d83 [2026-04-13T19:06:32.390992] Copy [/tmp/buildpacks/978cee5ec9c58000/dependencies/65c50d3a8311e7796847437aebc5aebd/node_22.22.0_linux_x64_cflinuxfs4_a73ffe6d.tgz] (STDOUT, STG)#
#2026 04 13 19:07:24.930#Z#DEBUG#be2d3d37-376b-11f1-938a-eeee0a8c9147.BTP_CI_CD_Deployment_CAPM-postgres-deployer#flowable-async-job-executor-thread-20389#
[PollExecuteTaskStatusExecution] c49c6f4e-6a21-4cf0-9f92-c125a8dc9d83 [2026-04-13T19:06:35.225096] Using default npm version: 10.9.4 (STDOUT, STG)#
#2026 04 13 19:07:24.930#Z#DEBUG#be2d3d37-376b-11f1-938a-eeee0a8c9147.BTP_CI_CD_Deployment_CAPM-postgres-deployer#flowable-async-job-executor-thread-20389#
[PollExecuteTaskStatusExecution] c49c6f4e-6a21-4cf0-9f92-c125a8dc9d83 [2026-04-13T19:06:35.225128] -----> Installing yarn 1.22.22 (STDOUT, STG)#
#2026 04 13 19:07:24.930#Z#DEBUG#be2d3d37-376b-11f1-938a-eeee0a8c9147.BTP_CI_CD_Deployment_CAPM-postgres-deployer#flowable-async-job-executor-thread-20389#
[PollExecuteTaskStatusExecution] c49c6f4e-6a21-4cf0-9f92-c125a8dc9d83 [2026-04-13T19:06:35.225494] Copy [/tmp/buildpacks/978cee5ec9c58000/dependencies/e3a39aedd1236924d69cc2d0637a8ed2/yarn_1.22.22_linux_noarch_any-stack_4911d0a6.tgz] (STDOUT, STG)#
#2026 04 13 19:07:24.930#Z#DEBUG#be2d3d37-376b-11f1-938a-eeee0a8c9147.BTP_CI_CD_Deployment_CAPM-postgres-deployer#flowable-async-job-executor-thread-20389#
[PollExecuteTaskStatusExecution] c49c6f4e-6a21-4cf0-9f92-c125a8dc9d83 [2026-04-13T19:06:35.639891] Installed yarn 1.22.22 (STDOUT, STG)#
#2026 04 13 19:07:24.930#Z#DEBUG#be2d3d37-376b-11f1-938a-eeee0a8c9147.BTP_CI_CD_Deployment_CAPM-postgres-deployer#flowable-async-job-executor-thread-20389#
[PollExecuteTaskStatusExecution] c49c6f4e-6a21-4cf0-9f92-c125a8dc9d83 [2026-04-13T19:06:35.639928] -----> Creating runtime environment (STDOUT, STG)#
#2026 04 13 19:07:24.930#Z#DEBUG#be2d3d37-376b-11f1-938a-eeee0a8c9147.BTP_CI_CD_Deployment_CAPM-postgres-deployer#flowable-async-job-executor-thread-20389#
[PollExecuteTaskStatusExecution] c49c6f4e-6a21-4cf0-9f92-c125a8dc9d83 [2026-04-13T19:06:35.642132] NODE_ENV=production (STDOUT, STG)#
#2026 04 13 19:07:24.930#Z#DEBUG#be2d3d37-376b-11f1-938a-eeee0a8c9147.BTP_CI_CD_Deployment_CAPM-postgres-deployer#flowable-async-job-executor-thread-20389#
[PollExecuteTaskStatusExecution] c49c6f4e-6a21-4cf0-9f92-c125a8dc9d83 [2026-04-13T19:06:35.642152] NODE_HOME=/tmp/contents3451037157/deps/0/node (STDOUT, STG)#
#2026 04 13 19:07:24.930#Z#DEBUG#be2d3d37-376b-11f1-938a-eeee0a8c9147.BTP_CI_CD_Deployment_CAPM-postgres-deployer#flowable-async-job-executor-thread-20389#
[PollExecuteTaskStatusExecution] c49c6f4e-6a21-4cf0-9f92-c125a8dc9d83 [2026-04-13T19:06:35.642155] NODE_MODULES_CACHE=true (STDOUT, STG)#
#2026 04 13 19:07:24.930#Z#DEBUG#be2d3d37-376b-11f1-938a-eeee0a8c9147.BTP_CI_CD_Deployment_CAPM-postgres-deployer#flowable-async-job-executor-thread-20389#
[PollExecuteTaskStatusExecution] c49c6f4e-6a21-4cf0-9f92-c125a8dc9d83 [2026-04-13T19:06:35.642157] NODE_VERBOSE=false (STDOUT, STG)#
#2026 04 13 19:07:24.930#Z#DEBUG#be2d3d37-376b-11f1-938a-eeee0a8c9147.BTP_CI_CD_Deployment_CAPM-postgres-deployer#flowable-async-job-executor-thread-20389#
[PollExecuteTaskStatusExecution] c49c6f4e-6a21-4cf0-9f92-c125a8dc9d83 [2026-04-13T19:06:35.642160] NPM_CONFIG_LOGLEVEL=error (STDOUT, STG)#
#2026 04 13 19:07:24.930#Z#DEBUG#be2d3d37-376b-11f1-938a-eeee0a8c9147.BTP_CI_CD_Deployment_CAPM-postgres-deployer#flowable-async-job-executor-thread-20389#
[PollExecuteTaskStatusExecution] c49c6f4e-6a21-4cf0-9f92-c125a8dc9d83 [2026-04-13T19:06:35.642180] NPM_CONFIG_PRODUCTION=true (STDOUT, STG)#
#2026 04 13 19:07:24.930#Z#DEBUG#be2d3d37-376b-11f1-938a-eeee0a8c9147.BTP_CI_CD_Deployment_CAPM-postgres-deployer#flowable-async-job-executor-thread-20389#
[PollExecuteTaskStatusExecution] c49c6f4e-6a21-4cf0-9f92-c125a8dc9d83 [2026-04-13T19:06:35.642295] -----> Building dependencies (STDOUT, STG)#
#2026 04 13 19:07:24.930#Z#DEBUG#be2d3d37-376b-11f1-938a-eeee0a8c9147.BTP_CI_CD_Deployment_CAPM-postgres-deployer#flowable-async-job-executor-thread-20389#
[PollExecuteTaskStatusExecution] c49c6f4e-6a21-4cf0-9f92-c125a8dc9d83 [2026-04-13T19:06:35.642327] Prebuild detected (node_modules already exists) (STDOUT, STG)#
#2026 04 13 19:07:24.930#Z#DEBUG#be2d3d37-376b-11f1-938a-eeee0a8c9147.BTP_CI_CD_Deployment_CAPM-postgres-deployer#flowable-async-job-executor-thread-20389#
[PollExecuteTaskStatusExecution] c49c6f4e-6a21-4cf0-9f92-c125a8dc9d83 [2026-04-13T19:06:35.642390] Rebuilding any native modules (STDOUT, STG)#
#2026 04 13 19:07:24.930#Z#DEBUG#be2d3d37-376b-11f1-938a-eeee0a8c9147.BTP_CI_CD_Deployment_CAPM-postgres-deployer#flowable-async-job-executor-thread-20389#
[PollExecuteTaskStatusExecution] c49c6f4e-6a21-4cf0-9f92-c125a8dc9d83 [2026-04-13T19:06:36.416783] rebuilt dependencies successfully (STDOUT, STG)#
#2026 04 13 19:07:24.930#Z#DEBUG#be2d3d37-376b-11f1-938a-eeee0a8c9147.BTP_CI_CD_Deployment_CAPM-postgres-deployer#flowable-async-job-executor-thread-20389#
[PollExecuteTaskStatusExecution] c49c6f4e-6a21-4cf0-9f92-c125a8dc9d83 [2026-04-13T19:06:36.417891] npm notice (STDOUT, STG)#
#2026 04 13 19:07:24.930#Z#DEBUG#be2d3d37-376b-11f1-938a-eeee0a8c9147.BTP_CI_CD_Deployment_CAPM-postgres-deployer#flowable-async-job-executor-thread-20389#
[PollExecuteTaskStatusExecution] c49c6f4e-6a21-4cf0-9f92-c125a8dc9d83 [2026-04-13T19:06:36.417911] npm notice New major version of npm available! 10.9.4 -> 11.12.1 (STDOUT, STG)#
#2026 04 13 19:07:24.930#Z#DEBUG#be2d3d37-376b-11f1-938a-eeee0a8c9147.BTP_CI_CD_Deployment_CAPM-postgres-deployer#flowable-async-job-executor-thread-20389#
[PollExecuteTaskStatusExecution] c49c6f4e-6a21-4cf0-9f92-c125a8dc9d83 [2026-04-13T19:06:36.417915] npm notice Changelog: https://github.com/npm/cli/releases/tag/v11.12.1 (STDOUT, STG)#
#2026 04 13 19:07:24.930#Z#DEBUG#be2d3d37-376b-11f1-938a-eeee0a8c9147.BTP_CI_CD_Deployment_CAPM-postgres-deployer#flowable-async-job-executor-thread-20389#
[PollExecuteTaskStatusExecution] c49c6f4e-6a21-4cf0-9f92-c125a8dc9d83 [2026-04-13T19:06:36.417919] npm notice To update run: npm install -g npm@11.12.1 (STDOUT, STG)#
#2026 04 13 19:07:24.930#Z#DEBUG#be2d3d37-376b-11f1-938a-eeee0a8c9147.BTP_CI_CD_Deployment_CAPM-postgres-deployer#flowable-async-job-executor-thread-20389#
[PollExecuteTaskStatusExecution] c49c6f4e-6a21-4cf0-9f92-c125a8dc9d83 [2026-04-13T19:06:36.417925] npm notice (STDOUT, STG)#
#2026 04 13 19:07:24.930#Z#DEBUG#be2d3d37-376b-11f1-938a-eeee0a8c9147.BTP_CI_CD_Deployment_CAPM-postgres-deployer#flowable-async-job-executor-thread-20389#
[PollExecuteTaskStatusExecution] c49c6f4e-6a21-4cf0-9f92-c125a8dc9d83 [2026-04-13T19:06:36.492984] Installing any new modules (package.json + package-lock.json) (STDOUT, STG)#
#2026 04 13 19:07:24.930#Z#DEBUG#be2d3d37-376b-11f1-938a-eeee0a8c9147.BTP_CI_CD_Deployment_CAPM-postgres-deployer#flowable-async-job-executor-thread-20389#
[PollExecuteTaskStatusExecution] c49c6f4e-6a21-4cf0-9f92-c125a8dc9d83 [2026-04-13T19:06:37.186007] up to date in 605ms (STDOUT, STG)#
#2026 04 13 19:07:24.930#Z#DEBUG#be2d3d37-376b-11f1-938a-eeee0a8c9147.BTP_CI_CD_Deployment_CAPM-postgres-deployer#flowable-async-job-executor-thread-20389#
[PollExecuteTaskStatusExecution] c49c6f4e-6a21-4cf0-9f92-c125a8dc9d83 [2026-04-13T19:06:37.186224] 23 packages are looking for funding (STDOUT, STG)#
#2026 04 13 19:07:24.930#Z#DEBUG#be2d3d37-376b-11f1-938a-eeee0a8c9147.BTP_CI_CD_Deployment_CAPM-postgres-deployer#flowable-async-job-executor-thread-20389#
[PollExecuteTaskStatusExecution] c49c6f4e-6a21-4cf0-9f92-c125a8dc9d83 [2026-04-13T19:06:37.186244] run `npm fund` for details (STDOUT, STG)#
#2026 04 13 19:07:24.930#Z#DEBUG#be2d3d37-376b-11f1-938a-eeee0a8c9147.BTP_CI_CD_Deployment_CAPM-postgres-deployer#flowable-async-job-executor-thread-20389#
[PollExecuteTaskStatusExecution] c49c6f4e-6a21-4cf0-9f92-c125a8dc9d83 [2026-04-13T19:06:37.983123] Contrast Security no credentials found. Will not write environment files. (STDOUT, STG)#
#2026 04 13 19:07:24.930#Z#DEBUG#be2d3d37-376b-11f1-938a-eeee0a8c9147.BTP_CI_CD_Deployment_CAPM-postgres-deployer#flowable-async-job-executor-thread-20389#
[PollExecuteTaskStatusExecution] c49c6f4e-6a21-4cf0-9f92-c125a8dc9d83 [2026-04-13T19:06:48.612169] Exit status 0 (STDOUT, STG)#
#2026 04 13 19:07:24.930#Z#DEBUG#be2d3d37-376b-11f1-938a-eeee0a8c9147.BTP_CI_CD_Deployment_CAPM-postgres-deployer#flowable-async-job-executor-thread-20389#
[PollExecuteTaskStatusExecution] c49c6f4e-6a21-4cf0-9f92-c125a8dc9d83 [2026-04-13T19:06:48.612216] Uploading droplet, build artifacts cache... (STDOUT, STG)#
#2026 04 13 19:07:24.930#Z#DEBUG#be2d3d37-376b-11f1-938a-eeee0a8c9147.BTP_CI_CD_Deployment_CAPM-postgres-deployer#flowable-async-job-executor-thread-20389#
[PollExecuteTaskStatusExecution] c49c6f4e-6a21-4cf0-9f92-c125a8dc9d83 [2026-04-13T19:06:48.612253] Uploading build artifacts cache... (STDOUT, STG)#
#2026 04 13 19:07:24.930#Z#DEBUG#be2d3d37-376b-11f1-938a-eeee0a8c9147.BTP_CI_CD_Deployment_CAPM-postgres-deployer#flowable-async-job-executor-thread-20389#
[PollExecuteTaskStatusExecution] c49c6f4e-6a21-4cf0-9f92-c125a8dc9d83 [2026-04-13T19:06:48.612376] Uploading droplet... (STDOUT, STG)#
#2026 04 13 19:07:24.930#Z#DEBUG#be2d3d37-376b-11f1-938a-eeee0a8c9147.BTP_CI_CD_Deployment_CAPM-postgres-deployer#flowable-async-job-executor-thread-20389#
[PollExecuteTaskStatusExecution] c49c6f4e-6a21-4cf0-9f92-c125a8dc9d83 [2026-04-13T19:06:48.638406] Uploaded build artifacts cache (225B) (STDOUT, STG)#
#2026 04 13 19:07:24.930#Z#DEBUG#be2d3d37-376b-11f1-938a-eeee0a8c9147.BTP_CI_CD_Deployment_CAPM-postgres-deployer#flowable-async-job-executor-thread-20389#
[PollExecuteTaskStatusExecution] c49c6f4e-6a21-4cf0-9f92-c125a8dc9d83 [2026-04-13T19:06:49.328491] Creating droplet for app with guid c49c6f4e-6a21-4cf0-9f92-c125a8dc9d83 (STDOUT, API)#
#2026 04 13 19:07:24.930#Z#DEBUG#be2d3d37-376b-11f1-938a-eeee0a8c9147.BTP_CI_CD_Deployment_CAPM-postgres-deployer#flowable-async-job-executor-thread-20389#
[PollExecuteTaskStatusExecution] c49c6f4e-6a21-4cf0-9f92-c125a8dc9d83 [2026-04-13T19:06:51.394520] Uploaded droplet (59.3M) (STDOUT, STG)#
#2026 04 13 19:07:24.930#Z#DEBUG#be2d3d37-376b-11f1-938a-eeee0a8c9147.BTP_CI_CD_Deployment_CAPM-postgres-deployer#flowable-async-job-executor-thread-20389#
[PollExecuteTaskStatusExecution] c49c6f4e-6a21-4cf0-9f92-c125a8dc9d83 [2026-04-13T19:06:51.416294] Uploading complete (STDOUT, STG)#
#2026 04 13 19:07:24.930#Z#DEBUG#be2d3d37-376b-11f1-938a-eeee0a8c9147.BTP_CI_CD_Deployment_CAPM-postgres-deployer#flowable-async-job-executor-thread-20389#
[PollExecuteTaskStatusExecution] c49c6f4e-6a21-4cf0-9f92-c125a8dc9d83 [2026-04-13T19:06:52.078736] Cell 684caff8-89cd-492b-be01-b3d0835f1763 stopping instance 520dd5bf-9e73-4cd2-81ae-ff4728adf795 (STDOUT, STG)#
#2026 04 13 19:07:24.930#Z#DEBUG#be2d3d37-376b-11f1-938a-eeee0a8c9147.BTP_CI_CD_Deployment_CAPM-postgres-deployer#flowable-async-job-executor-thread-20389#
[PollExecuteTaskStatusExecution] c49c6f4e-6a21-4cf0-9f92-c125a8dc9d83 [2026-04-13T19:06:52.078782] Cell 684caff8-89cd-492b-be01-b3d0835f1763 destroying container for instance 520dd5bf-9e73-4cd2-81ae-ff4728adf795 (STDOUT, STG)#
#2026 04 13 19:07:24.930#Z#DEBUG#be2d3d37-376b-11f1-938a-eeee0a8c9147.BTP_CI_CD_Deployment_CAPM-postgres-deployer#flowable-async-job-executor-thread-20389#
[PollExecuteTaskStatusExecution] c49c6f4e-6a21-4cf0-9f92-c125a8dc9d83 [2026-04-13T19:06:52.129013] Staging complete for build 520dd5bf-9e73-4cd2-81ae-ff4728adf795 (STDOUT, API)#
#2026 04 13 19:07:24.930#Z#DEBUG#be2d3d37-376b-11f1-938a-eeee0a8c9147.BTP_CI_CD_Deployment_CAPM-postgres-deployer#flowable-async-job-executor-thread-20389#
[PollExecuteTaskStatusExecution] c49c6f4e-6a21-4cf0-9f92-c125a8dc9d83 [2026-04-13T19:06:54.677155] Updated app with guid c49c6f4e-6a21-4cf0-9f92-c125a8dc9d83 ({:droplet_guid=>"66820033-03b0-4088-8b93-547b0f74541b"}) (STDOUT, API)#
#2026 04 13 19:07:24.930#Z#DEBUG#be2d3d37-376b-11f1-938a-eeee0a8c9147.BTP_CI_CD_Deployment_CAPM-postgres-deployer#flowable-async-job-executor-thread-20389#
[PollExecuteTaskStatusExecution] c49c6f4e-6a21-4cf0-9f92-c125a8dc9d83 [2026-04-13T19:06:54.830496] Cell 684caff8-89cd-492b-be01-b3d0835f1763 successfully destroyed container for instance 520dd5bf-9e73-4cd2-81ae-ff4728adf795 (STDOUT, STG)#
#2026 04 13 19:07:24.930#Z#DEBUG#be2d3d37-376b-11f1-938a-eeee0a8c9147.BTP_CI_CD_Deployment_CAPM-postgres-deployer#flowable-async-job-executor-thread-20389#
[PollExecuteTaskStatusExecution] c49c6f4e-6a21-4cf0-9f92-c125a8dc9d83 [2026-04-13T19:06:55.280757] Cell 684caff8-89cd-492b-be01-b3d0835f1763 creating container for instance 61946480-7c1e-46cb-8861-09d9be2a1338 (STDOUT, CELL)#
#2026 04 13 19:07:24.930#Z#DEBUG#be2d3d37-376b-11f1-938a-eeee0a8c9147.BTP_CI_CD_Deployment_CAPM-postgres-deployer#flowable-async-job-executor-thread-20389#
[PollExecuteTaskStatusExecution] c49c6f4e-6a21-4cf0-9f92-c125a8dc9d83 [2026-04-13T19:06:56.321814] Security group rules were updated (STDOUT, CELL)#
#2026 04 13 19:07:24.930#Z#DEBUG#be2d3d37-376b-11f1-938a-eeee0a8c9147.BTP_CI_CD_Deployment_CAPM-postgres-deployer#flowable-async-job-executor-thread-20389#
[PollExecuteTaskStatusExecution] c49c6f4e-6a21-4cf0-9f92-c125a8dc9d83 [2026-04-13T19:06:56.419133] Cell 684caff8-89cd-492b-be01-b3d0835f1763 successfully created container for instance 61946480-7c1e-46cb-8861-09d9be2a1338 (STDOUT, CELL)#
#2026 04 13 19:07:24.930#Z#DEBUG#be2d3d37-376b-11f1-938a-eeee0a8c9147.BTP_CI_CD_Deployment_CAPM-postgres-deployer#flowable-async-job-executor-thread-20389#
[PollExecuteTaskStatusExecution] c49c6f4e-6a21-4cf0-9f92-c125a8dc9d83 [2026-04-13T19:07:01.335776] Invoking pre-start scripts. (STDOUT, APP/TASK/deploy-to-postgresql)#
#2026 04 13 19:07:24.930#Z#DEBUG#be2d3d37-376b-11f1-938a-eeee0a8c9147.BTP_CI_CD_Deployment_CAPM-postgres-deployer#flowable-async-job-executor-thread-20389#
[PollExecuteTaskStatusExecution] c49c6f4e-6a21-4cf0-9f92-c125a8dc9d83 [2026-04-13T19:07:01.566388] Invoking start command. (STDOUT, APP/TASK/deploy-to-postgresql)#
#2026 04 13 19:07:24.930#Z#DEBUG#be2d3d37-376b-11f1-938a-eeee0a8c9147.BTP_CI_CD_Deployment_CAPM-postgres-deployer#flowable-async-job-executor-thread-20389#
[PollExecuteTaskStatusExecution] c49c6f4e-6a21-4cf0-9f92-c125a8dc9d83 [2026-04-13T19:07:02.126870] > start (STDOUT, APP/TASK/deploy-to-postgresql)#
#2026 04 13 19:07:24.930#Z#DEBUG#be2d3d37-376b-11f1-938a-eeee0a8c9147.BTP_CI_CD_Deployment_CAPM-postgres-deployer#flowable-async-job-executor-thread-20389#
[PollExecuteTaskStatusExecution] c49c6f4e-6a21-4cf0-9f92-c125a8dc9d83 [2026-04-13T19:07:02.126896] > cds-deploy (STDOUT, APP/TASK/deploy-to-postgresql)#
#2026 04 13 19:07:24.930#Z#DEBUG#be2d3d37-376b-11f1-938a-eeee0a8c9147.BTP_CI_CD_Deployment_CAPM-postgres-deployer#flowable-async-job-executor-thread-20389#
[PollExecuteTaskStatusExecution] c49c6f4e-6a21-4cf0-9f92-c125a8dc9d83 [2026-04-13T19:07:02.217927] Deploying with options: { (STDOUT, APP/TASK/deploy-to-postgresql)#
#2026 04 13 19:07:24.930#Z#DEBUG#be2d3d37-376b-11f1-938a-eeee0a8c9147.BTP_CI_CD_Deployment_CAPM-postgres-deployer#flowable-async-job-executor-thread-20389#
[PollExecuteTaskStatusExecution] c49c6f4e-6a21-4cf0-9f92-c125a8dc9d83 [2026-04-13T19:07:02.217960] impl: '@cap-js/postgres', (STDOUT, APP/TASK/deploy-to-postgresql)#
#2026 04 13 19:07:24.930#Z#DEBUG#be2d3d37-376b-11f1-938a-eeee0a8c9147.BTP_CI_CD_Deployment_CAPM-postgres-deployer#flowable-async-job-executor-thread-20389#
[PollExecuteTaskStatusExecution] c49c6f4e-6a21-4cf0-9f92-c125a8dc9d83 [2026-04-13T19:07:02.217965] kind: 'postgres', (STDOUT, APP/TASK/deploy-to-postgresql)#
#2026 04 13 19:07:24.930#Z#DEBUG#be2d3d37-376b-11f1-938a-eeee0a8c9147.BTP_CI_CD_Deployment_CAPM-postgres-deployer#flowable-async-job-executor-thread-20389#
[PollExecuteTaskStatusExecution] c49c6f4e-6a21-4cf0-9f92-c125a8dc9d83 [2026-04-13T19:07:02.217972] dialect: 'postgres', (STDOUT, APP/TASK/deploy-to-postgresql)#
#2026 04 13 19:07:24.930#Z#DEBUG#be2d3d37-376b-11f1-938a-eeee0a8c9147.BTP_CI_CD_Deployment_CAPM-postgres-deployer#flowable-async-job-executor-thread-20389#
[PollExecuteTaskStatusExecution] c49c6f4e-6a21-4cf0-9f92-c125a8dc9d83 [2026-04-13T19:07:02.217976] vcap: { label: 'postgresql-db' }, (STDOUT, APP/TASK/deploy-to-postgresql)#
#2026 04 13 19:07:24.930#Z#DEBUG#be2d3d37-376b-11f1-938a-eeee0a8c9147.BTP_CI_CD_Deployment_CAPM-postgres-deployer#flowable-async-job-executor-thread-20389#
[PollExecuteTaskStatusExecution] c49c6f4e-6a21-4cf0-9f92-c125a8dc9d83 [2026-04-13T19:07:02.217982] pool: { (STDOUT, APP/TASK/deploy-to-postgresql)#
#2026 04 13 19:07:24.930#Z#DEBUG#be2d3d37-376b-11f1-938a-eeee0a8c9147.BTP_CI_CD_Deployment_CAPM-postgres-deployer#flowable-async-job-executor-thread-20389#
[PollExecuteTaskStatusExecution] c49c6f4e-6a21-4cf0-9f92-c125a8dc9d83 [2026-04-13T19:07:02.217987] min: 0, (STDOUT, APP/TASK/deploy-to-postgresql)#
#2026 04 13 19:07:24.930#Z#DEBUG#be2d3d37-376b-11f1-938a-eeee0a8c9147.BTP_CI_CD_Deployment_CAPM-postgres-deployer#flowable-async-job-executor-thread-20389#
[PollExecuteTaskStatusExecution] c49c6f4e-6a21-4cf0-9f92-c125a8dc9d83 [2026-04-13T19:07:02.217993] max: 10, (STDOUT, APP/TASK/deploy-to-postgresql)#
#2026 04 13 19:07:24.930#Z#DEBUG#be2d3d37-376b-11f1-938a-eeee0a8c9147.BTP_CI_CD_Deployment_CAPM-postgres-deployer#flowable-async-job-executor-thread-20389#
[PollExecuteTaskStatusExecution] c49c6f4e-6a21-4cf0-9f92-c125a8dc9d83 [2026-04-13T19:07:02.217995] testOnBorrow: true, (STDOUT, APP/TASK/deploy-to-postgresql)#
#2026 04 13 19:07:24.930#Z#DEBUG#be2d3d37-376b-11f1-938a-eeee0a8c9147.BTP_CI_CD_Deployment_CAPM-postgres-deployer#flowable-async-job-executor-thread-20389#
[PollExecuteTaskStatusExecution] c49c6f4e-6a21-4cf0-9f92-c125a8dc9d83 [2026-04-13T19:07:02.217999] acquireTimeoutMillis: 1000, (STDOUT, APP/TASK/deploy-to-postgresql)#
#2026 04 13 19:07:24.930#Z#DEBUG#be2d3d37-376b-11f1-938a-eeee0a8c9147.BTP_CI_CD_Deployment_CAPM-postgres-deployer#flowable-async-job-executor-thread-20389#
[PollExecuteTaskStatusExecution] c49c6f4e-6a21-4cf0-9f92-c125a8dc9d83 [2026-04-13T19:07:02.218001] destroyTimeoutMillis: 1000 (STDOUT, APP/TASK/deploy-to-postgresql)#
#2026 04 13 19:07:24.930#Z#DEBUG#be2d3d37-376b-11f1-938a-eeee0a8c9147.BTP_CI_CD_Deployment_CAPM-postgres-deployer#flowable-async-job-executor-thread-20389#
[PollExecuteTaskStatusExecution] c49c6f4e-6a21-4cf0-9f92-c125a8dc9d83 [2026-04-13T19:07:02.218005] }, (STDOUT, APP/TASK/deploy-to-postgresql)#
#2026 04 13 19:07:24.930#Z#DEBUG#be2d3d37-376b-11f1-938a-eeee0a8c9147.BTP_CI_CD_Deployment_CAPM-postgres-deployer#flowable-async-job-executor-thread-20389#
[PollExecuteTaskStatusExecution] c49c6f4e-6a21-4cf0-9f92-c125a8dc9d83 [2026-04-13T19:07:02.218007] schema_evolution: 'auto', (STDOUT, APP/TASK/deploy-to-postgresql)#
#2026 04 13 19:07:24.930#Z#DEBUG#be2d3d37-376b-11f1-938a-eeee0a8c9147.BTP_CI_CD_Deployment_CAPM-postgres-deployer#flowable-async-job-executor-thread-20389#
[PollExecuteTaskStatusExecution] c49c6f4e-6a21-4cf0-9f92-c125a8dc9d83 [2026-04-13T19:07:02.218010] credentials: { (STDOUT, APP/TASK/deploy-to-postgresql)#
#2026 04 13 19:07:24.930#Z#DEBUG#be2d3d37-376b-11f1-938a-eeee0a8c9147.BTP_CI_CD_Deployment_CAPM-postgres-deployer#flowable-async-job-executor-thread-20389#
[PollExecuteTaskStatusExecution] c49c6f4e-6a21-4cf0-9f92-c125a8dc9d83 [2026-04-13T19:07:02.218013] username: '36c89beec156', (STDOUT, APP/TASK/deploy-to-postgresql)#
#2026 04 13 19:07:24.930#Z#DEBUG#be2d3d37-376b-11f1-938a-eeee0a8c9147.BTP_CI_CD_Deployment_CAPM-postgres-deployer#flowable-async-job-executor-thread-20389#
[PollExecuteTaskStatusExecution] c49c6f4e-6a21-4cf0-9f92-c125a8dc9d83 [2026-04-13T19:07:02.218018] password: '55e6938c7d414f3fb516545d23ad3', (STDOUT, APP/TASK/deploy-to-postgresql)#
#2026 04 13 19:07:24.930#Z#DEBUG#be2d3d37-376b-11f1-938a-eeee0a8c9147.BTP_CI_CD_Deployment_CAPM-postgres-deployer#flowable-async-job-executor-thread-20389#
[PollExecuteTaskStatusExecution] c49c6f4e-6a21-4cf0-9f92-c125a8dc9d83 [2026-04-13T19:07:02.218023] hostname: 'postgres-ba329acb-cb7e-475c-b74a-6a3daa78372b.cqryblsdrbcs.us-east-1.rds.amazonaws.com', (STDOUT, APP/TASK/deploy-to-postgresql)#
#2026 04 13 19:07:24.930#Z#DEBUG#be2d3d37-376b-11f1-938a-eeee0a8c9147.BTP_CI_CD_Deployment_CAPM-postgres-deployer#flowable-async-job-executor-thread-20389#
[PollExecuteTaskStatusExecution] c49c6f4e-6a21-4cf0-9f92-c125a8dc9d83 [2026-04-13T19:07:02.218025] dbname: 'BgEevKumUsMP', (STDOUT, APP/TASK/deploy-to-postgresql)#
#2026 04 13 19:07:24.930#Z#DEBUG#be2d3d37-376b-11f1-938a-eeee0a8c9147.BTP_CI_CD_Deployment_CAPM-postgres-deployer#flowable-async-job-executor-thread-20389#
[PollExecuteTaskStatusExecution] c49c6f4e-6a21-4cf0-9f92-c125a8dc9d83 [2026-04-13T19:07:02.218028] port: '6137', (STDOUT, APP/TASK/deploy-to-postgresql)#
#2026 04 13 19:07:24.930#Z#DEBUG#be2d3d37-376b-11f1-938a-eeee0a8c9147.BTP_CI_CD_Deployment_CAPM-postgres-deployer#flowable-async-job-executor-thread-20389#
[PollExecuteTaskStatusExecution] c49c6f4e-6a21-4cf0-9f92-c125a8dc9d83 [2026-04-13T19:07:02.218035] uri: 'postgres://36c89beec156:55e6938c7d414f3fb516545d23ad3@postgres-ba329acb-cb7e-475c-b74a-6a3daa78372b.cqryblsdrbcs.us-east-1.rds.amazonaws.com:6137/BgEevKumUsMP', (STDOUT, APP/TASK/deploy-to-postgresql)#
#2026 04 13 19:07:24.930#Z#DEBUG#be2d3d37-376b-11f1-938a-eeee0a8c9147.BTP_CI_CD_Deployment_CAPM-postgres-deployer#flowable-async-job-executor-thread-20389#
[PollExecuteTaskStatusExecution] c49c6f4e-6a21-4cf0-9f92-c125a8dc9d83 [2026-04-13T19:07:02.218038] urls: { (STDOUT, APP/TASK/deploy-to-postgresql)#
#2026 04 13 19:07:24.930#Z#DEBUG#be2d3d37-376b-11f1-938a-eeee0a8c9147.BTP_CI_CD_Deployment_CAPM-postgres-deployer#flowable-async-job-executor-thread-20389#
[PollExecuteTaskStatusExecution] c49c6f4e-6a21-4cf0-9f92-c125a8dc9d83 [2026-04-13T19:07:02.218044] api_server: 'https://api-backing-services.us10-001.data.services.cloud.sap' (STDOUT, APP/TASK/deploy-to-postgresql)#
#2026 04 13 19:07:24.930#Z#DEBUG#be2d3d37-376b-11f1-938a-eeee0a8c9147.BTP_CI_CD_Deployment_CAPM-postgres-deployer#flowable-async-job-executor-thread-20389#
[PollExecuteTaskStatusExecution] c49c6f4e-6a21-4cf0-9f92-c125a8dc9d83 [2026-04-13T19:07:02.218051] }, (STDOUT, APP/TASK/deploy-to-postgresql)#
#2026 04 13 19:07:24.930#Z#DEBUG#be2d3d37-376b-11f1-938a-eeee0a8c9147.BTP_CI_CD_Deployment_CAPM-postgres-deployer#flowable-async-job-executor-thread-20389#
[PollExecuteTaskStatusExecution] c49c6f4e-6a21-4cf0-9f92-c125a8dc9d83 [2026-04-13T19:07:02.218054] sslcert: '-----BEGIN CERTIFICATE-----\n' + (STDOUT, APP/TASK/deploy-to-postgresql)#
#2026 04 13 19:07:24.930#Z#DEBUG#be2d3d37-376b-11f1-938a-eeee0a8c9147.BTP_CI_CD_Deployment_CAPM-postgres-deployer#flowable-async-job-executor-thread-20389#
[PollExecuteTaskStatusExecution] c49c6f4e-6a21-4cf0-9f92-c125a8dc9d83 [2026-04-13T19:07:02.218059] 'MIID/zCCAuegAwIBAgIRAPVSMfFitmM5PhmbaOFoGfUwDQYJKoZIhvcNAQELBQAw\n' + (STDOUT, APP/TASK/deploy-to-postgresql)#
#2026 04 13 19:07:24.930#Z#DEBUG#be2d3d37-376b-11f1-938a-eeee0a8c9147.BTP_CI_CD_Deployment_CAPM-postgres-deployer#flowable-async-job-executor-thread-20389#
[PollExecuteTaskStatusExecution] c49c6f4e-6a21-4cf0-9f92-c125a8dc9d83 [2026-04-13T19:07:02.218062] 'gZcxCzAJBgNVBAYTAlVTMSIwIAYDVQQKDBlBbWF6b24gV2ViIFNlcnZpY2VzLCBJ\n' + (STDOUT, APP/TASK/deploy-to-postgresql)#
#2026 04 13 19:07:24.930#Z#DEBUG#be2d3d37-376b-11f1-938a-eeee0a8c9147.BTP_CI_CD_Deployment_CAPM-postgres-deployer#flowable-async-job-executor-thread-20389#
[PollExecuteTaskStatusExecution] c49c6f4e-6a21-4cf0-9f92-c125a8dc9d83 [2026-04-13T19:07:02.218065] 'bmMuMRMwEQYDVQQLDApBbWF6b24gUkRTMQswCQYDVQQIDAJXQTEwMC4GA1UEAwwn\n' + (STDOUT, APP/TASK/deploy-to-postgresql)#
#2026 04 13 19:07:24.930#Z#DEBUG#be2d3d37-376b-11f1-938a-eeee0a8c9147.BTP_CI_CD_Deployment_CAPM-postgres-deployer#flowable-async-job-executor-thread-20389#
[PollExecuteTaskStatusExecution] c49c6f4e-6a21-4cf0-9f92-c125a8dc9d83 [2026-04-13T19:07:02.218067] 'QW1hem9uIFJEUyB1cy1lYXN0LTEgUm9vdCBDQSBSU0EyMDQ4IEcxMRAwDgYDVQQH\n' + (STDOUT, APP/TASK/deploy-to-postgresql)#
#2026 04 13 19:07:24.930#Z#DEBUG#be2d3d37-376b-11f1-938a-eeee0a8c9147.BTP_CI_CD_Deployment_CAPM-postgres-deployer#flowable-async-job-executor-thread-20389#
[PollExecuteTaskStatusExecution] c49c6f4e-6a21-4cf0-9f92-c125a8dc9d83 [2026-04-13T19:07:02.218069] 'DAdTZWF0dGxlMCAXDTIxMDUyNTIyMzQ1N1oYDzIwNjEwNTI1MjMzNDU3WjCBlzEL\n' + (STDOUT, APP/TASK/deploy-to-postgresql)#
#2026 04 13 19:07:24.930#Z#DEBUG#be2d3d37-376b-11f1-938a-eeee0a8c9147.BTP_CI_CD_Deployment_CAPM-postgres-deployer#flowable-async-job-executor-thread-20389#
[PollExecuteTaskStatusExecution] c49c6f4e-6a21-4cf0-9f92-c125a8dc9d83 [2026-04-13T19:07:02.218072] 'MAkGA1UEBhMCVVMxIjAgBgNVBAoMGUFtYXpvbiBXZWIgU2VydmljZXMsIEluYy4x\n' + (STDOUT, APP/TASK/deploy-to-postgresql)#
#2026 04 13 19:07:24.930#Z#DEBUG#be2d3d37-376b-11f1-938a-eeee0a8c9147.BTP_CI_CD_Deployment_CAPM-postgres-deployer#flowable-async-job-executor-thread-20389#
[PollExecuteTaskStatusExecution] c49c6f4e-6a21-4cf0-9f92-c125a8dc9d83 [2026-04-13T19:07:02.218075] 'EzARBgNVBAsMCkFtYXpvbiBSRFMxCzAJBgNVBAgMAldBMTAwLgYDVQQDDCdBbWF6\n' + (STDOUT, APP/TASK/deploy-to-postgresql)#
#2026 04 13 19:07:24.930#Z#DEBUG#be2d3d37-376b-11f1-938a-eeee0a8c9147.BTP_CI_CD_Deployment_CAPM-postgres-deployer#flowable-async-job-executor-thread-20389#
[PollExecuteTaskStatusExecution] c49c6f4e-6a21-4cf0-9f92-c125a8dc9d83 [2026-04-13T19:07:02.218080] 'b24gUkRTIHVzLWVhc3QtMSBSb290IENBIFJTQTIwNDggRzExEDAOBgNVBAcMB1Nl\n' + (STDOUT, APP/TASK/deploy-to-postgresql)#
#2026 04 13 19:07:24.931#Z#DEBUG#be2d3d37-376b-11f1-938a-eeee0a8c9147.BTP_CI_CD_Deployment_CAPM-postgres-deployer#flowable-async-job-executor-thread-20389#
[PollExecuteTaskStatusExecution] c49c6f4e-6a21-4cf0-9f92-c125a8dc9d83 [2026-04-13T19:07:02.218083] 'YXR0bGUwggEiMA0GCSqGSIb3DQEBAQUAA4IBDwAwggEKAoIBAQDu9H7TBeGoDzMr\n' + (STDOUT, APP/TASK/deploy-to-postgresql)#
#2026 04 13 19:07:24.931#Z#DEBUG#be2d3d37-376b-11f1-938a-eeee0a8c9147.BTP_CI_CD_Deployment_CAPM-postgres-deployer#flowable-async-job-executor-thread-20389#
[PollExecuteTaskStatusExecution] c49c6f4e-6a21-4cf0-9f92-c125a8dc9d83 [2026-04-13T19:07:02.218085] 'dxN6H8COntJX4IR6dbyhnj5qMD4xl/IWvp50lt0VpmMd+z2PNZzx8RazeGC5IniV\n' + (STDOUT, APP/TASK/deploy-to-postgresql)#
#2026 04 13 19:07:24.931#Z#DEBUG#be2d3d37-376b-11f1-938a-eeee0a8c9147.BTP_CI_CD_Deployment_CAPM-postgres-deployer#flowable-async-job-executor-thread-20389#
[PollExecuteTaskStatusExecution] c49c6f4e-6a21-4cf0-9f92-c125a8dc9d83 [2026-04-13T19:07:02.218089] '5nrLg0AKWRQ2A/lGGXbUrGXCSe09brMQCxWBSIYe1WZZ1iU1IJ/6Bp4D2YEHpXrW\n' + (STDOUT, APP/TASK/deploy-to-postgresql)#
#2026 04 13 19:07:24.931#Z#DEBUG#be2d3d37-376b-11f1-938a-eeee0a8c9147.BTP_CI_CD_Deployment_CAPM-postgres-deployer#flowable-async-job-executor-thread-20389#
[PollExecuteTaskStatusExecution] c49c6f4e-6a21-4cf0-9f92-c125a8dc9d83 [2026-04-13T19:07:02.218092] 'bPkOq5x3YPcsoitgm1Xh8ygz6vb7PsvJvPbvRMnkDg5IqEThapPjmKb8ZJWyEFEE\n' + (STDOUT, APP/TASK/deploy-to-postgresql)#
#2026 04 13 19:07:24.931#Z#DEBUG#be2d3d37-376b-11f1-938a-eeee0a8c9147.BTP_CI_CD_Deployment_CAPM-postgres-deployer#flowable-async-job-executor-thread-20389#
[PollExecuteTaskStatusExecution] c49c6f4e-6a21-4cf0-9f92-c125a8dc9d83 [2026-04-13T19:07:02.218094] 'QRrkCIRueB1EqQtJw0fvP4PKDlCJAKBEs/y049FoOqYpT3pRy0WKqPhWve+hScMd\n' + (STDOUT, APP/TASK/deploy-to-postgresql)#
#2026 04 13 19:07:24.931#Z#DEBUG#be2d3d37-376b-11f1-938a-eeee0a8c9147.BTP_CI_CD_Deployment_CAPM-postgres-deployer#flowable-async-job-executor-thread-20389#
[PollExecuteTaskStatusExecution] c49c6f4e-6a21-4cf0-9f92-c125a8dc9d83 [2026-04-13T19:07:02.218097] '6obq8kxTFy1IHACjHc51nrGII5Bt76/MpTWhnJIJrCnq1/Uc3Qs8IVeb+sLaFC8K\n' + (STDOUT, APP/TASK/deploy-to-postgresql)#
#2026 04 13 19:07:24.931#Z#DEBUG#be2d3d37-376b-11f1-938a-eeee0a8c9147.BTP_CI_CD_Deployment_CAPM-postgres-deployer#flowable-async-job-executor-thread-20389#
[PollExecuteTaskStatusExecution] c49c6f4e-6a21-4cf0-9f92-c125a8dc9d83 [2026-04-13T19:07:02.218100] 'DI69Sw6bAgMBAAGjQjBAMA8GA1UdEwEB/wQFMAMBAf8wHQYDVR0OBBYEFE7PCopt\n' + (STDOUT, APP/TASK/deploy-to-postgresql)#
#2026 04 13 19:07:24.931#Z#DEBUG#be2d3d37-376b-11f1-938a-eeee0a8c9147.BTP_CI_CD_Deployment_CAPM-postgres-deployer#flowable-async-job-executor-thread-20389#
[PollExecuteTaskStatusExecution] c49c6f4e-6a21-4cf0-9f92-c125a8dc9d83 [2026-04-13T19:07:02.218119] 'lyOgtXX0Y1lObBUxuKaCMA4GA1UdDwEB/wQEAwIBhjANBgkqhkiG9w0BAQsFAAOC\n' + (STDOUT, APP/TASK/deploy-to-postgresql)#
#2026 04 13 19:07:24.931#Z#DEBUG#be2d3d37-376b-11f1-938a-eeee0a8c9147.BTP_CI_CD_Deployment_CAPM-postgres-deployer#flowable-async-job-executor-thread-20389#
[PollExecuteTaskStatusExecution] c49c6f4e-6a21-4cf0-9f92-c125a8dc9d83 [2026-04-13T19:07:02.218122] 'AQEAFj+bX8gLmMNefr5jRJfHjrL3iuZCjf7YEZgn89pS4z8408mjj9z6Q5D1H7yS\n' + (STDOUT, APP/TASK/deploy-to-postgresql)#
#2026 04 13 19:07:24.931#Z#DEBUG#be2d3d37-376b-11f1-938a-eeee0a8c9147.BTP_CI_CD_Deployment_CAPM-postgres-deployer#flowable-async-job-executor-thread-20389#
[PollExecuteTaskStatusExecution] c49c6f4e-6a21-4cf0-9f92-c125a8dc9d83 [2026-04-13T19:07:02.218126] 'jNETVV8QaJip1qyhh5gRzRaArgGAYvi2/r0zPsy+Tgf7v1KGL5Lh8NT8iCEGGXwF\n' + (STDOUT, APP/TASK/deploy-to-postgresql)#
#2026 04 13 19:07:24.931#Z#DEBUG#be2d3d37-376b-11f1-938a-eeee0a8c9147.BTP_CI_CD_Deployment_CAPM-postgres-deployer#flowable-async-job-executor-thread-20389#
[PollExecuteTaskStatusExecution] c49c6f4e-6a21-4cf0-9f92-c125a8dc9d83 [2026-04-13T19:07:02.218129] 'g3Ir+Nl3e+9XUp0eyyzBIjHtjLBm6yy8rGk9p6OtFDQnKF5OxwbAgip42CD75r/q\n' + (STDOUT, APP/TASK/deploy-to-postgresql)#
#2026 04 13 19:07:24.931#Z#DEBUG#be2d3d37-376b-11f1-938a-eeee0a8c9147.BTP_CI_CD_Deployment_CAPM-postgres-deployer#flowable-async-job-executor-thread-20389#
[PollExecuteTaskStatusExecution] c49c6f4e-6a21-4cf0-9f92-c125a8dc9d83 [2026-04-13T19:07:02.218133] 'p421maEDDvvRFR4D+99JZxgAYDBGqRRceUoe16qDzbMvlz0A9paCZFclxeftAxv6\n' + (STDOUT, APP/TASK/deploy-to-postgresql)#
#2026 04 13 19:07:24.931#Z#DEBUG#be2d3d37-376b-11f1-938a-eeee0a8c9147.BTP_CI_CD_Deployment_CAPM-postgres-deployer#flowable-async-job-executor-thread-20389#
[PollExecuteTaskStatusExecution] c49c6f4e-6a21-4cf0-9f92-c125a8dc9d83 [2026-04-13T19:07:02.218136] 'QlR5rItMz/XdzpBJUpYhdzM0gCzAzdQuVO5tjJxmXhkSMcDP+8Q+Uv6FA9k2VpUV\n' + (STDOUT, APP/TASK/deploy-to-postgresql)#
#2026 04 13 19:07:24.931#Z#DEBUG#be2d3d37-376b-11f1-938a-eeee0a8c9147.BTP_CI_CD_Deployment_CAPM-postgres-deployer#flowable-async-job-executor-thread-20389#
[PollExecuteTaskStatusExecution] c49c6f4e-6a21-4cf0-9f92-c125a8dc9d83 [2026-04-13T19:07:02.218139] 'E/O5jgpqUJJ2Hc/5rs9VkAPXeA==\n' + (STDOUT, APP/TASK/deploy-to-postgresql)#
#2026 04 13 19:07:24.931#Z#DEBUG#be2d3d37-376b-11f1-938a-eeee0a8c9147.BTP_CI_CD_Deployment_CAPM-postgres-deployer#flowable-async-job-executor-thread-20389#
[PollExecuteTaskStatusExecution] c49c6f4e-6a21-4cf0-9f92-c125a8dc9d83 [2026-04-13T19:07:02.218143] '-----END CERTIFICATE-----\n' + (STDOUT, APP/TASK/deploy-to-postgresql)#
#2026 04 13 19:07:24.931#Z#DEBUG#be2d3d37-376b-11f1-938a-eeee0a8c9147.BTP_CI_CD_Deployment_CAPM-postgres-deployer#flowable-async-job-executor-thread-20389#
[PollExecuteTaskStatusExecution] c49c6f4e-6a21-4cf0-9f92-c125a8dc9d83 [2026-04-13T19:07:02.218146] '-----BEGIN CERTIFICATE-----\n' + (STDOUT, APP/TASK/deploy-to-postgresql)#
#2026 04 13 19:07:24.931#Z#DEBUG#be2d3d37-376b-11f1-938a-eeee0a8c9147.BTP_CI_CD_Deployment_CAPM-postgres-deployer#flowable-async-job-executor-thread-20389#
[PollExecuteTaskStatusExecution] c49c6f4e-6a21-4cf0-9f92-c125a8dc9d83 [2026-04-13T19:07:02.218148] 'MIIF/jCCA+agAwIBAgIQaRHaEqqacXN20e8zZJtmDDANBgkqhkiG9w0BAQwFADCB\n' + (STDOUT, APP/TASK/deploy-to-postgresql)#
#2026 04 13 19:07:24.931#Z#DEBUG#be2d3d37-376b-11f1-938a-eeee0a8c9147.BTP_CI_CD_Deployment_CAPM-postgres-deployer#flowable-async-job-executor-thread-20389#
[PollExecuteTaskStatusExecution] c49c6f4e-6a21-4cf0-9f92-c125a8dc9d83 [2026-04-13T19:07:02.218151] 'lzELMAkGA1UEBhMCVVMxIjAgBgNVBAoMGUFtYXpvbiBXZWIgU2VydmljZXMsIElu\n' + (STDOUT, APP/TASK/deploy-to-postgresql)#
#2026 04 13 19:07:24.931#Z#DEBUG#be2d3d37-376b-11f1-938a-eeee0a8c9147.BTP_CI_CD_Deployment_CAPM-postgres-deployer#flowable-async-job-executor-thread-20389#
[PollExecuteTaskStatusExecution] c49c6f4e-6a21-4cf0-9f92-c125a8dc9d83 [2026-04-13T19:07:02.218153] 'Yy4xEzARBgNVBAsMCkFtYXpvbiBSRFMxCzAJBgNVBAgMAldBMTAwLgYDVQQDDCdB\n' + (STDOUT, APP/TASK/deploy-to-postgresql)#
#2026 04 13 19:07:24.931#Z#DEBUG#be2d3d37-376b-11f1-938a-eeee0a8c9147.BTP_CI_CD_Deployment_CAPM-postgres-deployer#flowable-async-job-executor-thread-20389#
[PollExecuteTaskStatusExecution] c49c6f4e-6a21-4cf0-9f92-c125a8dc9d83 [2026-04-13T19:07:02.218156] 'bWF6b24gUkRTIHVzLWVhc3QtMSBSb290IENBIFJTQTQwOTYgRzExEDAOBgNVBAcM\n' + (STDOUT, APP/TASK/deploy-to-postgresql)#
#2026 04 13 19:07:24.931#Z#DEBUG#be2d3d37-376b-11f1-938a-eeee0a8c9147.BTP_CI_CD_Deployment_CAPM-postgres-deployer#flowable-async-job-executor-thread-20389#
[PollExecuteTaskStatusExecution] c49c6f4e-6a21-4cf0-9f92-c125a8dc9d83 [2026-04-13T19:07:02.218161] 'B1NlYXR0bGUwIBcNMjEwNTI1MjIzODM1WhgPMjEyMTA1MjUyMzM4MzVaMIGXMQsw\n' + (STDOUT, APP/TASK/deploy-to-postgresql)#
#2026 04 13 19:07:24.931#Z#DEBUG#be2d3d37-376b-11f1-938a-eeee0a8c9147.BTP_CI_CD_Deployment_CAPM-postgres-deployer#flowable-async-job-executor-thread-20389#
[PollExecuteTaskStatusExecution] c49c6f4e-6a21-4cf0-9f92-c125a8dc9d83 [2026-04-13T19:07:02.218163] 'CQYDVQQGEwJVUzEiMCAGA1UECgwZQW1hem9uIFdlYiBTZXJ2aWNlcywgSW5jLjET\n' + (STDOUT, APP/TASK/deploy-to-postgresql)#
#2026 04 13 19:07:24.931#Z#DEBUG#be2d3d37-376b-11f1-938a-eeee0a8c9147.BTP_CI_CD_Deployment_CAPM-postgres-deployer#flowable-async-job-executor-thread-20389#
[PollExecuteTaskStatusExecution] c49c6f4e-6a21-4cf0-9f92-c125a8dc9d83 [2026-04-13T19:07:02.218166] 'MBEGA1UECwwKQW1hem9uIFJEUzELMAkGA1UECAwCV0ExMDAuBgNVBAMMJ0FtYXpv\n' + (STDOUT, APP/TASK/deploy-to-postgresql)#
#2026 04 13 19:07:24.931#Z#DEBUG#be2d3d37-376b-11f1-938a-eeee0a8c9147.BTP_CI_CD_Deployment_CAPM-postgres-deployer#flowable-async-job-executor-thread-20389#
[PollExecuteTaskStatusExecution] c49c6f4e-6a21-4cf0-9f92-c125a8dc9d83 [2026-04-13T19:07:02.218170] 'biBSRFMgdXMtZWFzdC0xIFJvb3QgQ0EgUlNBNDA5NiBHMTEQMA4GA1UEBwwHU2Vh\n' + (STDOUT, APP/TASK/deploy-to-postgresql)#
#2026 04 13 19:07:24.931#Z#DEBUG#be2d3d37-376b-11f1-938a-eeee0a8c9147.BTP_CI_CD_Deployment_CAPM-postgres-deployer#flowable-async-job-executor-thread-20389#
[PollExecuteTaskStatusExecution] c49c6f4e-6a21-4cf0-9f92-c125a8dc9d83 [2026-04-13T19:07:02.218172] 'dHRsZTCCAiIwDQYJKoZIhvcNAQEBBQADggIPADCCAgoCggIBAInfBCaHuvj6Rb5c\n' + (STDOUT, APP/TASK/deploy-to-postgresql)#
#2026 04 13 19:07:24.931#Z#DEBUG#be2d3d37-376b-11f1-938a-eeee0a8c9147.BTP_CI_CD_Deployment_CAPM-postgres-deployer#flowable-async-job-executor-thread-20389#
[PollExecuteTaskStatusExecution] c49c6f4e-6a21-4cf0-9f92-c125a8dc9d83 [2026-04-13T19:07:02.218179] 'L5Wmn1jv2PHtEGMHm+7Z8dYosdwouG8VG2A+BCYCZfij9lIGszrTXkY4O7vnXgru\n' + (STDOUT, APP/TASK/deploy-to-postgresql)#
#2026 04 13 19:07:24.931#Z#DEBUG#be2d3d37-376b-11f1-938a-eeee0a8c9147.BTP_CI_CD_Deployment_CAPM-postgres-deployer#flowable-async-job-executor-thread-20389#
[PollExecuteTaskStatusExecution] c49c6f4e-6a21-4cf0-9f92-c125a8dc9d83 [2026-04-13T19:07:02.218182] 'JUNdxh0Q3M83p4X+bg+gODUs3jf+Z3Oeq7nTOk/2UYvQLcxP4FEXILxDInbQFcIx\n' + (STDOUT, APP/TASK/deploy-to-postgresql)#
#2026 04 13 19:07:24.931#Z#DEBUG#be2d3d37-376b-11f1-938a-eeee0a8c9147.BTP_CI_CD_Deployment_CAPM-postgres-deployer#flowable-async-job-executor-thread-20389#
[PollExecuteTaskStatusExecution] c49c6f4e-6a21-4cf0-9f92-c125a8dc9d83 [2026-04-13T19:07:02.218184] 'yen1ESHggGrjEodgn6nbKQNRfIhjhW+TKYaewfsVWH7EF2pfj+cjbJ6njjgZ0/M9\n' + (STDOUT, APP/TASK/deploy-to-postgresql)#
#2026 04 13 19:07:24.931#Z#DEBUG#be2d3d37-376b-11f1-938a-eeee0a8c9147.BTP_CI_CD_Deployment_CAPM-postgres-deployer#flowable-async-job-executor-thread-20389#
[PollExecuteTaskStatusExecution] c49c6f4e-6a21-4cf0-9f92-c125a8dc9d83 [2026-04-13T19:07:02.218190] 'VZifJFBgat6XUTOf3jwHwkCBh7T6rDpgy19A61laImJCQhdTnHKvzTpxcxiLRh69\n' + (STDOUT, APP/TASK/deploy-to-postgresql)#
#2026 04 13 19:07:24.931#Z#DEBUG#be2d3d37-376b-11f1-938a-eeee0a8c9147.BTP_CI_CD_Deployment_CAPM-postgres-deployer#flowable-async-job-executor-thread-20389#
[PollExecuteTaskStatusExecution] c49c6f4e-6a21-4cf0-9f92-c125a8dc9d83 [2026-04-13T19:07:02.218194] 'ZObypR7W04OAUmFS88V7IotlPmCL8xf7kwxG+gQfvx31+A9IDMsiTqJ1Cc4fYEKg\n' + (STDOUT, APP/TASK/deploy-to-postgresql)#
#2026 04 13 19:07:24.931#Z#DEBUG#be2d3d37-376b-11f1-938a-eeee0a8c9147.BTP_CI_CD_Deployment_CAPM-postgres-deployer#flowable-async-job-executor-thread-20389#
[PollExecuteTaskStatusExecution] c49c6f4e-6a21-4cf0-9f92-c125a8dc9d83 [2026-04-13T19:07:02.218197] 'bL+Vo+2Ii4W2esCTGVYmHm73drznfeKwL+kmIC/Bq+DrZ+veTqKFYwSkpHRyJCEe\n' + (STDOUT, APP/TASK/deploy-to-postgresql)#
#2026 04 13 19:07:24.931#Z#DEBUG#be2d3d37-376b-11f1-938a-eeee0a8c9147.BTP_CI_CD_Deployment_CAPM-postgres-deployer#flowable-async-job-executor-thread-20389#
[PollExecuteTaskStatusExecution] c49c6f4e-6a21-4cf0-9f92-c125a8dc9d83 [2026-04-13T19:07:02.218200] 'U4Zym6POqQ/4LBSKwDUhWLJIlq99bjKX+hNTJykB+Lbcx0ScOP4IAZQoxmDxGWxN\n' + (STDOUT, APP/TASK/deploy-to-postgresql)#
#2026 04 13 19:07:24.931#Z#DEBUG#be2d3d37-376b-11f1-938a-eeee0a8c9147.BTP_CI_CD_Deployment_CAPM-postgres-deployer#flowable-async-job-executor-thread-20389#
[PollExecuteTaskStatusExecution] c49c6f4e-6a21-4cf0-9f92-c125a8dc9d83 [2026-04-13T19:07:02.218203] 'S+lQj+Cx2pwU3S/7+OxlRndZAX/FKgk7xSMkg88HykUZaZ/ozIiqJqSnGpgXCtED\n' + (STDOUT, APP/TASK/deploy-to-postgresql)#
#2026 04 13 19:07:24.931#Z#DEBUG#be2d3d37-376b-11f1-938a-eeee0a8c9147.BTP_CI_CD_Deployment_CAPM-postgres-deployer#flowable-async-job-executor-thread-20389#
[PollExecuteTaskStatusExecution] c49c6f4e-6a21-4cf0-9f92-c125a8dc9d83 [2026-04-13T19:07:02.218205] 'oQ4OJw5ozAr+/wudOawaMwUWQl5asD8fuy/hl5S1nv9XxIc842QJOtJFxhyeMIXt\n' + (STDOUT, APP/TASK/deploy-to-postgresql)#
#2026 04 13 19:07:24.931#Z#DEBUG#be2d3d37-376b-11f1-938a-eeee0a8c9147.BTP_CI_CD_Deployment_CAPM-postgres-deployer#flowable-async-job-executor-thread-20389#
[PollExecuteTaskStatusExecution] c49c6f4e-6a21-4cf0-9f92-c125a8dc9d83 [2026-04-13T19:07:02.218208] 'LVECVw/dPekhMjS3Zo3wwRgYbnKG7YXXT5WMxJEnHu8+cYpMiRClzq2BEP6/MtI2\n' + (STDOUT, APP/TASK/deploy-to-postgresql)#
#2026 04 13 19:07:24.931#Z#DEBUG#be2d3d37-376b-11f1-938a-eeee0a8c9147.BTP_CI_CD_Deployment_CAPM-postgres-deployer#flowable-async-job-executor-thread-20389#
[PollExecuteTaskStatusExecution] c49c6f4e-6a21-4cf0-9f92-c125a8dc9d83 [2026-04-13T19:07:02.218221] 'AZQQUFu2yFjRGL2OZA6IYjxnXYiRAgMBAAGjQjBAMA8GA1UdEwEB/wQFMAMBAf8w\n' + (STDOUT, APP/TASK/deploy-to-postgresql)#
#2026 04 13 19:07:24.931#Z#DEBUG#be2d3d37-376b-11f1-938a-eeee0a8c9147.BTP_CI_CD_Deployment_CAPM-postgres-deployer#flowable-async-job-executor-thread-20389#
[PollExecuteTaskStatusExecution] c49c6f4e-6a21-4cf0-9f92-c125a8dc9d83 [2026-04-13T19:07:02.218225] 'HQYDVR0OBBYEFADCcQCPX2HmkqQcmuHfiQ2jjqnrMA4GA1UdDwEB/wQEAwIBhjAN\n' + (STDOUT, APP/TASK/deploy-to-postgresql)#
#2026 04 13 19:07:24.931#Z#DEBUG#be2d3d37-376b-11f1-938a-eeee0a8c9147.BTP_CI_CD_Deployment_CAPM-postgres-deployer#flowable-async-job-executor-thread-20389#
[PollExecuteTaskStatusExecution] c49c6f4e-6a21-4cf0-9f92-c125a8dc9d83 [2026-04-13T19:07:02.218228] 'BgkqhkiG9w0BAQwFAAOCAgEASXkGQ2eUmudIKPeOIF7RBryCoPmMOsqP0+1qxF8l\n' + (STDOUT, APP/TASK/deploy-to-postgresql)#
#2026 04 13 19:07:24.931#Z#DEBUG#be2d3d37-376b-11f1-938a-eeee0a8c9147.BTP_CI_CD_Deployment_CAPM-postgres-deployer#flowable-async-job-executor-thread-20389#
[PollExecuteTaskStatusExecution] c49c6f4e-6a21-4cf0-9f92-c125a8dc9d83 [2026-04-13T19:07:02.218231] 'pGkwmrgNDGpmd9s0ArfIVBTc1jmpgB3oiRW9c6n2OmwBKL4UPuQ8O3KwSP0iD2sZ\n' + (STDOUT, APP/TASK/deploy-to-postgresql)#
#2026 04 13 19:07:24.931#Z#DEBUG#be2d3d37-376b-11f1-938a-eeee0a8c9147.BTP_CI_CD_Deployment_CAPM-postgres-deployer#flowable-async-job-executor-thread-20389#
[PollExecuteTaskStatusExecution] c49c6f4e-6a21-4cf0-9f92-c125a8dc9d83 [2026-04-13T19:07:02.218235] 'KMXoMEyphCEzW1I2GRvYDugL3Z9MWrnHkoaoH2l8YyTYvszTvdgxBPpM2x4pSkp+\n' + (STDOUT, APP/TASK/deploy-to-postgresql)#
#2026 04 13 19:07:24.931#Z#DEBUG#be2d3d37-376b-11f1-938a-eeee0a8c9147.BTP_CI_CD_Deployment_CAPM-postgres-deployer#flowable-async-job-executor-thread-20389#
[PollExecuteTaskStatusExecution] c49c6f4e-6a21-4cf0-9f92-c125a8dc9d83 [2026-04-13T19:07:02.218237] '76d4/eRpJ5mVuQ93nC+YG0wXCxSq63hX4kyZgPxgCdAA+qgFfKIGyNqUIqWgeyTP\n' + (STDOUT, APP/TASK/deploy-to-postgresql)#
#2026 04 13 19:07:24.931#Z#DEBUG#be2d3d37-376b-11f1-938a-eeee0a8c9147.BTP_CI_CD_Deployment_CAPM-postgres-deployer#flowable-async-job-executor-thread-20389#
[PollExecuteTaskStatusExecution] c49c6f4e-6a21-4cf0-9f92-c125a8dc9d83 [2026-04-13T19:07:02.218240] 'n5OgKaboYk2141Rf2hGMD3/hsGm0rrJh7g3C0ZirPws3eeJfulvAOIy2IZzqHUSY\n' + (STDOUT, APP/TASK/deploy-to-postgresql)#
#2026 04 13 19:07:24.931#Z#DEBUG#be2d3d37-376b-11f1-938a-eeee0a8c9147.BTP_CI_CD_Deployment_CAPM-postgres-deployer#flowable-async-job-executor-thread-20389#
[PollExecuteTaskStatusExecution] c49c6f4e-6a21-4cf0-9f92-c125a8dc9d83 [2026-04-13T19:07:02.218242] 'jkFzraz6LEH3IlArT3jUPvWKqvh2lJWnnp56aqxBR7qHH5voD49UpJWY1K0BjGnS\n' + (STDOUT, APP/TASK/deploy-to-postgresql)#
#2026 04 13 19:07:24.931#Z#DEBUG#be2d3d37-376b-11f1-938a-eeee0a8c9147.BTP_CI_CD_Deployment_CAPM-postgres-deployer#flowable-async-job-executor-thread-20389#
[PollExecuteTaskStatusExecution] c49c6f4e-6a21-4cf0-9f92-c125a8dc9d83 [2026-04-13T19:07:02.218244] 'OHcurpp0Yt/BIs4VZeWdCZwI7JaSeDcPMaMDBvND3Ia5Fga0thgYQTG6dE+N5fgF\n' + (STDOUT, APP/TASK/deploy-to-postgresql)#
#2026 04 13 19:07:24.931#Z#DEBUG#be2d3d37-376b-11f1-938a-eeee0a8c9147.BTP_CI_CD_Deployment_CAPM-postgres-deployer#flowable-async-job-executor-thread-20389#
[PollExecuteTaskStatusExecution] c49c6f4e-6a21-4cf0-9f92-c125a8dc9d83 [2026-04-13T19:07:02.218246] 'z+hRaujXO2nb0LmddVyvE8prYlWRMuYFv+Co8hcMdJ0lEZlfVNu0jbm9/GmwAZ+l\n' + (STDOUT, APP/TASK/deploy-to-postgresql)#
#2026 04 13 19:07:24.931#Z#DEBUG#be2d3d37-376b-11f1-938a-eeee0a8c9147.BTP_CI_CD_Deployment_CAPM-postgres-deployer#flowable-async-job-executor-thread-20389#
[PollExecuteTaskStatusExecution] c49c6f4e-6a21-4cf0-9f92-c125a8dc9d83 [2026-04-13T19:07:02.218250] '9umeYO9yz/uC7edC8XJBglMAKUmVK9wNtOckUWAcCfnPWYLbYa/PqtXBYcxrso5j\n' + (STDOUT, APP/TASK/deploy-to-postgresql)#
#2026 04 13 19:07:24.931#Z#DEBUG#be2d3d37-376b-11f1-938a-eeee0a8c9147.BTP_CI_CD_Deployment_CAPM-postgres-deployer#flowable-async-job-executor-thread-20389#
[PollExecuteTaskStatusExecution] c49c6f4e-6a21-4cf0-9f92-c125a8dc9d83 [2026-04-13T19:07:02.218253] 'iaS/A7iEW51uteHBGrViCy1afGG+hiUWwFlesli+Rq4dNstX3h6h2baWABaAxEVJ\n' + (STDOUT, APP/TASK/deploy-to-postgresql)#
#2026 04 13 19:07:24.931#Z#DEBUG#be2d3d37-376b-11f1-938a-eeee0a8c9147.BTP_CI_CD_Deployment_CAPM-postgres-deployer#flowable-async-job-executor-thread-20389#
[PollExecuteTaskStatusExecution] c49c6f4e-6a21-4cf0-9f92-c125a8dc9d83 [2026-04-13T19:07:02.218255] 'y1RnTQSz6mROT1VmZSgSVO37rgIyY0Hf0872ogcTS+FfvXgBxCxsNWEbiQ/XXva4\n' + (STDOUT, APP/TASK/deploy-to-postgresql)#
#2026 04 13 19:07:24.931#Z#DEBUG#be2d3d37-376b-11f1-938a-eeee0a8c9147.BTP_CI_CD_Deployment_CAPM-postgres-deployer#flowable-async-job-executor-thread-20389#
[PollExecuteTaskStatusExecution] c49c6f4e-6a21-4cf0-9f92-c125a8dc9d83 [2026-04-13T19:07:02.218259] '0Ws=\n' + (STDOUT, APP/TASK/deploy-to-postgresql)#
#2026 04 13 19:07:24.931#Z#DEBUG#be2d3d37-376b-11f1-938a-eeee0a8c9147.BTP_CI_CD_Deployment_CAPM-postgres-deployer#flowable-async-job-executor-thread-20389#
[PollExecuteTaskStatusExecution] c49c6f4e-6a21-4cf0-9f92-c125a8dc9d83 [2026-04-13T19:07:02.218262] '-----END CERTIFICATE-----\n' + (STDOUT, APP/TASK/deploy-to-postgresql)#
#2026 04 13 19:07:24.931#Z#DEBUG#be2d3d37-376b-11f1-938a-eeee0a8c9147.BTP_CI_CD_Deployment_CAPM-postgres-deployer#flowable-async-job-executor-thread-20389#
[PollExecuteTaskStatusExecution] c49c6f4e-6a21-4cf0-9f92-c125a8dc9d83 [2026-04-13T19:07:02.218264] '-----BEGIN CERTIFICATE-----\n' + (STDOUT, APP/TASK/deploy-to-postgresql)#
#2026 04 13 19:07:24.931#Z#DEBUG#be2d3d37-376b-11f1-938a-eeee0a8c9147.BTP_CI_CD_Deployment_CAPM-postgres-deployer#flowable-async-job-executor-thread-20389#
[PollExecuteTaskStatusExecution] c49c6f4e-6a21-4cf0-9f92-c125a8dc9d83 [2026-04-13T19:07:02.218266] 'MIICrjCCAjSgAwIBAgIRAPAlEk8VJPmEzVRRaWvTh2AwCgYIKoZIzj0EAwMwgZYx\n' + (STDOUT, APP/TASK/deploy-to-postgresql)#
#2026 04 13 19:07:24.931#Z#DEBUG#be2d3d37-376b-11f1-938a-eeee0a8c9147.BTP_CI_CD_Deployment_CAPM-postgres-deployer#flowable-async-job-executor-thread-20389#
[PollExecuteTaskStatusExecution] c49c6f4e-6a21-4cf0-9f92-c125a8dc9d83 [2026-04-13T19:07:02.218272] 'CzAJBgNVBAYTAlVTMSIwIAYDVQQKDBlBbWF6b24gV2ViIFNlcnZpY2VzLCBJbmMu\n' + (STDOUT, APP/TASK/deploy-to-postgresql)#
#2026 04 13 19:07:24.931#Z#DEBUG#be2d3d37-376b-11f1-938a-eeee0a8c9147.BTP_CI_CD_Deployment_CAPM-postgres-deployer#flowable-async-job-executor-thread-20389#
[PollExecuteTaskStatusExecution] c49c6f4e-6a21-4cf0-9f92-c125a8dc9d83 [2026-04-13T19:07:02.218276] 'MRMwEQYDVQQLDApBbWF6b24gUkRTMQswCQYDVQQIDAJXQTEvMC0GA1UEAwwmQW1h\n' + (STDOUT, APP/TASK/deploy-to-postgresql)#
#2026 04 13 19:07:24.931#Z#DEBUG#be2d3d37-376b-11f1-938a-eeee0a8c9147.BTP_CI_CD_Deployment_CAPM-postgres-deployer#flowable-async-job-executor-thread-20389#
[PollExecuteTaskStatusExecution] c49c6f4e-6a21-4cf0-9f92-c125a8dc9d83 [2026-04-13T19:07:02.218280] 'em9uIFJEUyB1cy1lYXN0LTEgUm9vdCBDQSBFQ0MzODQgRzExEDAOBgNVBAcMB1Nl\n' + (STDOUT, APP/TASK/deploy-to-postgresql)#
#2026 04 13 19:07:24.931#Z#DEBUG#be2d3d37-376b-11f1-938a-eeee0a8c9147.BTP_CI_CD_Deployment_CAPM-postgres-deployer#flowable-async-job-executor-thread-20389#
[PollExecuteTaskStatusExecution] c49c6f4e-6a21-4cf0-9f92-c125a8dc9d83 [2026-04-13T19:07:02.218282] 'YXR0bGUwIBcNMjEwNTI1MjI0MTU1WhgPMjEyMTA1MjUyMzQxNTVaMIGWMQswCQYD\n' + (STDOUT, APP/TASK/deploy-to-postgresql)#
#2026 04 13 19:07:24.931#Z#DEBUG#be2d3d37-376b-11f1-938a-eeee0a8c9147.BTP_CI_CD_Deployment_CAPM-postgres-deployer#flowable-async-job-executor-thread-20389#
[PollExecuteTaskStatusExecution] c49c6f4e-6a21-4cf0-9f92-c125a8dc9d83 [2026-04-13T19:07:02.218285] 'VQQGEwJVUzEiMCAGA1UECgwZQW1hem9uIFdlYiBTZXJ2aWNlcywgSW5jLjETMBEG\n' + (STDOUT, APP/TASK/deploy-to-postgresql)#
#2026 04 13 19:07:24.931#Z#DEBUG#be2d3d37-376b-11f1-938a-eeee0a8c9147.BTP_CI_CD_Deployment_CAPM-postgres-deployer#flowable-async-job-executor-thread-20389#
[PollExecuteTaskStatusExecution] c49c6f4e-6a21-4cf0-9f92-c125a8dc9d83 [2026-04-13T19:07:02.218287] 'A1UECwwKQW1hem9uIFJEUzELMAkGA1UECAwCV0ExLzAtBgNVBAMMJkFtYXpvbiBS\n' + (STDOUT, APP/TASK/deploy-to-postgresql)#
#2026 04 13 19:07:24.931#Z#DEBUG#be2d3d37-376b-11f1-938a-eeee0a8c9147.BTP_CI_CD_Deployment_CAPM-postgres-deployer#flowable-async-job-executor-thread-20389#
[PollExecuteTaskStatusExecution] c49c6f4e-6a21-4cf0-9f92-c125a8dc9d83 [2026-04-13T19:07:02.218289] 'RFMgdXMtZWFzdC0xIFJvb3QgQ0EgRUNDMzg0IEcxMRAwDgYDVQQHDAdTZWF0dGxl\n' + (STDOUT, APP/TASK/deploy-to-postgresql)#
#2026 04 13 19:07:24.931#Z#DEBUG#be2d3d37-376b-11f1-938a-eeee0a8c9147.BTP_CI_CD_Deployment_CAPM-postgres-deployer#flowable-async-job-executor-thread-20389#
[PollExecuteTaskStatusExecution] c49c6f4e-6a21-4cf0-9f92-c125a8dc9d83 [2026-04-13T19:07:02.218292] 'MHYwEAYHKoZIzj0CAQYFK4EEACIDYgAEx5xjrup8II4HOJw15NTnS3H5yMrQGlbj\n' + (STDOUT, APP/TASK/deploy-to-postgresql)#
#2026 04 13 19:07:24.931#Z#DEBUG#be2d3d37-376b-11f1-938a-eeee0a8c9147.BTP_CI_CD_Deployment_CAPM-postgres-deployer#flowable-async-job-executor-thread-20389#
[PollExecuteTaskStatusExecution] c49c6f4e-6a21-4cf0-9f92-c125a8dc9d83 [2026-04-13T19:07:02.218294] 'EDA5MMGnE9DmHp5dACIxmPXPMe/99nO7wNdl7G71OYPCgEvWm0FhdvVUeTb3LVnV\n' + (STDOUT, APP/TASK/deploy-to-postgresql)#
#2026 04 13 19:07:24.931#Z#DEBUG#be2d3d37-376b-11f1-938a-eeee0a8c9147.BTP_CI_CD_Deployment_CAPM-postgres-deployer#flowable-async-job-executor-thread-20389#
[PollExecuteTaskStatusExecution] c49c6f4e-6a21-4cf0-9f92-c125a8dc9d83 [2026-04-13T19:07:02.218296] 'BnaXt32Ek7/oxGk1T+Df03C+W0vmuJ+wo0IwQDAPBgNVHRMBAf8EBTADAQH/MB0G\n' + (STDOUT, APP/TASK/deploy-to-postgresql)#
#2026 04 13 19:07:24.931#Z#DEBUG#be2d3d37-376b-11f1-938a-eeee0a8c9147.BTP_CI_CD_Deployment_CAPM-postgres-deployer#flowable-async-job-executor-thread-20389#
[PollExecuteTaskStatusExecution] c49c6f4e-6a21-4cf0-9f92-c125a8dc9d83 [2026-04-13T19:07:02.218298] 'A1UdDgQWBBTGXmqBWN/1tkSea4pNw0oHrjk2UDAOBgNVHQ8BAf8EBAMCAYYwCgYI\n' + (STDOUT, APP/TASK/deploy-to-postgresql)#
#2026 04 13 19:07:24.931#Z#DEBUG#be2d3d37-376b-11f1-938a-eeee0a8c9147.BTP_CI_CD_Deployment_CAPM-postgres-deployer#flowable-async-job-executor-thread-20389#
[PollExecuteTaskStatusExecution] c49c6f4e-6a21-4cf0-9f92-c125a8dc9d83 [2026-04-13T19:07:02.218301] 'KoZIzj0EAwMDaAAwZQIxAIqqZWCSrIkZ7zsv/FygtAusW6yvlL935YAWYPVXU30m\n' + (STDOUT, APP/TASK/deploy-to-postgresql)#
#2026 04 13 19:07:24.931#Z#DEBUG#be2d3d37-376b-11f1-938a-eeee0a8c9147.BTP_CI_CD_Deployment_CAPM-postgres-deployer#flowable-async-job-executor-thread-20389#
[PollExecuteTaskStatusExecution] c49c6f4e-6a21-4cf0-9f92-c125a8dc9d83 [2026-04-13T19:07:02.218304] 'jkMFLM+/RJ9GMvnO8jHfCgIwB+whlkcItzE9CRQ6CsMo/d5cEHDUu/QW6jSIh9BR\n' + (STDOUT, APP/TASK/deploy-to-postgresql)#
#2026 04 13 19:07:24.931#Z#DEBUG#be2d3d37-376b-11f1-938a-eeee0a8c9147.BTP_CI_CD_Deployment_CAPM-postgres-deployer#flowable-async-job-executor-thread-20389#
[PollExecuteTaskStatusExecution] c49c6f4e-6a21-4cf0-9f92-c125a8dc9d83 [2026-04-13T19:07:02.218307] 'OGh9pTYPVkUbBiKPA7lVVhre\n' + (STDOUT, APP/TASK/deploy-to-postgresql)#
#2026 04 13 19:07:24.931#Z#DEBUG#be2d3d37-376b-11f1-938a-eeee0a8c9147.BTP_CI_CD_Deployment_CAPM-postgres-deployer#flowable-async-job-executor-thread-20389#
[PollExecuteTaskStatusExecution] c49c6f4e-6a21-4cf0-9f92-c125a8dc9d83 [2026-04-13T19:07:02.218311] '-----END CERTIFICATE-----\n', (STDOUT, APP/TASK/deploy-to-postgresql)#
#2026 04 13 19:07:24.931#Z#DEBUG#be2d3d37-376b-11f1-938a-eeee0a8c9147.BTP_CI_CD_Deployment_CAPM-postgres-deployer#flowable-async-job-executor-thread-20389#
[PollExecuteTaskStatusExecution] c49c6f4e-6a21-4cf0-9f92-c125a8dc9d83 [2026-04-13T19:07:02.218315] sslrootcert: '-----BEGIN CERTIFICATE-----\n' + (STDOUT, APP/TASK/deploy-to-postgresql)#
#2026 04 13 19:07:24.931#Z#DEBUG#be2d3d37-376b-11f1-938a-eeee0a8c9147.BTP_CI_CD_Deployment_CAPM-postgres-deployer#flowable-async-job-executor-thread-20389#
[PollExecuteTaskStatusExecution] c49c6f4e-6a21-4cf0-9f92-c125a8dc9d83 [2026-04-13T19:07:02.218319] 'MIID/zCCAuegAwIBAgIRAPVSMfFitmM5PhmbaOFoGfUwDQYJKoZIhvcNAQELBQAw\n' + (STDOUT, APP/TASK/deploy-to-postgresql)#
#2026 04 13 19:07:24.931#Z#DEBUG#be2d3d37-376b-11f1-938a-eeee0a8c9147.BTP_CI_CD_Deployment_CAPM-postgres-deployer#flowable-async-job-executor-thread-20389#
[PollExecuteTaskStatusExecution] c49c6f4e-6a21-4cf0-9f92-c125a8dc9d83 [2026-04-13T19:07:02.218321] 'gZcxCzAJBgNVBAYTAlVTMSIwIAYDVQQKDBlBbWF6b24gV2ViIFNlcnZpY2VzLCBJ\n' + (STDOUT, APP/TASK/deploy-to-postgresql)#
#2026 04 13 19:07:24.931#Z#DEBUG#be2d3d37-376b-11f1-938a-eeee0a8c9147.BTP_CI_CD_Deployment_CAPM-postgres-deployer#flowable-async-job-executor-thread-20389#
[PollExecuteTaskStatusExecution] c49c6f4e-6a21-4cf0-9f92-c125a8dc9d83 [2026-04-13T19:07:02.218324] 'bmMuMRMwEQYDVQQLDApBbWF6b24gUkRTMQswCQYDVQQIDAJXQTEwMC4GA1UEAwwn\n' + (STDOUT, APP/TASK/deploy-to-postgresql)#
#2026 04 13 19:07:24.931#Z#DEBUG#be2d3d37-376b-11f1-938a-eeee0a8c9147.BTP_CI_CD_Deployment_CAPM-postgres-deployer#flowable-async-job-executor-thread-20389#
[PollExecuteTaskStatusExecution] c49c6f4e-6a21-4cf0-9f92-c125a8dc9d83 [2026-04-13T19:07:02.218326] 'QW1hem9uIFJEUyB1cy1lYXN0LTEgUm9vdCBDQSBSU0EyMDQ4IEcxMRAwDgYDVQQH\n' + (STDOUT, APP/TASK/deploy-to-postgresql)#
#2026 04 13 19:07:24.931#Z#DEBUG#be2d3d37-376b-11f1-938a-eeee0a8c9147.BTP_CI_CD_Deployment_CAPM-postgres-deployer#flowable-async-job-executor-thread-20389#
[PollExecuteTaskStatusExecution] c49c6f4e-6a21-4cf0-9f92-c125a8dc9d83 [2026-04-13T19:07:02.218329] 'DAdTZWF0dGxlMCAXDTIxMDUyNTIyMzQ1N1oYDzIwNjEwNTI1MjMzNDU3WjCBlzEL\n' + (STDOUT, APP/TASK/deploy-to-postgresql)#
#2026 04 13 19:07:24.931#Z#DEBUG#be2d3d37-376b-11f1-938a-eeee0a8c9147.BTP_CI_CD_Deployment_CAPM-postgres-deployer#flowable-async-job-executor-thread-20389#
[PollExecuteTaskStatusExecution] c49c6f4e-6a21-4cf0-9f92-c125a8dc9d83 [2026-04-13T19:07:02.218331] 'MAkGA1UEBhMCVVMxIjAgBgNVBAoMGUFtYXpvbiBXZWIgU2VydmljZXMsIEluYy4x\n' + (STDOUT, APP/TASK/deploy-to-postgresql)#
#2026 04 13 19:07:24.931#Z#DEBUG#be2d3d37-376b-11f1-938a-eeee0a8c9147.BTP_CI_CD_Deployment_CAPM-postgres-deployer#flowable-async-job-executor-thread-20389#
[PollExecuteTaskStatusExecution] c49c6f4e-6a21-4cf0-9f92-c125a8dc9d83 [2026-04-13T19:07:02.218334] 'EzARBgNVBAsMCkFtYXpvbiBSRFMxCzAJBgNVBAgMAldBMTAwLgYDVQQDDCdBbWF6\n' + (STDOUT, APP/TASK/deploy-to-postgresql)#
#2026 04 13 19:07:24.931#Z#DEBUG#be2d3d37-376b-11f1-938a-eeee0a8c9147.BTP_CI_CD_Deployment_CAPM-postgres-deployer#flowable-async-job-executor-thread-20389#
[PollExecuteTaskStatusExecution] c49c6f4e-6a21-4cf0-9f92-c125a8dc9d83 [2026-04-13T19:07:02.218336] 'b24gUkRTIHVzLWVhc3QtMSBSb290IENBIFJTQTIwNDggRzExEDAOBgNVBAcMB1Nl\n' + (STDOUT, APP/TASK/deploy-to-postgresql)#
#2026 04 13 19:07:24.931#Z#DEBUG#be2d3d37-376b-11f1-938a-eeee0a8c9147.BTP_CI_CD_Deployment_CAPM-postgres-deployer#flowable-async-job-executor-thread-20389#
[PollExecuteTaskStatusExecution] c49c6f4e-6a21-4cf0-9f92-c125a8dc9d83 [2026-04-13T19:07:02.218339] 'YXR0bGUwggEiMA0GCSqGSIb3DQEBAQUAA4IBDwAwggEKAoIBAQDu9H7TBeGoDzMr\n' + (STDOUT, APP/TASK/deploy-to-postgresql)#
#2026 04 13 19:07:24.931#Z#DEBUG#be2d3d37-376b-11f1-938a-eeee0a8c9147.BTP_CI_CD_Deployment_CAPM-postgres-deployer#flowable-async-job-executor-thread-20389#
[PollExecuteTaskStatusExecution] c49c6f4e-6a21-4cf0-9f92-c125a8dc9d83 [2026-04-13T19:07:02.218342] 'dxN6H8COntJX4IR6dbyhnj5qMD4xl/IWvp50lt0VpmMd+z2PNZzx8RazeGC5IniV\n' + (STDOUT, APP/TASK/deploy-to-postgresql)#
#2026 04 13 19:07:24.931#Z#DEBUG#be2d3d37-376b-11f1-938a-eeee0a8c9147.BTP_CI_CD_Deployment_CAPM-postgres-deployer#flowable-async-job-executor-thread-20389#
[PollExecuteTaskStatusExecution] c49c6f4e-6a21-4cf0-9f92-c125a8dc9d83 [2026-04-13T19:07:02.218344] '5nrLg0AKWRQ2A/lGGXbUrGXCSe09brMQCxWBSIYe1WZZ1iU1IJ/6Bp4D2YEHpXrW\n' + (STDOUT, APP/TASK/deploy-to-postgresql)#
#2026 04 13 19:07:24.931#Z#DEBUG#be2d3d37-376b-11f1-938a-eeee0a8c9147.BTP_CI_CD_Deployment_CAPM-postgres-deployer#flowable-async-job-executor-thread-20389#
[PollExecuteTaskStatusExecution] c49c6f4e-6a21-4cf0-9f92-c125a8dc9d83 [2026-04-13T19:07:02.218347] 'bPkOq5x3YPcsoitgm1Xh8ygz6vb7PsvJvPbvRMnkDg5IqEThapPjmKb8ZJWyEFEE\n' + (STDOUT, APP/TASK/deploy-to-postgresql)#
#2026 04 13 19:07:24.931#Z#DEBUG#be2d3d37-376b-11f1-938a-eeee0a8c9147.BTP_CI_CD_Deployment_CAPM-postgres-deployer#flowable-async-job-executor-thread-20389#
[PollExecuteTaskStatusExecution] c49c6f4e-6a21-4cf0-9f92-c125a8dc9d83 [2026-04-13T19:07:02.218350] 'QRrkCIRueB1EqQtJw0fvP4PKDlCJAKBEs/y049FoOqYpT3pRy0WKqPhWve+hScMd\n' + (STDOUT, APP/TASK/deploy-to-postgresql)#
#2026 04 13 19:07:24.931#Z#DEBUG#be2d3d37-376b-11f1-938a-eeee0a8c9147.BTP_CI_CD_Deployment_CAPM-postgres-deployer#flowable-async-job-executor-thread-20389#
[PollExecuteTaskStatusExecution] c49c6f4e-6a21-4cf0-9f92-c125a8dc9d83 [2026-04-13T19:07:02.218378] '6obq8kxTFy1IHACjHc51nrGII5Bt76/MpTWhnJIJrCnq1/Uc3Qs8IVeb+sLaFC8K\n' + (STDOUT, APP/TASK/deploy-to-postgresql)#
#2026 04 13 19:07:24.931#Z#DEBUG#be2d3d37-376b-11f1-938a-eeee0a8c9147.BTP_CI_CD_Deployment_CAPM-postgres-deployer#flowable-async-job-executor-thread-20389#
[PollExecuteTaskStatusExecution] c49c6f4e-6a21-4cf0-9f92-c125a8dc9d83 [2026-04-13T19:07:02.218381] 'DI69Sw6bAgMBAAGjQjBAMA8GA1UdEwEB/wQFMAMBAf8wHQYDVR0OBBYEFE7PCopt\n' + (STDOUT, APP/TASK/deploy-to-postgresql)#
#2026 04 13 19:07:24.931#Z#DEBUG#be2d3d37-376b-11f1-938a-eeee0a8c9147.BTP_CI_CD_Deployment_CAPM-postgres-deployer#flowable-async-job-executor-thread-20389#
[PollExecuteTaskStatusExecution] c49c6f4e-6a21-4cf0-9f92-c125a8dc9d83 [2026-04-13T19:07:02.218384] 'lyOgtXX0Y1lObBUxuKaCMA4GA1UdDwEB/wQEAwIBhjANBgkqhkiG9w0BAQsFAAOC\n' + (STDOUT, APP/TASK/deploy-to-postgresql)#
#2026 04 13 19:07:24.931#Z#DEBUG#be2d3d37-376b-11f1-938a-eeee0a8c9147.BTP_CI_CD_Deployment_CAPM-postgres-deployer#flowable-async-job-executor-thread-20389#
[PollExecuteTaskStatusExecution] c49c6f4e-6a21-4cf0-9f92-c125a8dc9d83 [2026-04-13T19:07:02.218386] 'AQEAFj+bX8gLmMNefr5jRJfHjrL3iuZCjf7YEZgn89pS4z8408mjj9z6Q5D1H7yS\n' + (STDOUT, APP/TASK/deploy-to-postgresql)#
#2026 04 13 19:07:24.931#Z#DEBUG#be2d3d37-376b-11f1-938a-eeee0a8c9147.BTP_CI_CD_Deployment_CAPM-postgres-deployer#flowable-async-job-executor-thread-20389#
[PollExecuteTaskStatusExecution] c49c6f4e-6a21-4cf0-9f92-c125a8dc9d83 [2026-04-13T19:07:02.218390] 'jNETVV8QaJip1qyhh5gRzRaArgGAYvi2/r0zPsy+Tgf7v1KGL5Lh8NT8iCEGGXwF\n' + (STDOUT, APP/TASK/deploy-to-postgresql)#
#2026 04 13 19:07:24.931#Z#DEBUG#be2d3d37-376b-11f1-938a-eeee0a8c9147.BTP_CI_CD_Deployment_CAPM-postgres-deployer#flowable-async-job-executor-thread-20389#
[PollExecuteTaskStatusExecution] c49c6f4e-6a21-4cf0-9f92-c125a8dc9d83 [2026-04-13T19:07:02.218392] 'g3Ir+Nl3e+9XUp0eyyzBIjHtjLBm6yy8rGk9p6OtFDQnKF5OxwbAgip42CD75r/q\n' + (STDOUT, APP/TASK/deploy-to-postgresql)#
#2026 04 13 19:07:24.931#Z#DEBUG#be2d3d37-376b-11f1-938a-eeee0a8c9147.BTP_CI_CD_Deployment_CAPM-postgres-deployer#flowable-async-job-executor-thread-20389#
[PollExecuteTaskStatusExecution] c49c6f4e-6a21-4cf0-9f92-c125a8dc9d83 [2026-04-13T19:07:02.218395] 'p421maEDDvvRFR4D+99JZxgAYDBGqRRceUoe16qDzbMvlz0A9paCZFclxeftAxv6\n' + (STDOUT, APP/TASK/deploy-to-postgresql)#
#2026 04 13 19:07:24.931#Z#DEBUG#be2d3d37-376b-11f1-938a-eeee0a8c9147.BTP_CI_CD_Deployment_CAPM-postgres-deployer#flowable-async-job-executor-thread-20389#
[PollExecuteTaskStatusExecution] c49c6f4e-6a21-4cf0-9f92-c125a8dc9d83 [2026-04-13T19:07:02.218397] 'QlR5rItMz/XdzpBJUpYhdzM0gCzAzdQuVO5tjJxmXhkSMcDP+8Q+Uv6FA9k2VpUV\n' + (STDOUT, APP/TASK/deploy-to-postgresql)#
#2026 04 13 19:07:24.931#Z#DEBUG#be2d3d37-376b-11f1-938a-eeee0a8c9147.BTP_CI_CD_Deployment_CAPM-postgres-deployer#flowable-async-job-executor-thread-20389#
[PollExecuteTaskStatusExecution] c49c6f4e-6a21-4cf0-9f92-c125a8dc9d83 [2026-04-13T19:07:02.218400] 'E/O5jgpqUJJ2Hc/5rs9VkAPXeA==\n' + (STDOUT, APP/TASK/deploy-to-postgresql)#
#2026 04 13 19:07:24.931#Z#DEBUG#be2d3d37-376b-11f1-938a-eeee0a8c9147.BTP_CI_CD_Deployment_CAPM-postgres-deployer#flowable-async-job-executor-thread-20389#
[PollExecuteTaskStatusExecution] c49c6f4e-6a21-4cf0-9f92-c125a8dc9d83 [2026-04-13T19:07:02.218402] '-----END CERTIFICATE-----\n' + (STDOUT, APP/TASK/deploy-to-postgresql)#
#2026 04 13 19:07:24.931#Z#DEBUG#be2d3d37-376b-11f1-938a-eeee0a8c9147.BTP_CI_CD_Deployment_CAPM-postgres-deployer#flowable-async-job-executor-thread-20389#
[PollExecuteTaskStatusExecution] c49c6f4e-6a21-4cf0-9f92-c125a8dc9d83 [2026-04-13T19:07:02.218406] '-----BEGIN CERTIFICATE-----\n' + (STDOUT, APP/TASK/deploy-to-postgresql)#
#2026 04 13 19:07:24.931#Z#DEBUG#be2d3d37-376b-11f1-938a-eeee0a8c9147.BTP_CI_CD_Deployment_CAPM-postgres-deployer#flowable-async-job-executor-thread-20389#
[PollExecuteTaskStatusExecution] c49c6f4e-6a21-4cf0-9f92-c125a8dc9d83 [2026-04-13T19:07:02.218409] 'MIIF/jCCA+agAwIBAgIQaRHaEqqacXN20e8zZJtmDDANBgkqhkiG9w0BAQwFADCB\n' + (STDOUT, APP/TASK/deploy-to-postgresql)#
#2026 04 13 19:07:24.931#Z#DEBUG#be2d3d37-376b-11f1-938a-eeee0a8c9147.BTP_CI_CD_Deployment_CAPM-postgres-deployer#flowable-async-job-executor-thread-20389#
[PollExecuteTaskStatusExecution] c49c6f4e-6a21-4cf0-9f92-c125a8dc9d83 [2026-04-13T19:07:02.218434] 'lzELMAkGA1UEBhMCVVMxIjAgBgNVBAoMGUFtYXpvbiBXZWIgU2VydmljZXMsIElu\n' + (STDOUT, APP/TASK/deploy-to-postgresql)#
#2026 04 13 19:07:24.931#Z#DEBUG#be2d3d37-376b-11f1-938a-eeee0a8c9147.BTP_CI_CD_Deployment_CAPM-postgres-deployer#flowable-async-job-executor-thread-20389#
[PollExecuteTaskStatusExecution] c49c6f4e-6a21-4cf0-9f92-c125a8dc9d83 [2026-04-13T19:07:02.218437] 'Yy4xEzARBgNVBAsMCkFtYXpvbiBSRFMxCzAJBgNVBAgMAldBMTAwLgYDVQQDDCdB\n' + (STDOUT, APP/TASK/deploy-to-postgresql)#
#2026 04 13 19:07:24.931#Z#DEBUG#be2d3d37-376b-11f1-938a-eeee0a8c9147.BTP_CI_CD_Deployment_CAPM-postgres-deployer#flowable-async-job-executor-thread-20389#
[PollExecuteTaskStatusExecution] c49c6f4e-6a21-4cf0-9f92-c125a8dc9d83 [2026-04-13T19:07:02.218445] 'bWF6b24gUkRTIHVzLWVhc3QtMSBSb290IENBIFJTQTQwOTYgRzExEDAOBgNVBAcM\n' + (STDOUT, APP/TASK/deploy-to-postgresql)#
#2026 04 13 19:07:24.931#Z#DEBUG#be2d3d37-376b-11f1-938a-eeee0a8c9147.BTP_CI_CD_Deployment_CAPM-postgres-deployer#flowable-async-job-executor-thread-20389#
[PollExecuteTaskStatusExecution] c49c6f4e-6a21-4cf0-9f92-c125a8dc9d83 [2026-04-13T19:07:02.218447] 'B1NlYXR0bGUwIBcNMjEwNTI1MjIzODM1WhgPMjEyMTA1MjUyMzM4MzVaMIGXMQsw\n' + (STDOUT, APP/TASK/deploy-to-postgresql)#
#2026 04 13 19:07:24.931#Z#DEBUG#be2d3d37-376b-11f1-938a-eeee0a8c9147.BTP_CI_CD_Deployment_CAPM-postgres-deployer#flowable-async-job-executor-thread-20389#
[PollExecuteTaskStatusExecution] c49c6f4e-6a21-4cf0-9f92-c125a8dc9d83 [2026-04-13T19:07:02.218450] 'CQYDVQQGEwJVUzEiMCAGA1UECgwZQW1hem9uIFdlYiBTZXJ2aWNlcywgSW5jLjET\n' + (STDOUT, APP/TASK/deploy-to-postgresql)#
#2026 04 13 19:07:24.931#Z#DEBUG#be2d3d37-376b-11f1-938a-eeee0a8c9147.BTP_CI_CD_Deployment_CAPM-postgres-deployer#flowable-async-job-executor-thread-20389#
[PollExecuteTaskStatusExecution] c49c6f4e-6a21-4cf0-9f92-c125a8dc9d83 [2026-04-13T19:07:02.218453] 'MBEGA1UECwwKQW1hem9uIFJEUzELMAkGA1UECAwCV0ExMDAuBgNVBAMMJ0FtYXpv\n' + (STDOUT, APP/TASK/deploy-to-postgresql)#
#2026 04 13 19:07:24.931#Z#DEBUG#be2d3d37-376b-11f1-938a-eeee0a8c9147.BTP_CI_CD_Deployment_CAPM-postgres-deployer#flowable-async-job-executor-thread-20389#
[PollExecuteTaskStatusExecution] c49c6f4e-6a21-4cf0-9f92-c125a8dc9d83 [2026-04-13T19:07:02.218456] 'biBSRFMgdXMtZWFzdC0xIFJvb3QgQ0EgUlNBNDA5NiBHMTEQMA4GA1UEBwwHU2Vh\n' + (STDOUT, APP/TASK/deploy-to-postgresql)#
#2026 04 13 19:07:24.931#Z#DEBUG#be2d3d37-376b-11f1-938a-eeee0a8c9147.BTP_CI_CD_Deployment_CAPM-postgres-deployer#flowable-async-job-executor-thread-20389#
[PollExecuteTaskStatusExecution] c49c6f4e-6a21-4cf0-9f92-c125a8dc9d83 [2026-04-13T19:07:02.218459] 'dHRsZTCCAiIwDQYJKoZIhvcNAQEBBQADggIPADCCAgoCggIBAInfBCaHuvj6Rb5c\n' + (STDOUT, APP/TASK/deploy-to-postgresql)#
#2026 04 13 19:07:24.931#Z#DEBUG#be2d3d37-376b-11f1-938a-eeee0a8c9147.BTP_CI_CD_Deployment_CAPM-postgres-deployer#flowable-async-job-executor-thread-20389#
[PollExecuteTaskStatusExecution] c49c6f4e-6a21-4cf0-9f92-c125a8dc9d83 [2026-04-13T19:07:02.218461] 'L5Wmn1jv2PHtEGMHm+7Z8dYosdwouG8VG2A+BCYCZfij9lIGszrTXkY4O7vnXgru\n' + (STDOUT, APP/TASK/deploy-to-postgresql)#
#2026 04 13 19:07:24.931#Z#DEBUG#be2d3d37-376b-11f1-938a-eeee0a8c9147.BTP_CI_CD_Deployment_CAPM-postgres-deployer#flowable-async-job-executor-thread-20389#
[PollExecuteTaskStatusExecution] c49c6f4e-6a21-4cf0-9f92-c125a8dc9d83 [2026-04-13T19:07:02.218463] 'JUNdxh0Q3M83p4X+bg+gODUs3jf+Z3Oeq7nTOk/2UYvQLcxP4FEXILxDInbQFcIx\n' + (STDOUT, APP/TASK/deploy-to-postgresql)#
#2026 04 13 19:07:24.931#Z#DEBUG#be2d3d37-376b-11f1-938a-eeee0a8c9147.BTP_CI_CD_Deployment_CAPM-postgres-deployer#flowable-async-job-executor-thread-20389#
[PollExecuteTaskStatusExecution] c49c6f4e-6a21-4cf0-9f92-c125a8dc9d83 [2026-04-13T19:07:02.218466] 'yen1ESHggGrjEodgn6nbKQNRfIhjhW+TKYaewfsVWH7EF2pfj+cjbJ6njjgZ0/M9\n' + (STDOUT, APP/TASK/deploy-to-postgresql)#
#2026 04 13 19:07:24.931#Z#DEBUG#be2d3d37-376b-11f1-938a-eeee0a8c9147.BTP_CI_CD_Deployment_CAPM-postgres-deployer#flowable-async-job-executor-thread-20389#
[PollExecuteTaskStatusExecution] c49c6f4e-6a21-4cf0-9f92-c125a8dc9d83 [2026-04-13T19:07:02.218469] 'VZifJFBgat6XUTOf3jwHwkCBh7T6rDpgy19A61laImJCQhdTnHKvzTpxcxiLRh69\n' + (STDOUT, APP/TASK/deploy-to-postgresql)#
#2026 04 13 19:07:24.931#Z#DEBUG#be2d3d37-376b-11f1-938a-eeee0a8c9147.BTP_CI_CD_Deployment_CAPM-postgres-deployer#flowable-async-job-executor-thread-20389#
[PollExecuteTaskStatusExecution] c49c6f4e-6a21-4cf0-9f92-c125a8dc9d83 [2026-04-13T19:07:02.218472] 'ZObypR7W04OAUmFS88V7IotlPmCL8xf7kwxG+gQfvx31+A9IDMsiTqJ1Cc4fYEKg\n' + (STDOUT, APP/TASK/deploy-to-postgresql)#
#2026 04 13 19:07:24.931#Z#DEBUG#be2d3d37-376b-11f1-938a-eeee0a8c9147.BTP_CI_CD_Deployment_CAPM-postgres-deployer#flowable-async-job-executor-thread-20389#
[PollExecuteTaskStatusExecution] c49c6f4e-6a21-4cf0-9f92-c125a8dc9d83 [2026-04-13T19:07:02.218475] 'bL+Vo+2Ii4W2esCTGVYmHm73drznfeKwL+kmIC/Bq+DrZ+veTqKFYwSkpHRyJCEe\n' + (STDOUT, APP/TASK/deploy-to-postgresql)#
#2026 04 13 19:07:24.931#Z#DEBUG#be2d3d37-376b-11f1-938a-eeee0a8c9147.BTP_CI_CD_Deployment_CAPM-postgres-deployer#flowable-async-job-executor-thread-20389#
[PollExecuteTaskStatusExecution] c49c6f4e-6a21-4cf0-9f92-c125a8dc9d83 [2026-04-13T19:07:02.218477] 'U4Zym6POqQ/4LBSKwDUhWLJIlq99bjKX+hNTJykB+Lbcx0ScOP4IAZQoxmDxGWxN\n' + (STDOUT, APP/TASK/deploy-to-postgresql)#
#2026 04 13 19:07:24.931#Z#DEBUG#be2d3d37-376b-11f1-938a-eeee0a8c9147.BTP_CI_CD_Deployment_CAPM-postgres-deployer#flowable-async-job-executor-thread-20389#
[PollExecuteTaskStatusExecution] c49c6f4e-6a21-4cf0-9f92-c125a8dc9d83 [2026-04-13T19:07:02.218480] 'S+lQj+Cx2pwU3S/7+OxlRndZAX/FKgk7xSMkg88HykUZaZ/ozIiqJqSnGpgXCtED\n' + (STDOUT, APP/TASK/deploy-to-postgresql)#
#2026 04 13 19:07:24.931#Z#DEBUG#be2d3d37-376b-11f1-938a-eeee0a8c9147.BTP_CI_CD_Deployment_CAPM-postgres-deployer#flowable-async-job-executor-thread-20389#
[PollExecuteTaskStatusExecution] c49c6f4e-6a21-4cf0-9f92-c125a8dc9d83 [2026-04-13T19:07:02.218485] 'oQ4OJw5ozAr+/wudOawaMwUWQl5asD8fuy/hl5S1nv9XxIc842QJOtJFxhyeMIXt\n' + (STDOUT, APP/TASK/deploy-to-postgresql)#
#2026 04 13 19:07:24.931#Z#DEBUG#be2d3d37-376b-11f1-938a-eeee0a8c9147.BTP_CI_CD_Deployment_CAPM-postgres-deployer#flowable-async-job-executor-thread-20389#
[PollExecuteTaskStatusExecution] c49c6f4e-6a21-4cf0-9f92-c125a8dc9d83 [2026-04-13T19:07:02.218487] 'LVECVw/dPekhMjS3Zo3wwRgYbnKG7YXXT5WMxJEnHu8+cYpMiRClzq2BEP6/MtI2\n' + (STDOUT, APP/TASK/deploy-to-postgresql)#
#2026 04 13 19:07:24.931#Z#DEBUG#be2d3d37-376b-11f1-938a-eeee0a8c9147.BTP_CI_CD_Deployment_CAPM-postgres-deployer#flowable-async-job-executor-thread-20389#
[PollExecuteTaskStatusExecution] c49c6f4e-6a21-4cf0-9f92-c125a8dc9d83 [2026-04-13T19:07:02.218490] 'AZQQUFu2yFjRGL2OZA6IYjxnXYiRAgMBAAGjQjBAMA8GA1UdEwEB/wQFMAMBAf8w\n' + (STDOUT, APP/TASK/deploy-to-postgresql)#
#2026 04 13 19:07:24.931#Z#DEBUG#be2d3d37-376b-11f1-938a-eeee0a8c9147.BTP_CI_CD_Deployment_CAPM-postgres-deployer#flowable-async-job-executor-thread-20389#
[PollExecuteTaskStatusExecution] c49c6f4e-6a21-4cf0-9f92-c125a8dc9d83 [2026-04-13T19:07:02.218492] 'HQYDVR0OBBYEFADCcQCPX2HmkqQcmuHfiQ2jjqnrMA4GA1UdDwEB/wQEAwIBhjAN\n' + (STDOUT, APP/TASK/deploy-to-postgresql)#
#2026 04 13 19:07:24.931#Z#DEBUG#be2d3d37-376b-11f1-938a-eeee0a8c9147.BTP_CI_CD_Deployment_CAPM-postgres-deployer#flowable-async-job-executor-thread-20389#
[PollExecuteTaskStatusExecution] c49c6f4e-6a21-4cf0-9f92-c125a8dc9d83 [2026-04-13T19:07:02.218495] 'BgkqhkiG9w0BAQwFAAOCAgEASXkGQ2eUmudIKPeOIF7RBryCoPmMOsqP0+1qxF8l\n' + (STDOUT, APP/TASK/deploy-to-postgresql)#
#2026 04 13 19:07:24.931#Z#DEBUG#be2d3d37-376b-11f1-938a-eeee0a8c9147.BTP_CI_CD_Deployment_CAPM-postgres-deployer#flowable-async-job-executor-thread-20389#
[PollExecuteTaskStatusExecution] c49c6f4e-6a21-4cf0-9f92-c125a8dc9d83 [2026-04-13T19:07:02.218497] 'pGkwmrgNDGpmd9s0ArfIVBTc1jmpgB3oiRW9c6n2OmwBKL4UPuQ8O3KwSP0iD2sZ\n' + (STDOUT, APP/TASK/deploy-to-postgresql)#
#2026 04 13 19:07:24.931#Z#DEBUG#be2d3d37-376b-11f1-938a-eeee0a8c9147.BTP_CI_CD_Deployment_CAPM-postgres-deployer#flowable-async-job-executor-thread-20389#
[PollExecuteTaskStatusExecution] c49c6f4e-6a21-4cf0-9f92-c125a8dc9d83 [2026-04-13T19:07:02.218500] 'KMXoMEyphCEzW1I2GRvYDugL3Z9MWrnHkoaoH2l8YyTYvszTvdgxBPpM2x4pSkp+\n' + (STDOUT, APP/TASK/deploy-to-postgresql)#
#2026 04 13 19:07:24.931#Z#DEBUG#be2d3d37-376b-11f1-938a-eeee0a8c9147.BTP_CI_CD_Deployment_CAPM-postgres-deployer#flowable-async-job-executor-thread-20389#
[PollExecuteTaskStatusExecution] c49c6f4e-6a21-4cf0-9f92-c125a8dc9d83 [2026-04-13T19:07:02.218502] '76d4/eRpJ5mVuQ93nC+YG0wXCxSq63hX4kyZgPxgCdAA+qgFfKIGyNqUIqWgeyTP\n' + (STDOUT, APP/TASK/deploy-to-postgresql)#
#2026 04 13 19:07:24.931#Z#DEBUG#be2d3d37-376b-11f1-938a-eeee0a8c9147.BTP_CI_CD_Deployment_CAPM-postgres-deployer#flowable-async-job-executor-thread-20389#
[PollExecuteTaskStatusExecution] c49c6f4e-6a21-4cf0-9f92-c125a8dc9d83 [2026-04-13T19:07:02.218504] 'n5OgKaboYk2141Rf2hGMD3/hsGm0rrJh7g3C0ZirPws3eeJfulvAOIy2IZzqHUSY\n' + (STDOUT, APP/TASK/deploy-to-postgresql)#
#2026 04 13 19:07:24.931#Z#DEBUG#be2d3d37-376b-11f1-938a-eeee0a8c9147.BTP_CI_CD_Deployment_CAPM-postgres-deployer#flowable-async-job-executor-thread-20389#
[PollExecuteTaskStatusExecution] c49c6f4e-6a21-4cf0-9f92-c125a8dc9d83 [2026-04-13T19:07:02.218506] 'jkFzraz6LEH3IlArT3jUPvWKqvh2lJWnnp56aqxBR7qHH5voD49UpJWY1K0BjGnS\n' + (STDOUT, APP/TASK/deploy-to-postgresql)#
#2026 04 13 19:07:24.931#Z#DEBUG#be2d3d37-376b-11f1-938a-eeee0a8c9147.BTP_CI_CD_Deployment_CAPM-postgres-deployer#flowable-async-job-executor-thread-20389#
[PollExecuteTaskStatusExecution] c49c6f4e-6a21-4cf0-9f92-c125a8dc9d83 [2026-04-13T19:07:02.218510] 'OHcurpp0Yt/BIs4VZeWdCZwI7JaSeDcPMaMDBvND3Ia5Fga0thgYQTG6dE+N5fgF\n' + (STDOUT, APP/TASK/deploy-to-postgresql)#
#2026 04 13 19:07:24.931#Z#DEBUG#be2d3d37-376b-11f1-938a-eeee0a8c9147.BTP_CI_CD_Deployment_CAPM-postgres-deployer#flowable-async-job-executor-thread-20389#
[PollExecuteTaskStatusExecution] c49c6f4e-6a21-4cf0-9f92-c125a8dc9d83 [2026-04-13T19:07:02.218512] 'z+hRaujXO2nb0LmddVyvE8prYlWRMuYFv+Co8hcMdJ0lEZlfVNu0jbm9/GmwAZ+l\n' + (STDOUT, APP/TASK/deploy-to-postgresql)#
#2026 04 13 19:07:24.931#Z#DEBUG#be2d3d37-376b-11f1-938a-eeee0a8c9147.BTP_CI_CD_Deployment_CAPM-postgres-deployer#flowable-async-job-executor-thread-20389#
[PollExecuteTaskStatusExecution] c49c6f4e-6a21-4cf0-9f92-c125a8dc9d83 [2026-04-13T19:07:02.218514] '9umeYO9yz/uC7edC8XJBglMAKUmVK9wNtOckUWAcCfnPWYLbYa/PqtXBYcxrso5j\n' + (STDOUT, APP/TASK/deploy-to-postgresql)#
#2026 04 13 19:07:24.931#Z#DEBUG#be2d3d37-376b-11f1-938a-eeee0a8c9147.BTP_CI_CD_Deployment_CAPM-postgres-deployer#flowable-async-job-executor-thread-20389#
[PollExecuteTaskStatusExecution] c49c6f4e-6a21-4cf0-9f92-c125a8dc9d83 [2026-04-13T19:07:02.218517] 'iaS/A7iEW51uteHBGrViCy1afGG+hiUWwFlesli+Rq4dNstX3h6h2baWABaAxEVJ\n' + (STDOUT, APP/TASK/deploy-to-postgresql)#
#2026 04 13 19:07:24.931#Z#DEBUG#be2d3d37-376b-11f1-938a-eeee0a8c9147.BTP_CI_CD_Deployment_CAPM-postgres-deployer#flowable-async-job-executor-thread-20389#
[PollExecuteTaskStatusExecution] c49c6f4e-6a21-4cf0-9f92-c125a8dc9d83 [2026-04-13T19:07:02.218520] 'y1RnTQSz6mROT1VmZSgSVO37rgIyY0Hf0872ogcTS+FfvXgBxCxsNWEbiQ/XXva4\n' + (STDOUT, APP/TASK/deploy-to-postgresql)#
#2026 04 13 19:07:24.931#Z#DEBUG#be2d3d37-376b-11f1-938a-eeee0a8c9147.BTP_CI_CD_Deployment_CAPM-postgres-deployer#flowable-async-job-executor-thread-20389#
[PollExecuteTaskStatusExecution] c49c6f4e-6a21-4cf0-9f92-c125a8dc9d83 [2026-04-13T19:07:02.218522] '0Ws=\n' + (STDOUT, APP/TASK/deploy-to-postgresql)#
#2026 04 13 19:07:24.931#Z#DEBUG#be2d3d37-376b-11f1-938a-eeee0a8c9147.BTP_CI_CD_Deployment_CAPM-postgres-deployer#flowable-async-job-executor-thread-20389#
[PollExecuteTaskStatusExecution] c49c6f4e-6a21-4cf0-9f92-c125a8dc9d83 [2026-04-13T19:07:02.218525] '-----END CERTIFICATE-----\n' + (STDOUT, APP/TASK/deploy-to-postgresql)#
#2026 04 13 19:07:24.931#Z#DEBUG#be2d3d37-376b-11f1-938a-eeee0a8c9147.BTP_CI_CD_Deployment_CAPM-postgres-deployer#flowable-async-job-executor-thread-20389#
[PollExecuteTaskStatusExecution] c49c6f4e-6a21-4cf0-9f92-c125a8dc9d83 [2026-04-13T19:07:02.218530] '-----BEGIN CERTIFICATE-----\n' + (STDOUT, APP/TASK/deploy-to-postgresql)#
#2026 04 13 19:07:24.931#Z#DEBUG#be2d3d37-376b-11f1-938a-eeee0a8c9147.BTP_CI_CD_Deployment_CAPM-postgres-deployer#flowable-async-job-executor-thread-20389#
[PollExecuteTaskStatusExecution] c49c6f4e-6a21-4cf0-9f92-c125a8dc9d83 [2026-04-13T19:07:02.218532] 'MIICrjCCAjSgAwIBAgIRAPAlEk8VJPmEzVRRaWvTh2AwCgYIKoZIzj0EAwMwgZYx\n' + (STDOUT, APP/TASK/deploy-to-postgresql)#
#2026 04 13 19:07:24.931#Z#DEBUG#be2d3d37-376b-11f1-938a-eeee0a8c9147.BTP_CI_CD_Deployment_CAPM-postgres-deployer#flowable-async-job-executor-thread-20389#
[PollExecuteTaskStatusExecution] c49c6f4e-6a21-4cf0-9f92-c125a8dc9d83 [2026-04-13T19:07:02.218535] 'CzAJBgNVBAYTAlVTMSIwIAYDVQQKDBlBbWF6b24gV2ViIFNlcnZpY2VzLCBJbmMu\n' + (STDOUT, APP/TASK/deploy-to-postgresql)#
#2026 04 13 19:07:24.931#Z#DEBUG#be2d3d37-376b-11f1-938a-eeee0a8c9147.BTP_CI_CD_Deployment_CAPM-postgres-deployer#flowable-async-job-executor-thread-20389#
[PollExecuteTaskStatusExecution] c49c6f4e-6a21-4cf0-9f92-c125a8dc9d83 [2026-04-13T19:07:02.218537] 'MRMwEQYDVQQLDApBbWF6b24gUkRTMQswCQYDVQQIDAJXQTEvMC0GA1UEAwwmQW1h\n' + (STDOUT, APP/TASK/deploy-to-postgresql)#
#2026 04 13 19:07:24.931#Z#DEBUG#be2d3d37-376b-11f1-938a-eeee0a8c9147.BTP_CI_CD_Deployment_CAPM-postgres-deployer#flowable-async-job-executor-thread-20389#
[PollExecuteTaskStatusExecution] c49c6f4e-6a21-4cf0-9f92-c125a8dc9d83 [2026-04-13T19:07:02.218539] 'em9uIFJEUyB1cy1lYXN0LTEgUm9vdCBDQSBFQ0MzODQgRzExEDAOBgNVBAcMB1Nl\n' + (STDOUT, APP/TASK/deploy-to-postgresql)#
#2026 04 13 19:07:24.931#Z#DEBUG#be2d3d37-376b-11f1-938a-eeee0a8c9147.BTP_CI_CD_Deployment_CAPM-postgres-deployer#flowable-async-job-executor-thread-20389#
[PollExecuteTaskStatusExecution] c49c6f4e-6a21-4cf0-9f92-c125a8dc9d83 [2026-04-13T19:07:02.218542] 'YXR0bGUwIBcNMjEwNTI1MjI0MTU1WhgPMjEyMTA1MjUyMzQxNTVaMIGWMQswCQYD\n' + (STDOUT, APP/TASK/deploy-to-postgresql)#
#2026 04 13 19:07:24.931#Z#DEBUG#be2d3d37-376b-11f1-938a-eeee0a8c9147.BTP_CI_CD_Deployment_CAPM-postgres-deployer#flowable-async-job-executor-thread-20389#
[PollExecuteTaskStatusExecution] c49c6f4e-6a21-4cf0-9f92-c125a8dc9d83 [2026-04-13T19:07:02.218545] 'VQQGEwJVUzEiMCAGA1UECgwZQW1hem9uIFdlYiBTZXJ2aWNlcywgSW5jLjETMBEG\n' + (STDOUT, APP/TASK/deploy-to-postgresql)#
#2026 04 13 19:07:24.931#Z#DEBUG#be2d3d37-376b-11f1-938a-eeee0a8c9147.BTP_CI_CD_Deployment_CAPM-postgres-deployer#flowable-async-job-executor-thread-20389#
[PollExecuteTaskStatusExecution] c49c6f4e-6a21-4cf0-9f92-c125a8dc9d83 [2026-04-13T19:07:02.218548] 'A1UECwwKQW1hem9uIFJEUzELMAkGA1UECAwCV0ExLzAtBgNVBAMMJkFtYXpvbiBS\n' + (STDOUT, APP/TASK/deploy-to-postgresql)#
#2026 04 13 19:07:24.931#Z#DEBUG#be2d3d37-376b-11f1-938a-eeee0a8c9147.BTP_CI_CD_Deployment_CAPM-postgres-deployer#flowable-async-job-executor-thread-20389#
[PollExecuteTaskStatusExecution] c49c6f4e-6a21-4cf0-9f92-c125a8dc9d83 [2026-04-13T19:07:02.218551] 'RFMgdXMtZWFzdC0xIFJvb3QgQ0EgRUNDMzg0IEcxMRAwDgYDVQQHDAdTZWF0dGxl\n' + (STDOUT, APP/TASK/deploy-to-postgresql)#
#2026 04 13 19:07:24.931#Z#DEBUG#be2d3d37-376b-11f1-938a-eeee0a8c9147.BTP_CI_CD_Deployment_CAPM-postgres-deployer#flowable-async-job-executor-thread-20389#
[PollExecuteTaskStatusExecution] c49c6f4e-6a21-4cf0-9f92-c125a8dc9d83 [2026-04-13T19:07:02.218553] 'MHYwEAYHKoZIzj0CAQYFK4EEACIDYgAEx5xjrup8II4HOJw15NTnS3H5yMrQGlbj\n' + (STDOUT, APP/TASK/deploy-to-postgresql)#
#2026 04 13 19:07:24.931#Z#DEBUG#be2d3d37-376b-11f1-938a-eeee0a8c9147.BTP_CI_CD_Deployment_CAPM-postgres-deployer#flowable-async-job-executor-thread-20389#
[PollExecuteTaskStatusExecution] c49c6f4e-6a21-4cf0-9f92-c125a8dc9d83 [2026-04-13T19:07:02.218555] 'EDA5MMGnE9DmHp5dACIxmPXPMe/99nO7wNdl7G71OYPCgEvWm0FhdvVUeTb3LVnV\n' + (STDOUT, APP/TASK/deploy-to-postgresql)#
#2026 04 13 19:07:24.931#Z#DEBUG#be2d3d37-376b-11f1-938a-eeee0a8c9147.BTP_CI_CD_Deployment_CAPM-postgres-deployer#flowable-async-job-executor-thread-20389#
[PollExecuteTaskStatusExecution] c49c6f4e-6a21-4cf0-9f92-c125a8dc9d83 [2026-04-13T19:07:02.218559] 'BnaXt32Ek7/oxGk1T+Df03C+W0vmuJ+wo0IwQDAPBgNVHRMBAf8EBTADAQH/MB0G\n' + (STDOUT, APP/TASK/deploy-to-postgresql)#
#2026 04 13 19:07:24.931#Z#DEBUG#be2d3d37-376b-11f1-938a-eeee0a8c9147.BTP_CI_CD_Deployment_CAPM-postgres-deployer#flowable-async-job-executor-thread-20389#
[PollExecuteTaskStatusExecution] c49c6f4e-6a21-4cf0-9f92-c125a8dc9d83 [2026-04-13T19:07:02.218561] 'A1UdDgQWBBTGXmqBWN/1tkSea4pNw0oHrjk2UDAOBgNVHQ8BAf8EBAMCAYYwCgYI\n' + (STDOUT, APP/TASK/deploy-to-postgresql)#
#2026 04 13 19:07:24.931#Z#DEBUG#be2d3d37-376b-11f1-938a-eeee0a8c9147.BTP_CI_CD_Deployment_CAPM-postgres-deployer#flowable-async-job-executor-thread-20389#
[PollExecuteTaskStatusExecution] c49c6f4e-6a21-4cf0-9f92-c125a8dc9d83 [2026-04-13T19:07:02.218564] 'KoZIzj0EAwMDaAAwZQIxAIqqZWCSrIkZ7zsv/FygtAusW6yvlL935YAWYPVXU30m\n' + (STDOUT, APP/TASK/deploy-to-postgresql)#
#2026 04 13 19:07:24.931#Z#DEBUG#be2d3d37-376b-11f1-938a-eeee0a8c9147.BTP_CI_CD_Deployment_CAPM-postgres-deployer#flowable-async-job-executor-thread-20389#
[PollExecuteTaskStatusExecution] c49c6f4e-6a21-4cf0-9f92-c125a8dc9d83 [2026-04-13T19:07:02.218566] 'jkMFLM+/RJ9GMvnO8jHfCgIwB+whlkcItzE9CRQ6CsMo/d5cEHDUu/QW6jSIh9BR\n' + (STDOUT, APP/TASK/deploy-to-postgresql)#
#2026 04 13 19:07:24.931#Z#DEBUG#be2d3d37-376b-11f1-938a-eeee0a8c9147.BTP_CI_CD_Deployment_CAPM-postgres-deployer#flowable-async-job-executor-thread-20389#
[PollExecuteTaskStatusExecution] c49c6f4e-6a21-4cf0-9f92-c125a8dc9d83 [2026-04-13T19:07:02.218568] 'OGh9pTYPVkUbBiKPA7lVVhre\n' + (STDOUT, APP/TASK/deploy-to-postgresql)#
#2026 04 13 19:07:24.931#Z#DEBUG#be2d3d37-376b-11f1-938a-eeee0a8c9147.BTP_CI_CD_Deployment_CAPM-postgres-deployer#flowable-async-job-executor-thread-20389#
[PollExecuteTaskStatusExecution] c49c6f4e-6a21-4cf0-9f92-c125a8dc9d83 [2026-04-13T19:07:02.218571] '-----END CERTIFICATE-----\n' (STDOUT, APP/TASK/deploy-to-postgresql)#
#2026 04 13 19:07:24.931#Z#DEBUG#be2d3d37-376b-11f1-938a-eeee0a8c9147.BTP_CI_CD_Deployment_CAPM-postgres-deployer#flowable-async-job-executor-thread-20389#
[PollExecuteTaskStatusExecution] c49c6f4e-6a21-4cf0-9f92-c125a8dc9d83 [2026-04-13T19:07:02.218573] } (STDOUT, APP/TASK/deploy-to-postgresql)#
#2026 04 13 19:07:24.931#Z#DEBUG#be2d3d37-376b-11f1-938a-eeee0a8c9147.BTP_CI_CD_Deployment_CAPM-postgres-deployer#flowable-async-job-executor-thread-20389#
[PollExecuteTaskStatusExecution] c49c6f4e-6a21-4cf0-9f92-c125a8dc9d83 [2026-04-13T19:07:02.218575] } {} (STDOUT, APP/TASK/deploy-to-postgresql)#
#2026 04 13 19:07:24.931#Z#DEBUG#be2d3d37-376b-11f1-938a-eeee0a8c9147.BTP_CI_CD_Deployment_CAPM-postgres-deployer#flowable-async-job-executor-thread-20389#
[PollExecuteTaskStatusExecution] c49c6f4e-6a21-4cf0-9f92-c125a8dc9d83 [2026-04-13T19:07:02.781324] /> deployment to postgres-ba329acb-cb7e-475c-b74a-6a3daa78372b.cqryblsdrbcs.us-east-1.rds.amazonaws.com:6137 failed (STDOUT, APP/TASK/deploy-to-postgresql)#
#2026 04 13 19:07:24.931#Z#DEBUG#be2d3d37-376b-11f1-938a-eeee0a8c9147.BTP_CI_CD_Deployment_CAPM-postgres-deployer#flowable-async-job-executor-thread-20389#
[PollExecuteTaskStatusExecution] c49c6f4e-6a21-4cf0-9f92-c125a8dc9d83 [2026-04-13T19:07:02.784713] Error: CDS compilation failed (@sap/cds-compiler v6.8.0) (STDERR, APP/TASK/deploy-to-postgresql)#
#2026 04 13 19:07:24.931#Z#DEBUG#be2d3d37-376b-11f1-938a-eeee0a8c9147.BTP_CI_CD_Deployment_CAPM-postgres-deployer#flowable-async-job-executor-thread-20389#
[PollExecuteTaskStatusExecution] c49c6f4e-6a21-4cf0-9f92-c125a8dc9d83 [2026-04-13T19:07:02.784735] db/csn.json:4: Error: Dropping elements is not supported (in entity:“com.sap.GitDeployment.Project”/element:“projectName”) (STDERR, APP/TASK/deploy-to-postgresql)#
#2026 04 13 19:07:24.931#Z#DEBUG#be2d3d37-376b-11f1-938a-eeee0a8c9147.BTP_CI_CD_Deployment_CAPM-postgres-deployer#flowable-async-job-executor-thread-20389#
[PollExecuteTaskStatusExecution] c49c6f4e-6a21-4cf0-9f92-c125a8dc9d83 [2026-04-13T19:07:02.784740] at throwWithAnyError (/home/vcap/app/node_modules/@sap/cds-compiler/lib/base/messages.js:587:13) (STDERR, APP/TASK/deploy-to-postgresql)#
#2026 04 13 19:07:24.931#Z#DEBUG#be2d3d37-376b-11f1-938a-eeee0a8c9147.BTP_CI_CD_Deployment_CAPM-postgres-deployer#flowable-async-job-executor-thread-20389#
[PollExecuteTaskStatusExecution] c49c6f4e-6a21-4cf0-9f92-c125a8dc9d83 [2026-04-13T19:07:02.784747] at Proxy.toSqlDdl (/home/vcap/app/node_modules/@sap/cds-compiler/lib/render/toSql.js:311:3) (STDERR, APP/TASK/deploy-to-postgresql)#
#2026 04 13 19:07:24.931#Z#DEBUG#be2d3d37-376b-11f1-938a-eeee0a8c9147.BTP_CI_CD_Deployment_CAPM-postgres-deployer#flowable-async-job-executor-thread-20389#
[PollExecuteTaskStatusExecution] c49c6f4e-6a21-4cf0-9f92-c125a8dc9d83 [2026-04-13T19:07:02.784750] at sqlMigration (/home/vcap/app/node_modules/@sap/cds-compiler/lib/api/main.js:599:13) (STDERR, APP/TASK/deploy-to-postgresql)#
#2026 04 13 19:07:24.931#Z#DEBUG#be2d3d37-376b-11f1-938a-eeee0a8c9147.BTP_CI_CD_Deployment_CAPM-postgres-deployer#flowable-async-job-executor-thread-20389#
[PollExecuteTaskStatusExecution] c49c6f4e-6a21-4cf0-9f92-c125a8dc9d83 [2026-04-13T19:07:02.784753] at Function.api [as migration] (/home/vcap/app/node_modules/@sap/cds-compiler/lib/api/main.js:1178:22) (STDERR, APP/TASK/deploy-to-postgresql)#
#2026 04 13 19:07:24.931#Z#DEBUG#be2d3d37-376b-11f1-938a-eeee0a8c9147.BTP_CI_CD_Deployment_CAPM-postgres-deployer#flowable-async-job-executor-thread-20389#
[PollExecuteTaskStatusExecution] c49c6f4e-6a21-4cf0-9f92-c125a8dc9d83 [2026-04-13T19:07:02.784756] at Function.migration (/home/vcap/app/node_modules/@sap/cds-compiler/lib/main.js:147:41) (STDERR, APP/TASK/deploy-to-postgresql)#
#2026 04 13 19:07:24.931#Z#DEBUG#be2d3d37-376b-11f1-938a-eeee0a8c9147.BTP_CI_CD_Deployment_CAPM-postgres-deployer#flowable-async-job-executor-thread-20389#
[PollExecuteTaskStatusExecution] c49c6f4e-6a21-4cf0-9f92-c125a8dc9d83 [2026-04-13T19:07:02.784758] at Object.deltaSql (/home/vcap/app/node_modules/@sap/cds/lib/compile/cdsc.js:165:53) (STDERR, APP/TASK/deploy-to-postgresql)#
#2026 04 13 19:07:24.931#Z#DEBUG#be2d3d37-376b-11f1-938a-eeee0a8c9147.BTP_CI_CD_Deployment_CAPM-postgres-deployer#flowable-async-job-executor-thread-20389#
[PollExecuteTaskStatusExecution] c49c6f4e-6a21-4cf0-9f92-c125a8dc9d83 [2026-04-13T19:07:02.784762] at /home/vcap/app/node_modules/@sap/cds/lib/compile/to/sql.js:38:61 (STDERR, APP/TASK/deploy-to-postgresql)#
#2026 04 13 19:07:24.931#Z#DEBUG#be2d3d37-376b-11f1-938a-eeee0a8c9147.BTP_CI_CD_Deployment_CAPM-postgres-deployer#flowable-async-job-executor-thread-20389#
[PollExecuteTaskStatusExecution] c49c6f4e-6a21-4cf0-9f92-c125a8dc9d83 [2026-04-13T19:07:02.784764] at next (/home/vcap/app/node_modules/@sap/cds/lib/compile/to/sql.js:44:4) (STDERR, APP/TASK/deploy-to-postgresql)#
#2026 04 13 19:07:24.931#Z#DEBUG#be2d3d37-376b-11f1-938a-eeee0a8c9147.BTP_CI_CD_Deployment_CAPM-postgres-deployer#flowable-async-job-executor-thread-20389#
[PollExecuteTaskStatusExecution] c49c6f4e-6a21-4cf0-9f92-c125a8dc9d83 [2026-04-13T19:07:02.784768] at Function.cds_compile_to_deltaSql [as delta] (/home/vcap/app/node_modules/@sap/cds/lib/compile/to/sql.js:46:21) (STDERR, APP/TASK/deploy-to-postgresql)#
#2026 04 13 19:07:24.931#Z#DEBUG#be2d3d37-376b-11f1-938a-eeee0a8c9147.BTP_CI_CD_Deployment_CAPM-postgres-deployer#flowable-async-job-executor-thread-20389#
[PollExecuteTaskStatusExecution] c49c6f4e-6a21-4cf0-9f92-c125a8dc9d83 [2026-04-13T19:07:02.784770] at deploy.schema (/home/vcap/app/node_modules/@sap/cds/lib/dbs/cds-deploy.js:75:75) (STDERR, APP/TASK/deploy-to-postgresql)#
#2026 04 13 19:07:24.931#Z#DEBUG#be2d3d37-376b-11f1-938a-eeee0a8c9147.BTP_CI_CD_Deployment_CAPM-postgres-deployer#flowable-async-job-executor-thread-20389#
[PollExecuteTaskStatusExecution] c49c6f4e-6a21-4cf0-9f92-c125a8dc9d83 [2026-04-13T19:07:02.826816] npm notice (STDERR, APP/TASK/deploy-to-postgresql)#
#2026 04 13 19:07:24.931#Z#DEBUG#be2d3d37-376b-11f1-938a-eeee0a8c9147.BTP_CI_CD_Deployment_CAPM-postgres-deployer#flowable-async-job-executor-thread-20389#
[PollExecuteTaskStatusExecution] c49c6f4e-6a21-4cf0-9f92-c125a8dc9d83 [2026-04-13T19:07:02.826844] npm notice New major version of npm available! 10.9.4 -> 11.12.1 (STDERR, APP/TASK/deploy-to-postgresql)#
#2026 04 13 19:07:24.931#Z#DEBUG#be2d3d37-376b-11f1-938a-eeee0a8c9147.BTP_CI_CD_Deployment_CAPM-postgres-deployer#flowable-async-job-executor-thread-20389#
[PollExecuteTaskStatusExecution] c49c6f4e-6a21-4cf0-9f92-c125a8dc9d83 [2026-04-13T19:07:02.826849] npm notice Changelog: https://github.com/npm/cli/releases/tag/v11.12.1 (STDERR, APP/TASK/deploy-to-postgresql)#
#2026 04 13 19:07:24.931#Z#DEBUG#be2d3d37-376b-11f1-938a-eeee0a8c9147.BTP_CI_CD_Deployment_CAPM-postgres-deployer#flowable-async-job-executor-thread-20389#
[PollExecuteTaskStatusExecution] c49c6f4e-6a21-4cf0-9f92-c125a8dc9d83 [2026-04-13T19:07:02.826852] npm notice To update run: npm install -g npm@11.12.1 (STDERR, APP/TASK/deploy-to-postgresql)#
#2026 04 13 19:07:24.931#Z#DEBUG#be2d3d37-376b-11f1-938a-eeee0a8c9147.BTP_CI_CD_Deployment_CAPM-postgres-deployer#flowable-async-job-executor-thread-20389#
[PollExecuteTaskStatusExecution] c49c6f4e-6a21-4cf0-9f92-c125a8dc9d83 [2026-04-13T19:07:02.826855] npm notice (STDERR, APP/TASK/deploy-to-postgresql)#
#2026 04 13 19:07:24.931#Z#DEBUG#be2d3d37-376b-11f1-938a-eeee0a8c9147.BTP_CI_CD_Deployment_CAPM-postgres-deployer#flowable-async-job-executor-thread-20389#
[PollExecuteTaskStatusExecution] c49c6f4e-6a21-4cf0-9f92-c125a8dc9d83 [2026-04-13T19:07:02.915823] Exit status 1 (STDOUT, APP/TASK/deploy-to-postgresql)#
#2026 04 13 19:07:24.931#Z#DEBUG#be2d3d37-376b-11f1-938a-eeee0a8c9147.BTP_CI_CD_Deployment_CAPM-postgres-deployer#flowable-async-job-executor-thread-20389#
[PollExecuteTaskStatusExecution] c49c6f4e-6a21-4cf0-9f92-c125a8dc9d83 [2026-04-13T19:07:03.716493] Cell 684caff8-89cd-492b-be01-b3d0835f1763 stopping instance 61946480-7c1e-46cb-8861-09d9be2a1338 (STDOUT, CELL)#
#2026 04 13 19:07:24.931#Z#DEBUG#be2d3d37-376b-11f1-938a-eeee0a8c9147.BTP_CI_CD_Deployment_CAPM-postgres-deployer#flowable-async-job-executor-thread-20389#
[PollExecuteTaskStatusExecution] c49c6f4e-6a21-4cf0-9f92-c125a8dc9d83 [2026-04-13T19:07:03.716544] Cell 684caff8-89cd-492b-be01-b3d0835f1763 destroying container for instance 61946480-7c1e-46cb-8861-09d9be2a1338 (STDOUT, CELL)#
#2026 04 13 19:07:24.931#Z#DEBUG#be2d3d37-376b-11f1-938a-eeee0a8c9147.BTP_CI_CD_Deployment_CAPM-postgres-deployer#flowable-async-job-executor-thread-20389#
[PollExecuteTaskStatusExecution] c49c6f4e-6a21-4cf0-9f92-c125a8dc9d83 [2026-04-13T19:07:05.970804] Cell 77283d80-dfa7-40ba-ba4e-265aef112085 creating container for instance 6408ffa1-9c5f-4fdc-979e-4cd8fd74e6f5 (STDOUT, CELL)#
#2026 04 13 19:07:24.931#Z#DEBUG#be2d3d37-376b-11f1-938a-eeee0a8c9147.BTP_CI_CD_Deployment_CAPM-postgres-deployer#flowable-async-job-executor-thread-20389#
[PollExecuteTaskStatusExecution] c49c6f4e-6a21-4cf0-9f92-c125a8dc9d83 [2026-04-13T19:07:06.896171] Security group rules were updated (STDOUT, CELL)#
#2026 04 13 19:07:24.931#Z#DEBUG#be2d3d37-376b-11f1-938a-eeee0a8c9147.BTP_CI_CD_Deployment_CAPM-postgres-deployer#flowable-async-job-executor-thread-20389#
[PollExecuteTaskStatusExecution] c49c6f4e-6a21-4cf0-9f92-c125a8dc9d83 [2026-04-13T19:07:06.993619] Cell 77283d80-dfa7-40ba-ba4e-265aef112085 successfully created container for instance 6408ffa1-9c5f-4fdc-979e-4cd8fd74e6f5 (STDOUT, CELL)#
#2026 04 13 19:07:24.931#Z#DEBUG#be2d3d37-376b-11f1-938a-eeee0a8c9147.BTP_CI_CD_Deployment_CAPM-postgres-deployer#flowable-async-job-executor-thread-20389#
[PollExecuteTaskStatusExecution] c49c6f4e-6a21-4cf0-9f92-c125a8dc9d83 [2026-04-13T19:07:07.097972] Cell 684caff8-89cd-492b-be01-b3d0835f1763 successfully destroyed container for instance 61946480-7c1e-46cb-8861-09d9be2a1338 (STDOUT, CELL)#
#2026 04 13 19:07:24.931#Z#DEBUG#be2d3d37-376b-11f1-938a-eeee0a8c9147.BTP_CI_CD_Deployment_CAPM-postgres-deployer#flowable-async-job-executor-thread-20389#
[PollExecuteTaskStatusExecution] c49c6f4e-6a21-4cf0-9f92-c125a8dc9d83 [2026-04-13T19:07:12.351200] Invoking pre-start scripts. (STDOUT, APP/TASK/deploy-to-postgresql)#
#2026 04 13 19:07:24.931#Z#DEBUG#be2d3d37-376b-11f1-938a-eeee0a8c9147.BTP_CI_CD_Deployment_CAPM-postgres-deployer#flowable-async-job-executor-thread-20389#
[PollExecuteTaskStatusExecution] c49c6f4e-6a21-4cf0-9f92-c125a8dc9d83 [2026-04-13T19:07:12.564630] Invoking start command. (STDOUT, APP/TASK/deploy-to-postgresql)#
#2026 04 13 19:07:24.931#Z#DEBUG#be2d3d37-376b-11f1-938a-eeee0a8c9147.BTP_CI_CD_Deployment_CAPM-postgres-deployer#flowable-async-job-executor-thread-20389#
[PollExecuteTaskStatusExecution] c49c6f4e-6a21-4cf0-9f92-c125a8dc9d83 [2026-04-13T19:07:13.019263] > start (STDOUT, APP/TASK/deploy-to-postgresql)#
#2026 04 13 19:07:24.931#Z#DEBUG#be2d3d37-376b-11f1-938a-eeee0a8c9147.BTP_CI_CD_Deployment_CAPM-postgres-deployer#flowable-async-job-executor-thread-20389#
[PollExecuteTaskStatusExecution] c49c6f4e-6a21-4cf0-9f92-c125a8dc9d83 [2026-04-13T19:07:13.019301] > cds-deploy (STDOUT, APP/TASK/deploy-to-postgresql)#
#2026 04 13 19:07:24.931#Z#DEBUG#be2d3d37-376b-11f1-938a-eeee0a8c9147.BTP_CI_CD_Deployment_CAPM-postgres-deployer#flowable-async-job-executor-thread-20389#
[PollExecuteTaskStatusExecution] c49c6f4e-6a21-4cf0-9f92-c125a8dc9d83 [2026-04-13T19:07:13.099790] Deploying with options: { (STDOUT, APP/TASK/deploy-to-postgresql)#
#2026 04 13 19:07:24.931#Z#DEBUG#be2d3d37-376b-11f1-938a-eeee0a8c9147.BTP_CI_CD_Deployment_CAPM-postgres-deployer#flowable-async-job-executor-thread-20389#
[PollExecuteTaskStatusExecution] c49c6f4e-6a21-4cf0-9f92-c125a8dc9d83 [2026-04-13T19:07:13.099827] impl: '@cap-js/postgres', (STDOUT, APP/TASK/deploy-to-postgresql)#
#2026 04 13 19:07:24.931#Z#DEBUG#be2d3d37-376b-11f1-938a-eeee0a8c9147.BTP_CI_CD_Deployment_CAPM-postgres-deployer#flowable-async-job-executor-thread-20389#
[PollExecuteTaskStatusExecution] c49c6f4e-6a21-4cf0-9f92-c125a8dc9d83 [2026-04-13T19:07:13.099831] kind: 'postgres', (STDOUT, APP/TASK/deploy-to-postgresql)#
#2026 04 13 19:07:24.931#Z#DEBUG#be2d3d37-376b-11f1-938a-eeee0a8c9147.BTP_CI_CD_Deployment_CAPM-postgres-deployer#flowable-async-job-executor-thread-20389#
[PollExecuteTaskStatusExecution] c49c6f4e-6a21-4cf0-9f92-c125a8dc9d83 [2026-04-13T19:07:13.099833] dialect: 'postgres', (STDOUT, APP/TASK/deploy-to-postgresql)#
#2026 04 13 19:07:24.931#Z#DEBUG#be2d3d37-376b-11f1-938a-eeee0a8c9147.BTP_CI_CD_Deployment_CAPM-postgres-deployer#flowable-async-job-executor-thread-20389#
[PollExecuteTaskStatusExecution] c49c6f4e-6a21-4cf0-9f92-c125a8dc9d83 [2026-04-13T19:07:13.099838] vcap: { label: 'postgresql-db' }, (STDOUT, APP/TASK/deploy-to-postgresql)#
#2026 04 13 19:07:24.931#Z#DEBUG#be2d3d37-376b-11f1-938a-eeee0a8c9147.BTP_CI_CD_Deployment_CAPM-postgres-deployer#flowable-async-job-executor-thread-20389#
[PollExecuteTaskStatusExecution] c49c6f4e-6a21-4cf0-9f92-c125a8dc9d83 [2026-04-13T19:07:13.099842] pool: { (STDOUT, APP/TASK/deploy-to-postgresql)#
#2026 04 13 19:07:24.931#Z#DEBUG#be2d3d37-376b-11f1-938a-eeee0a8c9147.BTP_CI_CD_Deployment_CAPM-postgres-deployer#flowable-async-job-executor-thread-20389#
[PollExecuteTaskStatusExecution] c49c6f4e-6a21-4cf0-9f92-c125a8dc9d83 [2026-04-13T19:07:13.099844] min: 0, (STDOUT, APP/TASK/deploy-to-postgresql)#
#2026 04 13 19:07:24.931#Z#DEBUG#be2d3d37-376b-11f1-938a-eeee0a8c9147.BTP_CI_CD_Deployment_CAPM-postgres-deployer#flowable-async-job-executor-thread-20389#
[PollExecuteTaskStatusExecution] c49c6f4e-6a21-4cf0-9f92-c125a8dc9d83 [2026-04-13T19:07:13.099847] max: 10, (STDOUT, APP/TASK/deploy-to-postgresql)#
#2026 04 13 19:07:24.931#Z#DEBUG#be2d3d37-376b-11f1-938a-eeee0a8c9147.BTP_CI_CD_Deployment_CAPM-postgres-deployer#flowable-async-job-executor-thread-20389#
[PollExecuteTaskStatusExecution] c49c6f4e-6a21-4cf0-9f92-c125a8dc9d83 [2026-04-13T19:07:13.099849] testOnBorrow: true, (STDOUT, APP/TASK/deploy-to-postgresql)#
#2026 04 13 19:07:24.931#Z#DEBUG#be2d3d37-376b-11f1-938a-eeee0a8c9147.BTP_CI_CD_Deployment_CAPM-postgres-deployer#flowable-async-job-executor-thread-20389#
[PollExecuteTaskStatusExecution] c49c6f4e-6a21-4cf0-9f92-c125a8dc9d83 [2026-04-13T19:07:13.099852] acquireTimeoutMillis: 1000, (STDOUT, APP/TASK/deploy-to-postgresql)#
#2026 04 13 19:07:24.931#Z#DEBUG#be2d3d37-376b-11f1-938a-eeee0a8c9147.BTP_CI_CD_Deployment_CAPM-postgres-deployer#flowable-async-job-executor-thread-20389#
[PollExecuteTaskStatusExecution] c49c6f4e-6a21-4cf0-9f92-c125a8dc9d83 [2026-04-13T19:07:13.099857] destroyTimeoutMillis: 1000 (STDOUT, APP/TASK/deploy-to-postgresql)#
#2026 04 13 19:07:24.931#Z#DEBUG#be2d3d37-376b-11f1-938a-eeee0a8c9147.BTP_CI_CD_Deployment_CAPM-postgres-deployer#flowable-async-job-executor-thread-20389#
[PollExecuteTaskStatusExecution] c49c6f4e-6a21-4cf0-9f92-c125a8dc9d83 [2026-04-13T19:07:13.099859] }, (STDOUT, APP/TASK/deploy-to-postgresql)#
#2026 04 13 19:07:24.931#Z#DEBUG#be2d3d37-376b-11f1-938a-eeee0a8c9147.BTP_CI_CD_Deployment_CAPM-postgres-deployer#flowable-async-job-executor-thread-20389#
[PollExecuteTaskStatusExecution] c49c6f4e-6a21-4cf0-9f92-c125a8dc9d83 [2026-04-13T19:07:13.099862] schema_evolution: 'auto', (STDOUT, APP/TASK/deploy-to-postgresql)#
#2026 04 13 19:07:24.931#Z#DEBUG#be2d3d37-376b-11f1-938a-eeee0a8c9147.BTP_CI_CD_Deployment_CAPM-postgres-deployer#flowable-async-job-executor-thread-20389#
[PollExecuteTaskStatusExecution] c49c6f4e-6a21-4cf0-9f92-c125a8dc9d83 [2026-04-13T19:07:13.099864] credentials: { (STDOUT, APP/TASK/deploy-to-postgresql)#
#2026 04 13 19:07:24.931#Z#DEBUG#be2d3d37-376b-11f1-938a-eeee0a8c9147.BTP_CI_CD_Deployment_CAPM-postgres-deployer#flowable-async-job-executor-thread-20389#
[PollExecuteTaskStatusExecution] c49c6f4e-6a21-4cf0-9f92-c125a8dc9d83 [2026-04-13T19:07:13.099868] username: '36c89beec156', (STDOUT, APP/TASK/deploy-to-postgresql)#
#2026 04 13 19:07:24.931#Z#DEBUG#be2d3d37-376b-11f1-938a-eeee0a8c9147.BTP_CI_CD_Deployment_CAPM-postgres-deployer#flowable-async-job-executor-thread-20389#
[PollExecuteTaskStatusExecution] c49c6f4e-6a21-4cf0-9f92-c125a8dc9d83 [2026-04-13T19:07:13.099871] password: '55e6938c7d414f3fb516545d23ad3', (STDOUT, APP/TASK/deploy-to-postgresql)#
#2026 04 13 19:07:24.931#Z#DEBUG#be2d3d37-376b-11f1-938a-eeee0a8c9147.BTP_CI_CD_Deployment_CAPM-postgres-deployer#flowable-async-job-executor-thread-20389#
[PollExecuteTaskStatusExecution] c49c6f4e-6a21-4cf0-9f92-c125a8dc9d83 [2026-04-13T19:07:13.099876] hostname: 'postgres-ba329acb-cb7e-475c-b74a-6a3daa78372b.cqryblsdrbcs.us-east-1.rds.amazonaws.com', (STDOUT, APP/TASK/deploy-to-postgresql)#
#2026 04 13 19:07:24.931#Z#DEBUG#be2d3d37-376b-11f1-938a-eeee0a8c9147.BTP_CI_CD_Deployment_CAPM-postgres-deployer#flowable-async-job-executor-thread-20389#
[PollExecuteTaskStatusExecution] c49c6f4e-6a21-4cf0-9f92-c125a8dc9d83 [2026-04-13T19:07:13.099879] dbname: 'BgEevKumUsMP', (STDOUT, APP/TASK/deploy-to-postgresql)#
#2026 04 13 19:07:24.931#Z#DEBUG#be2d3d37-376b-11f1-938a-eeee0a8c9147.BTP_CI_CD_Deployment_CAPM-postgres-deployer#flowable-async-job-executor-thread-20389#
[PollExecuteTaskStatusExecution] c49c6f4e-6a21-4cf0-9f92-c125a8dc9d83 [2026-04-13T19:07:13.099881] port: '6137', (STDOUT, APP/TASK/deploy-to-postgresql)#
#2026 04 13 19:07:24.931#Z#DEBUG#be2d3d37-376b-11f1-938a-eeee0a8c9147.BTP_CI_CD_Deployment_CAPM-postgres-deployer#flowable-async-job-executor-thread-20389#
[PollExecuteTaskStatusExecution] c49c6f4e-6a21-4cf0-9f92-c125a8dc9d83 [2026-04-13T19:07:13.099886] uri: 'postgres://36c89beec156:55e6938c7d414f3fb516545d23ad3@postgres-ba329acb-cb7e-475c-b74a-6a3daa78372b.cqryblsdrbcs.us-east-1.rds.amazonaws.com:6137/BgEevKumUsMP', (STDOUT, APP/TASK/deploy-to-postgresql)#
#2026 04 13 19:07:24.931#Z#DEBUG#be2d3d37-376b-11f1-938a-eeee0a8c9147.BTP_CI_CD_Deployment_CAPM-postgres-deployer#flowable-async-job-executor-thread-20389#
[PollExecuteTaskStatusExecution] c49c6f4e-6a21-4cf0-9f92-c125a8dc9d83 [2026-04-13T19:07:13.099889] urls: { (STDOUT, APP/TASK/deploy-to-postgresql)#
#2026 04 13 19:07:24.931#Z#DEBUG#be2d3d37-376b-11f1-938a-eeee0a8c9147.BTP_CI_CD_Deployment_CAPM-postgres-deployer#flowable-async-job-executor-thread-20389#
[PollExecuteTaskStatusExecution] c49c6f4e-6a21-4cf0-9f92-c125a8dc9d83 [2026-04-13T19:07:13.099893] api_server: 'https://api-backing-services.us10-001.data.services.cloud.sap' (STDOUT, APP/TASK/deploy-to-postgresql)#
#2026 04 13 19:07:24.931#Z#DEBUG#be2d3d37-376b-11f1-938a-eeee0a8c9147.BTP_CI_CD_Deployment_CAPM-postgres-deployer#flowable-async-job-executor-thread-20389#
[PollExecuteTaskStatusExecution] c49c6f4e-6a21-4cf0-9f92-c125a8dc9d83 [2026-04-13T19:07:13.099899] }, (STDOUT, APP/TASK/deploy-to-postgresql)#
#2026 04 13 19:07:24.931#Z#DEBUG#be2d3d37-376b-11f1-938a-eeee0a8c9147.BTP_CI_CD_Deployment_CAPM-postgres-deployer#flowable-async-job-executor-thread-20389#
[PollExecuteTaskStatusExecution] c49c6f4e-6a21-4cf0-9f92-c125a8dc9d83 [2026-04-13T19:07:13.099901] sslcert: '-----BEGIN CERTIFICATE-----\n' + (STDOUT, APP/TASK/deploy-to-postgresql)#
#2026 04 13 19:07:24.931#Z#DEBUG#be2d3d37-376b-11f1-938a-eeee0a8c9147.BTP_CI_CD_Deployment_CAPM-postgres-deployer#flowable-async-job-executor-thread-20389#
[PollExecuteTaskStatusExecution] c49c6f4e-6a21-4cf0-9f92-c125a8dc9d83 [2026-04-13T19:07:13.099908] 'MIID/zCCAuegAwIBAgIRAPVSMfFitmM5PhmbaOFoGfUwDQYJKoZIhvcNAQELBQAw\n' + (STDOUT, APP/TASK/deploy-to-postgresql)#
#2026 04 13 19:07:24.931#Z#DEBUG#be2d3d37-376b-11f1-938a-eeee0a8c9147.BTP_CI_CD_Deployment_CAPM-postgres-deployer#flowable-async-job-executor-thread-20389#
[PollExecuteTaskStatusExecution] c49c6f4e-6a21-4cf0-9f92-c125a8dc9d83 [2026-04-13T19:07:13.099911] 'gZcxCzAJBgNVBAYTAlVTMSIwIAYDVQQKDBlBbWF6b24gV2ViIFNlcnZpY2VzLCBJ\n' + (STDOUT, APP/TASK/deploy-to-postgresql)#
#2026 04 13 19:07:24.931#Z#DEBUG#be2d3d37-376b-11f1-938a-eeee0a8c9147.BTP_CI_CD_Deployment_CAPM-postgres-deployer#flowable-async-job-executor-thread-20389#
[PollExecuteTaskStatusExecution] c49c6f4e-6a21-4cf0-9f92-c125a8dc9d83 [2026-04-13T19:07:13.099914] 'bmMuMRMwEQYDVQQLDApBbWF6b24gUkRTMQswCQYDVQQIDAJXQTEwMC4GA1UEAwwn\n' + (STDOUT, APP/TASK/deploy-to-postgresql)#
#2026 04 13 19:07:24.931#Z#DEBUG#be2d3d37-376b-11f1-938a-eeee0a8c9147.BTP_CI_CD_Deployment_CAPM-postgres-deployer#flowable-async-job-executor-thread-20389#
[PollExecuteTaskStatusExecution] c49c6f4e-6a21-4cf0-9f92-c125a8dc9d83 [2026-04-13T19:07:13.099916] 'QW1hem9uIFJEUyB1cy1lYXN0LTEgUm9vdCBDQSBSU0EyMDQ4IEcxMRAwDgYDVQQH\n' + (STDOUT, APP/TASK/deploy-to-postgresql)#
#2026 04 13 19:07:24.931#Z#DEBUG#be2d3d37-376b-11f1-938a-eeee0a8c9147.BTP_CI_CD_Deployment_CAPM-postgres-deployer#flowable-async-job-executor-thread-20389#
[PollExecuteTaskStatusExecution] c49c6f4e-6a21-4cf0-9f92-c125a8dc9d83 [2026-04-13T19:07:13.099918] 'DAdTZWF0dGxlMCAXDTIxMDUyNTIyMzQ1N1oYDzIwNjEwNTI1MjMzNDU3WjCBlzEL\n' + (STDOUT, APP/TASK/deploy-to-postgresql)#
#2026 04 13 19:07:24.931#Z#DEBUG#be2d3d37-376b-11f1-938a-eeee0a8c9147.BTP_CI_CD_Deployment_CAPM-postgres-deployer#flowable-async-job-executor-thread-20389#
[PollExecuteTaskStatusExecution] c49c6f4e-6a21-4cf0-9f92-c125a8dc9d83 [2026-04-13T19:07:13.099921] 'MAkGA1UEBhMCVVMxIjAgBgNVBAoMGUFtYXpvbiBXZWIgU2VydmljZXMsIEluYy4x\n' + (STDOUT, APP/TASK/deploy-to-postgresql)#
#2026 04 13 19:07:24.931#Z#DEBUG#be2d3d37-376b-11f1-938a-eeee0a8c9147.BTP_CI_CD_Deployment_CAPM-postgres-deployer#flowable-async-job-executor-thread-20389#
[PollExecuteTaskStatusExecution] c49c6f4e-6a21-4cf0-9f92-c125a8dc9d83 [2026-04-13T19:07:13.099923] 'EzARBgNVBAsMCkFtYXpvbiBSRFMxCzAJBgNVBAgMAldBMTAwLgYDVQQDDCdBbWF6\n' + (STDOUT, APP/TASK/deploy-to-postgresql)#
#2026 04 13 19:07:24.931#Z#DEBUG#be2d3d37-376b-11f1-938a-eeee0a8c9147.BTP_CI_CD_Deployment_CAPM-postgres-deployer#flowable-async-job-executor-thread-20389#
[PollExecuteTaskStatusExecution] c49c6f4e-6a21-4cf0-9f92-c125a8dc9d83 [2026-04-13T19:07:13.099925] 'b24gUkRTIHVzLWVhc3QtMSBSb290IENBIFJTQTIwNDggRzExEDAOBgNVBAcMB1Nl\n' + (STDOUT, APP/TASK/deploy-to-postgresql)#
#2026 04 13 19:07:24.931#Z#DEBUG#be2d3d37-376b-11f1-938a-eeee0a8c9147.BTP_CI_CD_Deployment_CAPM-postgres-deployer#flowable-async-job-executor-thread-20389#
[PollExecuteTaskStatusExecution] c49c6f4e-6a21-4cf0-9f92-c125a8dc9d83 [2026-04-13T19:07:13.099928] 'YXR0bGUwggEiMA0GCSqGSIb3DQEBAQUAA4IBDwAwggEKAoIBAQDu9H7TBeGoDzMr\n' + (STDOUT, APP/TASK/deploy-to-postgresql)#
#2026 04 13 19:07:24.931#Z#DEBUG#be2d3d37-376b-11f1-938a-eeee0a8c9147.BTP_CI_CD_Deployment_CAPM-postgres-deployer#flowable-async-job-executor-thread-20389#
[PollExecuteTaskStatusExecution] c49c6f4e-6a21-4cf0-9f92-c125a8dc9d83 [2026-04-13T19:07:13.099930] 'dxN6H8COntJX4IR6dbyhnj5qMD4xl/IWvp50lt0VpmMd+z2PNZzx8RazeGC5IniV\n' + (STDOUT, APP/TASK/deploy-to-postgresql)#
#2026 04 13 19:07:24.931#Z#DEBUG#be2d3d37-376b-11f1-938a-eeee0a8c9147.BTP_CI_CD_Deployment_CAPM-postgres-deployer#flowable-async-job-executor-thread-20389#
[PollExecuteTaskStatusExecution] c49c6f4e-6a21-4cf0-9f92-c125a8dc9d83 [2026-04-13T19:07:13.099932] '5nrLg0AKWRQ2A/lGGXbUrGXCSe09brMQCxWBSIYe1WZZ1iU1IJ/6Bp4D2YEHpXrW\n' + (STDOUT, APP/TASK/deploy-to-postgresql)#
#2026 04 13 19:07:24.931#Z#DEBUG#be2d3d37-376b-11f1-938a-eeee0a8c9147.BTP_CI_CD_Deployment_CAPM-postgres-deployer#flowable-async-job-executor-thread-20389#
[PollExecuteTaskStatusExecution] c49c6f4e-6a21-4cf0-9f92-c125a8dc9d83 [2026-04-13T19:07:13.099934] 'bPkOq5x3YPcsoitgm1Xh8ygz6vb7PsvJvPbvRMnkDg5IqEThapPjmKb8ZJWyEFEE\n' + (STDOUT, APP/TASK/deploy-to-postgresql)#
#2026 04 13 19:07:24.931#Z#DEBUG#be2d3d37-376b-11f1-938a-eeee0a8c9147.BTP_CI_CD_Deployment_CAPM-postgres-deployer#flowable-async-job-executor-thread-20389#
[PollExecuteTaskStatusExecution] c49c6f4e-6a21-4cf0-9f92-c125a8dc9d83 [2026-04-13T19:07:13.099936] 'QRrkCIRueB1EqQtJw0fvP4PKDlCJAKBEs/y049FoOqYpT3pRy0WKqPhWve+hScMd\n' + (STDOUT, APP/TASK/deploy-to-postgresql)#
#2026 04 13 19:07:24.931#Z#DEBUG#be2d3d37-376b-11f1-938a-eeee0a8c9147.BTP_CI_CD_Deployment_CAPM-postgres-deployer#flowable-async-job-executor-thread-20389#
[PollExecuteTaskStatusExecution] c49c6f4e-6a21-4cf0-9f92-c125a8dc9d83 [2026-04-13T19:07:13.099939] '6obq8kxTFy1IHACjHc51nrGII5Bt76/MpTWhnJIJrCnq1/Uc3Qs8IVeb+sLaFC8K\n' + (STDOUT, APP/TASK/deploy-to-postgresql)#
#2026 04 13 19:07:24.931#Z#DEBUG#be2d3d37-376b-11f1-938a-eeee0a8c9147.BTP_CI_CD_Deployment_CAPM-postgres-deployer#flowable-async-job-executor-thread-20389#
[PollExecuteTaskStatusExecution] c49c6f4e-6a21-4cf0-9f92-c125a8dc9d83 [2026-04-13T19:07:13.099942] 'DI69Sw6bAgMBAAGjQjBAMA8GA1UdEwEB/wQFMAMBAf8wHQYDVR0OBBYEFE7PCopt\n' + (STDOUT, APP/TASK/deploy-to-postgresql)#
#2026 04 13 19:07:24.931#Z#DEBUG#be2d3d37-376b-11f1-938a-eeee0a8c9147.BTP_CI_CD_Deployment_CAPM-postgres-deployer#flowable-async-job-executor-thread-20389#
[PollExecuteTaskStatusExecution] c49c6f4e-6a21-4cf0-9f92-c125a8dc9d83 [2026-04-13T19:07:13.099944] 'lyOgtXX0Y1lObBUxuKaCMA4GA1UdDwEB/wQEAwIBhjANBgkqhkiG9w0BAQsFAAOC\n' + (STDOUT, APP/TASK/deploy-to-postgresql)#
#2026 04 13 19:07:24.931#Z#DEBUG#be2d3d37-376b-11f1-938a-eeee0a8c9147.BTP_CI_CD_Deployment_CAPM-postgres-deployer#flowable-async-job-executor-thread-20389#
[PollExecuteTaskStatusExecution] c49c6f4e-6a21-4cf0-9f92-c125a8dc9d83 [2026-04-13T19:07:13.099946] 'AQEAFj+bX8gLmMNefr5jRJfHjrL3iuZCjf7YEZgn89pS4z8408mjj9z6Q5D1H7yS\n' + (STDOUT, APP/TASK/deploy-to-postgresql)#
#2026 04 13 19:07:24.931#Z#DEBUG#be2d3d37-376b-11f1-938a-eeee0a8c9147.BTP_CI_CD_Deployment_CAPM-postgres-deployer#flowable-async-job-executor-thread-20389#
[PollExecuteTaskStatusExecution] c49c6f4e-6a21-4cf0-9f92-c125a8dc9d83 [2026-04-13T19:07:13.099949] 'jNETVV8QaJip1qyhh5gRzRaArgGAYvi2/r0zPsy+Tgf7v1KGL5Lh8NT8iCEGGXwF\n' + (STDOUT, APP/TASK/deploy-to-postgresql)#
#2026 04 13 19:07:24.931#Z#DEBUG#be2d3d37-376b-11f1-938a-eeee0a8c9147.BTP_CI_CD_Deployment_CAPM-postgres-deployer#flowable-async-job-executor-thread-20389#
[PollExecuteTaskStatusExecution] c49c6f4e-6a21-4cf0-9f92-c125a8dc9d83 [2026-04-13T19:07:13.099951] 'g3Ir+Nl3e+9XUp0eyyzBIjHtjLBm6yy8rGk9p6OtFDQnKF5OxwbAgip42CD75r/q\n' + (STDOUT, APP/TASK/deploy-to-postgresql)#
#2026 04 13 19:07:24.931#Z#DEBUG#be2d3d37-376b-11f1-938a-eeee0a8c9147.BTP_CI_CD_Deployment_CAPM-postgres-deployer#flowable-async-job-executor-thread-20389#
[PollExecuteTaskStatusExecution] c49c6f4e-6a21-4cf0-9f92-c125a8dc9d83 [2026-04-13T19:07:13.099955] 'p421maEDDvvRFR4D+99JZxgAYDBGqRRceUoe16qDzbMvlz0A9paCZFclxeftAxv6\n' + (STDOUT, APP/TASK/deploy-to-postgresql)#
#2026 04 13 19:07:24.931#Z#DEBUG#be2d3d37-376b-11f1-938a-eeee0a8c9147.BTP_CI_CD_Deployment_CAPM-postgres-deployer#flowable-async-job-executor-thread-20389#
[PollExecuteTaskStatusExecution] c49c6f4e-6a21-4cf0-9f92-c125a8dc9d83 [2026-04-13T19:07:13.099957] 'QlR5rItMz/XdzpBJUpYhdzM0gCzAzdQuVO5tjJxmXhkSMcDP+8Q+Uv6FA9k2VpUV\n' + (STDOUT, APP/TASK/deploy-to-postgresql)#
#2026 04 13 19:07:24.931#Z#DEBUG#be2d3d37-376b-11f1-938a-eeee0a8c9147.BTP_CI_CD_Deployment_CAPM-postgres-deployer#flowable-async-job-executor-thread-20389#
[PollExecuteTaskStatusExecution] c49c6f4e-6a21-4cf0-9f92-c125a8dc9d83 [2026-04-13T19:07:13.099961] 'E/O5jgpqUJJ2Hc/5rs9VkAPXeA==\n' + (STDOUT, APP/TASK/deploy-to-postgresql)#
#2026 04 13 19:07:24.931#Z#DEBUG#be2d3d37-376b-11f1-938a-eeee0a8c9147.BTP_CI_CD_Deployment_CAPM-postgres-deployer#flowable-async-job-executor-thread-20389#
[PollExecuteTaskStatusExecution] c49c6f4e-6a21-4cf0-9f92-c125a8dc9d83 [2026-04-13T19:07:13.099965] '-----END CERTIFICATE-----\n' + (STDOUT, APP/TASK/deploy-to-postgresql)#
#2026 04 13 19:07:24.931#Z#DEBUG#be2d3d37-376b-11f1-938a-eeee0a8c9147.BTP_CI_CD_Deployment_CAPM-postgres-deployer#flowable-async-job-executor-thread-20389#
[PollExecuteTaskStatusExecution] c49c6f4e-6a21-4cf0-9f92-c125a8dc9d83 [2026-04-13T19:07:13.099967] '-----BEGIN CERTIFICATE-----\n' + (STDOUT, APP/TASK/deploy-to-postgresql)#
#2026 04 13 19:07:24.931#Z#DEBUG#be2d3d37-376b-11f1-938a-eeee0a8c9147.BTP_CI_CD_Deployment_CAPM-postgres-deployer#flowable-async-job-executor-thread-20389#
[PollExecuteTaskStatusExecution] c49c6f4e-6a21-4cf0-9f92-c125a8dc9d83 [2026-04-13T19:07:13.099969] 'MIIF/jCCA+agAwIBAgIQaRHaEqqacXN20e8zZJtmDDANBgkqhkiG9w0BAQwFADCB\n' + (STDOUT, APP/TASK/deploy-to-postgresql)#
#2026 04 13 19:07:24.931#Z#DEBUG#be2d3d37-376b-11f1-938a-eeee0a8c9147.BTP_CI_CD_Deployment_CAPM-postgres-deployer#flowable-async-job-executor-thread-20389#
[PollExecuteTaskStatusExecution] c49c6f4e-6a21-4cf0-9f92-c125a8dc9d83 [2026-04-13T19:07:13.099985] 'lzELMAkGA1UEBhMCVVMxIjAgBgNVBAoMGUFtYXpvbiBXZWIgU2VydmljZXMsIElu\n' + (STDOUT, APP/TASK/deploy-to-postgresql)#
#2026 04 13 19:07:24.931#Z#DEBUG#be2d3d37-376b-11f1-938a-eeee0a8c9147.BTP_CI_CD_Deployment_CAPM-postgres-deployer#flowable-async-job-executor-thread-20389#
[PollExecuteTaskStatusExecution] c49c6f4e-6a21-4cf0-9f92-c125a8dc9d83 [2026-04-13T19:07:13.099989] 'Yy4xEzARBgNVBAsMCkFtYXpvbiBSRFMxCzAJBgNVBAgMAldBMTAwLgYDVQQDDCdB\n' + (STDOUT, APP/TASK/deploy-to-postgresql)#
#2026 04 13 19:07:24.931#Z#DEBUG#be2d3d37-376b-11f1-938a-eeee0a8c9147.BTP_CI_CD_Deployment_CAPM-postgres-deployer#flowable-async-job-executor-thread-20389#
[PollExecuteTaskStatusExecution] c49c6f4e-6a21-4cf0-9f92-c125a8dc9d83 [2026-04-13T19:07:13.099991] 'bWF6b24gUkRTIHVzLWVhc3QtMSBSb290IENBIFJTQTQwOTYgRzExEDAOBgNVBAcM\n' + (STDOUT, APP/TASK/deploy-to-postgresql)#
#2026 04 13 19:07:24.931#Z#DEBUG#be2d3d37-376b-11f1-938a-eeee0a8c9147.BTP_CI_CD_Deployment_CAPM-postgres-deployer#flowable-async-job-executor-thread-20389#
[PollExecuteTaskStatusExecution] c49c6f4e-6a21-4cf0-9f92-c125a8dc9d83 [2026-04-13T19:07:13.099994] 'B1NlYXR0bGUwIBcNMjEwNTI1MjIzODM1WhgPMjEyMTA1MjUyMzM4MzVaMIGXMQsw\n' + (STDOUT, APP/TASK/deploy-to-postgresql)#
#2026 04 13 19:07:24.931#Z#DEBUG#be2d3d37-376b-11f1-938a-eeee0a8c9147.BTP_CI_CD_Deployment_CAPM-postgres-deployer#flowable-async-job-executor-thread-20389#
[PollExecuteTaskStatusExecution] c49c6f4e-6a21-4cf0-9f92-c125a8dc9d83 [2026-04-13T19:07:13.099996] 'CQYDVQQGEwJVUzEiMCAGA1UECgwZQW1hem9uIFdlYiBTZXJ2aWNlcywgSW5jLjET\n' + (STDOUT, APP/TASK/deploy-to-postgresql)#
#2026 04 13 19:07:24.931#Z#DEBUG#be2d3d37-376b-11f1-938a-eeee0a8c9147.BTP_CI_CD_Deployment_CAPM-postgres-deployer#flowable-async-job-executor-thread-20389#
[PollExecuteTaskStatusExecution] c49c6f4e-6a21-4cf0-9f92-c125a8dc9d83 [2026-04-13T19:07:13.100] 'MBEGA1UECwwKQW1hem9uIFJEUzELMAkGA1UECAwCV0ExMDAuBgNVBAMMJ0FtYXpv\n' + (STDOUT, APP/TASK/deploy-to-postgresql)#
#2026 04 13 19:07:24.931#Z#DEBUG#be2d3d37-376b-11f1-938a-eeee0a8c9147.BTP_CI_CD_Deployment_CAPM-postgres-deployer#flowable-async-job-executor-thread-20389#
[PollExecuteTaskStatusExecution] c49c6f4e-6a21-4cf0-9f92-c125a8dc9d83 [2026-04-13T19:07:13.100003] 'biBSRFMgdXMtZWFzdC0xIFJvb3QgQ0EgUlNBNDA5NiBHMTEQMA4GA1UEBwwHU2Vh\n' + (STDOUT, APP/TASK/deploy-to-postgresql)#
#2026 04 13 19:07:24.931#Z#DEBUG#be2d3d37-376b-11f1-938a-eeee0a8c9147.BTP_CI_CD_Deployment_CAPM-postgres-deployer#flowable-async-job-executor-thread-20389#
[PollExecuteTaskStatusExecution] c49c6f4e-6a21-4cf0-9f92-c125a8dc9d83 [2026-04-13T19:07:13.100006] 'dHRsZTCCAiIwDQYJKoZIhvcNAQEBBQADggIPADCCAgoCggIBAInfBCaHuvj6Rb5c\n' + (STDOUT, APP/TASK/deploy-to-postgresql)#
#2026 04 13 19:07:24.931#Z#DEBUG#be2d3d37-376b-11f1-938a-eeee0a8c9147.BTP_CI_CD_Deployment_CAPM-postgres-deployer#flowable-async-job-executor-thread-20389#
[PollExecuteTaskStatusExecution] c49c6f4e-6a21-4cf0-9f92-c125a8dc9d83 [2026-04-13T19:07:13.100008] 'L5Wmn1jv2PHtEGMHm+7Z8dYosdwouG8VG2A+BCYCZfij9lIGszrTXkY4O7vnXgru\n' + (STDOUT, APP/TASK/deploy-to-postgresql)#
#2026 04 13 19:07:24.931#Z#DEBUG#be2d3d37-376b-11f1-938a-eeee0a8c9147.BTP_CI_CD_Deployment_CAPM-postgres-deployer#flowable-async-job-executor-thread-20389#
[PollExecuteTaskStatusExecution] c49c6f4e-6a21-4cf0-9f92-c125a8dc9d83 [2026-04-13T19:07:13.100011] 'JUNdxh0Q3M83p4X+bg+gODUs3jf+Z3Oeq7nTOk/2UYvQLcxP4FEXILxDInbQFcIx\n' + (STDOUT, APP/TASK/deploy-to-postgresql)#
#2026 04 13 19:07:24.931#Z#DEBUG#be2d3d37-376b-11f1-938a-eeee0a8c9147.BTP_CI_CD_Deployment_CAPM-postgres-deployer#flowable-async-job-executor-thread-20389#
[PollExecuteTaskStatusExecution] c49c6f4e-6a21-4cf0-9f92-c125a8dc9d83 [2026-04-13T19:07:13.100013] 'yen1ESHggGrjEodgn6nbKQNRfIhjhW+TKYaewfsVWH7EF2pfj+cjbJ6njjgZ0/M9\n' + (STDOUT, APP/TASK/deploy-to-postgresql)#
#2026 04 13 19:07:24.931#Z#DEBUG#be2d3d37-376b-11f1-938a-eeee0a8c9147.BTP_CI_CD_Deployment_CAPM-postgres-deployer#flowable-async-job-executor-thread-20389#
[PollExecuteTaskStatusExecution] c49c6f4e-6a21-4cf0-9f92-c125a8dc9d83 [2026-04-13T19:07:13.100015] 'VZifJFBgat6XUTOf3jwHwkCBh7T6rDpgy19A61laImJCQhdTnHKvzTpxcxiLRh69\n' + (STDOUT, APP/TASK/deploy-to-postgresql)#
#2026 04 13 19:07:24.931#Z#DEBUG#be2d3d37-376b-11f1-938a-eeee0a8c9147.BTP_CI_CD_Deployment_CAPM-postgres-deployer#flowable-async-job-executor-thread-20389#
[PollExecuteTaskStatusExecution] c49c6f4e-6a21-4cf0-9f92-c125a8dc9d83 [2026-04-13T19:07:13.100018] 'ZObypR7W04OAUmFS88V7IotlPmCL8xf7kwxG+gQfvx31+A9IDMsiTqJ1Cc4fYEKg\n' + (STDOUT, APP/TASK/deploy-to-postgresql)#
#2026 04 13 19:07:24.931#Z#DEBUG#be2d3d37-376b-11f1-938a-eeee0a8c9147.BTP_CI_CD_Deployment_CAPM-postgres-deployer#flowable-async-job-executor-thread-20389#
[PollExecuteTaskStatusExecution] c49c6f4e-6a21-4cf0-9f92-c125a8dc9d83 [2026-04-13T19:07:13.100020] 'bL+Vo+2Ii4W2esCTGVYmHm73drznfeKwL+kmIC/Bq+DrZ+veTqKFYwSkpHRyJCEe\n' + (STDOUT, APP/TASK/deploy-to-postgresql)#
#2026 04 13 19:07:24.931#Z#DEBUG#be2d3d37-376b-11f1-938a-eeee0a8c9147.BTP_CI_CD_Deployment_CAPM-postgres-deployer#flowable-async-job-executor-thread-20389#
[PollExecuteTaskStatusExecution] c49c6f4e-6a21-4cf0-9f92-c125a8dc9d83 [2026-04-13T19:07:13.100023] 'U4Zym6POqQ/4LBSKwDUhWLJIlq99bjKX+hNTJykB+Lbcx0ScOP4IAZQoxmDxGWxN\n' + (STDOUT, APP/TASK/deploy-to-postgresql)#
#2026 04 13 19:07:24.931#Z#DEBUG#be2d3d37-376b-11f1-938a-eeee0a8c9147.BTP_CI_CD_Deployment_CAPM-postgres-deployer#flowable-async-job-executor-thread-20389#
[PollExecuteTaskStatusExecution] c49c6f4e-6a21-4cf0-9f92-c125a8dc9d83 [2026-04-13T19:07:13.100025] 'S+lQj+Cx2pwU3S/7+OxlRndZAX/FKgk7xSMkg88HykUZaZ/ozIiqJqSnGpgXCtED\n' + (STDOUT, APP/TASK/deploy-to-postgresql)#
#2026 04 13 19:07:24.931#Z#DEBUG#be2d3d37-376b-11f1-938a-eeee0a8c9147.BTP_CI_CD_Deployment_CAPM-postgres-deployer#flowable-async-job-executor-thread-20389#
[PollExecuteTaskStatusExecution] c49c6f4e-6a21-4cf0-9f92-c125a8dc9d83 [2026-04-13T19:07:13.100027] 'oQ4OJw5ozAr+/wudOawaMwUWQl5asD8fuy/hl5S1nv9XxIc842QJOtJFxhyeMIXt\n' + (STDOUT, APP/TASK/deploy-to-postgresql)#
#2026 04 13 19:07:24.931#Z#DEBUG#be2d3d37-376b-11f1-938a-eeee0a8c9147.BTP_CI_CD_Deployment_CAPM-postgres-deployer#flowable-async-job-executor-thread-20389#
[PollExecuteTaskStatusExecution] c49c6f4e-6a21-4cf0-9f92-c125a8dc9d83 [2026-04-13T19:07:13.100029] 'LVECVw/dPekhMjS3Zo3wwRgYbnKG7YXXT5WMxJEnHu8+cYpMiRClzq2BEP6/MtI2\n' + (STDOUT, APP/TASK/deploy-to-postgresql)#
#2026 04 13 19:07:24.931#Z#DEBUG#be2d3d37-376b-11f1-938a-eeee0a8c9147.BTP_CI_CD_Deployment_CAPM-postgres-deployer#flowable-async-job-executor-thread-20389#
[PollExecuteTaskStatusExecution] c49c6f4e-6a21-4cf0-9f92-c125a8dc9d83 [2026-04-13T19:07:13.100039] 'AZQQUFu2yFjRGL2OZA6IYjxnXYiRAgMBAAGjQjBAMA8GA1UdEwEB/wQFMAMBAf8w\n' + (STDOUT, APP/TASK/deploy-to-postgresql)#
#2026 04 13 19:07:24.931#Z#DEBUG#be2d3d37-376b-11f1-938a-eeee0a8c9147.BTP_CI_CD_Deployment_CAPM-postgres-deployer#flowable-async-job-executor-thread-20389#
[PollExecuteTaskStatusExecution] c49c6f4e-6a21-4cf0-9f92-c125a8dc9d83 [2026-04-13T19:07:13.100044] 'HQYDVR0OBBYEFADCcQCPX2HmkqQcmuHfiQ2jjqnrMA4GA1UdDwEB/wQEAwIBhjAN\n' + (STDOUT, APP/TASK/deploy-to-postgresql)#
#2026 04 13 19:07:24.931#Z#DEBUG#be2d3d37-376b-11f1-938a-eeee0a8c9147.BTP_CI_CD_Deployment_CAPM-postgres-deployer#flowable-async-job-executor-thread-20389#
[PollExecuteTaskStatusExecution] c49c6f4e-6a21-4cf0-9f92-c125a8dc9d83 [2026-04-13T19:07:13.100047] 'BgkqhkiG9w0BAQwFAAOCAgEASXkGQ2eUmudIKPeOIF7RBryCoPmMOsqP0+1qxF8l\n' + (STDOUT, APP/TASK/deploy-to-postgresql)#
#2026 04 13 19:07:24.931#Z#DEBUG#be2d3d37-376b-11f1-938a-eeee0a8c9147.BTP_CI_CD_Deployment_CAPM-postgres-deployer#flowable-async-job-executor-thread-20389#
[PollExecuteTaskStatusExecution] c49c6f4e-6a21-4cf0-9f92-c125a8dc9d83 [2026-04-13T19:07:13.100049] 'pGkwmrgNDGpmd9s0ArfIVBTc1jmpgB3oiRW9c6n2OmwBKL4UPuQ8O3KwSP0iD2sZ\n' + (STDOUT, APP/TASK/deploy-to-postgresql)#
#2026 04 13 19:07:24.931#Z#DEBUG#be2d3d37-376b-11f1-938a-eeee0a8c9147.BTP_CI_CD_Deployment_CAPM-postgres-deployer#flowable-async-job-executor-thread-20389#
[PollExecuteTaskStatusExecution] c49c6f4e-6a21-4cf0-9f92-c125a8dc9d83 [2026-04-13T19:07:13.100051] 'KMXoMEyphCEzW1I2GRvYDugL3Z9MWrnHkoaoH2l8YyTYvszTvdgxBPpM2x4pSkp+\n' + (STDOUT, APP/TASK/deploy-to-postgresql)#
#2026 04 13 19:07:24.931#Z#DEBUG#be2d3d37-376b-11f1-938a-eeee0a8c9147.BTP_CI_CD_Deployment_CAPM-postgres-deployer#flowable-async-job-executor-thread-20389#
[PollExecuteTaskStatusExecution] c49c6f4e-6a21-4cf0-9f92-c125a8dc9d83 [2026-04-13T19:07:13.100054] '76d4/eRpJ5mVuQ93nC+YG0wXCxSq63hX4kyZgPxgCdAA+qgFfKIGyNqUIqWgeyTP\n' + (STDOUT, APP/TASK/deploy-to-postgresql)#
#2026 04 13 19:07:24.931#Z#DEBUG#be2d3d37-376b-11f1-938a-eeee0a8c9147.BTP_CI_CD_Deployment_CAPM-postgres-deployer#flowable-async-job-executor-thread-20389#
[PollExecuteTaskStatusExecution] c49c6f4e-6a21-4cf0-9f92-c125a8dc9d83 [2026-04-13T19:07:13.100057] 'n5OgKaboYk2141Rf2hGMD3/hsGm0rrJh7g3C0ZirPws3eeJfulvAOIy2IZzqHUSY\n' + (STDOUT, APP/TASK/deploy-to-postgresql)#
#2026 04 13 19:07:24.931#Z#DEBUG#be2d3d37-376b-11f1-938a-eeee0a8c9147.BTP_CI_CD_Deployment_CAPM-postgres-deployer#flowable-async-job-executor-thread-20389#
[PollExecuteTaskStatusExecution] c49c6f4e-6a21-4cf0-9f92-c125a8dc9d83 [2026-04-13T19:07:13.100059] 'jkFzraz6LEH3IlArT3jUPvWKqvh2lJWnnp56aqxBR7qHH5voD49UpJWY1K0BjGnS\n' + (STDOUT, APP/TASK/deploy-to-postgresql)#
#2026 04 13 19:07:24.931#Z#DEBUG#be2d3d37-376b-11f1-938a-eeee0a8c9147.BTP_CI_CD_Deployment_CAPM-postgres-deployer#flowable-async-job-executor-thread-20389#
[PollExecuteTaskStatusExecution] c49c6f4e-6a21-4cf0-9f92-c125a8dc9d83 [2026-04-13T19:07:13.100061] 'OHcurpp0Yt/BIs4VZeWdCZwI7JaSeDcPMaMDBvND3Ia5Fga0thgYQTG6dE+N5fgF\n' + (STDOUT, APP/TASK/deploy-to-postgresql)#
#2026 04 13 19:07:24.931#Z#DEBUG#be2d3d37-376b-11f1-938a-eeee0a8c9147.BTP_CI_CD_Deployment_CAPM-postgres-deployer#flowable-async-job-executor-thread-20389#
[PollExecuteTaskStatusExecution] c49c6f4e-6a21-4cf0-9f92-c125a8dc9d83 [2026-04-13T19:07:13.100065] 'z+hRaujXO2nb0LmddVyvE8prYlWRMuYFv+Co8hcMdJ0lEZlfVNu0jbm9/GmwAZ+l\n' + (STDOUT, APP/TASK/deploy-to-postgresql)#
#2026 04 13 19:07:24.931#Z#DEBUG#be2d3d37-376b-11f1-938a-eeee0a8c9147.BTP_CI_CD_Deployment_CAPM-postgres-deployer#flowable-async-job-executor-thread-20389#
[PollExecuteTaskStatusExecution] c49c6f4e-6a21-4cf0-9f92-c125a8dc9d83 [2026-04-13T19:07:13.100067] '9umeYO9yz/uC7edC8XJBglMAKUmVK9wNtOckUWAcCfnPWYLbYa/PqtXBYcxrso5j\n' + (STDOUT, APP/TASK/deploy-to-postgresql)#
#2026 04 13 19:07:24.931#Z#DEBUG#be2d3d37-376b-11f1-938a-eeee0a8c9147.BTP_CI_CD_Deployment_CAPM-postgres-deployer#flowable-async-job-executor-thread-20389#
[PollExecuteTaskStatusExecution] c49c6f4e-6a21-4cf0-9f92-c125a8dc9d83 [2026-04-13T19:07:13.100069] 'iaS/A7iEW51uteHBGrViCy1afGG+hiUWwFlesli+Rq4dNstX3h6h2baWABaAxEVJ\n' + (STDOUT, APP/TASK/deploy-to-postgresql)#
#2026 04 13 19:07:24.931#Z#DEBUG#be2d3d37-376b-11f1-938a-eeee0a8c9147.BTP_CI_CD_Deployment_CAPM-postgres-deployer#flowable-async-job-executor-thread-20389#
[PollExecuteTaskStatusExecution] c49c6f4e-6a21-4cf0-9f92-c125a8dc9d83 [2026-04-13T19:07:13.100071] 'y1RnTQSz6mROT1VmZSgSVO37rgIyY0Hf0872ogcTS+FfvXgBxCxsNWEbiQ/XXva4\n' + (STDOUT, APP/TASK/deploy-to-postgresql)#
#2026 04 13 19:07:24.931#Z#DEBUG#be2d3d37-376b-11f1-938a-eeee0a8c9147.BTP_CI_CD_Deployment_CAPM-postgres-deployer#flowable-async-job-executor-thread-20389#
[PollExecuteTaskStatusExecution] c49c6f4e-6a21-4cf0-9f92-c125a8dc9d83 [2026-04-13T19:07:13.100074] '0Ws=\n' + (STDOUT, APP/TASK/deploy-to-postgresql)#
#2026 04 13 19:07:24.931#Z#DEBUG#be2d3d37-376b-11f1-938a-eeee0a8c9147.BTP_CI_CD_Deployment_CAPM-postgres-deployer#flowable-async-job-executor-thread-20389#
[PollExecuteTaskStatusExecution] c49c6f4e-6a21-4cf0-9f92-c125a8dc9d83 [2026-04-13T19:07:13.100078] '-----END CERTIFICATE-----\n' + (STDOUT, APP/TASK/deploy-to-postgresql)#
#2026 04 13 19:07:24.931#Z#DEBUG#be2d3d37-376b-11f1-938a-eeee0a8c9147.BTP_CI_CD_Deployment_CAPM-postgres-deployer#flowable-async-job-executor-thread-20389#
[PollExecuteTaskStatusExecution] c49c6f4e-6a21-4cf0-9f92-c125a8dc9d83 [2026-04-13T19:07:13.100080] '-----BEGIN CERTIFICATE-----\n' + (STDOUT, APP/TASK/deploy-to-postgresql)#
#2026 04 13 19:07:24.931#Z#DEBUG#be2d3d37-376b-11f1-938a-eeee0a8c9147.BTP_CI_CD_Deployment_CAPM-postgres-deployer#flowable-async-job-executor-thread-20389#
[PollExecuteTaskStatusExecution] c49c6f4e-6a21-4cf0-9f92-c125a8dc9d83 [2026-04-13T19:07:13.100082] 'MIICrjCCAjSgAwIBAgIRAPAlEk8VJPmEzVRRaWvTh2AwCgYIKoZIzj0EAwMwgZYx\n' + (STDOUT, APP/TASK/deploy-to-postgresql)#
#2026 04 13 19:07:24.931#Z#DEBUG#be2d3d37-376b-11f1-938a-eeee0a8c9147.BTP_CI_CD_Deployment_CAPM-postgres-deployer#flowable-async-job-executor-thread-20389#
[PollExecuteTaskStatusExecution] c49c6f4e-6a21-4cf0-9f92-c125a8dc9d83 [2026-04-13T19:07:13.100084] 'CzAJBgNVBAYTAlVTMSIwIAYDVQQKDBlBbWF6b24gV2ViIFNlcnZpY2VzLCBJbmMu\n' + (STDOUT, APP/TASK/deploy-to-postgresql)#
#2026 04 13 19:07:24.931#Z#DEBUG#be2d3d37-376b-11f1-938a-eeee0a8c9147.BTP_CI_CD_Deployment_CAPM-postgres-deployer#flowable-async-job-executor-thread-20389#
[PollExecuteTaskStatusExecution] c49c6f4e-6a21-4cf0-9f92-c125a8dc9d83 [2026-04-13T19:07:13.100086] 'MRMwEQYDVQQLDApBbWF6b24gUkRTMQswCQYDVQQIDAJXQTEvMC0GA1UEAwwmQW1h\n' + (STDOUT, APP/TASK/deploy-to-postgresql)#
#2026 04 13 19:07:24.931#Z#DEBUG#be2d3d37-376b-11f1-938a-eeee0a8c9147.BTP_CI_CD_Deployment_CAPM-postgres-deployer#flowable-async-job-executor-thread-20389#
[PollExecuteTaskStatusExecution] c49c6f4e-6a21-4cf0-9f92-c125a8dc9d83 [2026-04-13T19:07:13.100089] 'em9uIFJEUyB1cy1lYXN0LTEgUm9vdCBDQSBFQ0MzODQgRzExEDAOBgNVBAcMB1Nl\n' + (STDOUT, APP/TASK/deploy-to-postgresql)#
#2026 04 13 19:07:24.931#Z#DEBUG#be2d3d37-376b-11f1-938a-eeee0a8c9147.BTP_CI_CD_Deployment_CAPM-postgres-deployer#flowable-async-job-executor-thread-20389#
[PollExecuteTaskStatusExecution] c49c6f4e-6a21-4cf0-9f92-c125a8dc9d83 [2026-04-13T19:07:13.100091] 'YXR0bGUwIBcNMjEwNTI1MjI0MTU1WhgPMjEyMTA1MjUyMzQxNTVaMIGWMQswCQYD\n' + (STDOUT, APP/TASK/deploy-to-postgresql)#
#2026 04 13 19:07:24.931#Z#DEBUG#be2d3d37-376b-11f1-938a-eeee0a8c9147.BTP_CI_CD_Deployment_CAPM-postgres-deployer#flowable-async-job-executor-thread-20389#
[PollExecuteTaskStatusExecution] c49c6f4e-6a21-4cf0-9f92-c125a8dc9d83 [2026-04-13T19:07:13.100093] 'VQQGEwJVUzEiMCAGA1UECgwZQW1hem9uIFdlYiBTZXJ2aWNlcywgSW5jLjETMBEG\n' + (STDOUT, APP/TASK/deploy-to-postgresql)#
#2026 04 13 19:07:24.931#Z#DEBUG#be2d3d37-376b-11f1-938a-eeee0a8c9147.BTP_CI_CD_Deployment_CAPM-postgres-deployer#flowable-async-job-executor-thread-20389#
[PollExecuteTaskStatusExecution] c49c6f4e-6a21-4cf0-9f92-c125a8dc9d83 [2026-04-13T19:07:13.100096] 'A1UECwwKQW1hem9uIFJEUzELMAkGA1UECAwCV0ExLzAtBgNVBAMMJkFtYXpvbiBS\n' + (STDOUT, APP/TASK/deploy-to-postgresql)#
#2026 04 13 19:07:24.931#Z#DEBUG#be2d3d37-376b-11f1-938a-eeee0a8c9147.BTP_CI_CD_Deployment_CAPM-postgres-deployer#flowable-async-job-executor-thread-20389#
[PollExecuteTaskStatusExecution] c49c6f4e-6a21-4cf0-9f92-c125a8dc9d83 [2026-04-13T19:07:13.100099] 'RFMgdXMtZWFzdC0xIFJvb3QgQ0EgRUNDMzg0IEcxMRAwDgYDVQQHDAdTZWF0dGxl\n' + (STDOUT, APP/TASK/deploy-to-postgresql)#
#2026 04 13 19:07:24.931#Z#DEBUG#be2d3d37-376b-11f1-938a-eeee0a8c9147.BTP_CI_CD_Deployment_CAPM-postgres-deployer#flowable-async-job-executor-thread-20389#
[PollExecuteTaskStatusExecution] c49c6f4e-6a21-4cf0-9f92-c125a8dc9d83 [2026-04-13T19:07:13.100102] 'MHYwEAYHKoZIzj0CAQYFK4EEACIDYgAEx5xjrup8II4HOJw15NTnS3H5yMrQGlbj\n' + (STDOUT, APP/TASK/deploy-to-postgresql)#
#2026 04 13 19:07:24.931#Z#DEBUG#be2d3d37-376b-11f1-938a-eeee0a8c9147.BTP_CI_CD_Deployment_CAPM-postgres-deployer#flowable-async-job-executor-thread-20389#
[PollExecuteTaskStatusExecution] c49c6f4e-6a21-4cf0-9f92-c125a8dc9d83 [2026-04-13T19:07:13.100104] 'EDA5MMGnE9DmHp5dACIxmPXPMe/99nO7wNdl7G71OYPCgEvWm0FhdvVUeTb3LVnV\n' + (STDOUT, APP/TASK/deploy-to-postgresql)#
#2026 04 13 19:07:24.931#Z#DEBUG#be2d3d37-376b-11f1-938a-eeee0a8c9147.BTP_CI_CD_Deployment_CAPM-postgres-deployer#flowable-async-job-executor-thread-20389#
[PollExecuteTaskStatusExecution] c49c6f4e-6a21-4cf0-9f92-c125a8dc9d83 [2026-04-13T19:07:13.100107] 'BnaXt32Ek7/oxGk1T+Df03C+W0vmuJ+wo0IwQDAPBgNVHRMBAf8EBTADAQH/MB0G\n' + (STDOUT, APP/TASK/deploy-to-postgresql)#
#2026 04 13 19:07:24.931#Z#DEBUG#be2d3d37-376b-11f1-938a-eeee0a8c9147.BTP_CI_CD_Deployment_CAPM-postgres-deployer#flowable-async-job-executor-thread-20389#
[PollExecuteTaskStatusExecution] c49c6f4e-6a21-4cf0-9f92-c125a8dc9d83 [2026-04-13T19:07:13.100109] 'A1UdDgQWBBTGXmqBWN/1tkSea4pNw0oHrjk2UDAOBgNVHQ8BAf8EBAMCAYYwCgYI\n' + (STDOUT, APP/TASK/deploy-to-postgresql)#
#2026 04 13 19:07:24.931#Z#DEBUG#be2d3d37-376b-11f1-938a-eeee0a8c9147.BTP_CI_CD_Deployment_CAPM-postgres-deployer#flowable-async-job-executor-thread-20389#
[PollExecuteTaskStatusExecution] c49c6f4e-6a21-4cf0-9f92-c125a8dc9d83 [2026-04-13T19:07:13.100113] 'KoZIzj0EAwMDaAAwZQIxAIqqZWCSrIkZ7zsv/FygtAusW6yvlL935YAWYPVXU30m\n' + (STDOUT, APP/TASK/deploy-to-postgresql)#
#2026 04 13 19:07:24.931#Z#DEBUG#be2d3d37-376b-11f1-938a-eeee0a8c9147.BTP_CI_CD_Deployment_CAPM-postgres-deployer#flowable-async-job-executor-thread-20389#
[PollExecuteTaskStatusExecution] c49c6f4e-6a21-4cf0-9f92-c125a8dc9d83 [2026-04-13T19:07:13.100115] 'jkMFLM+/RJ9GMvnO8jHfCgIwB+whlkcItzE9CRQ6CsMo/d5cEHDUu/QW6jSIh9BR\n' + (STDOUT, APP/TASK/deploy-to-postgresql)#
#2026 04 13 19:07:24.931#Z#DEBUG#be2d3d37-376b-11f1-938a-eeee0a8c9147.BTP_CI_CD_Deployment_CAPM-postgres-deployer#flowable-async-job-executor-thread-20389#
[PollExecuteTaskStatusExecution] c49c6f4e-6a21-4cf0-9f92-c125a8dc9d83 [2026-04-13T19:07:13.100118] 'OGh9pTYPVkUbBiKPA7lVVhre\n' + (STDOUT, APP/TASK/deploy-to-postgresql)#
#2026 04 13 19:07:24.931#Z#DEBUG#be2d3d37-376b-11f1-938a-eeee0a8c9147.BTP_CI_CD_Deployment_CAPM-postgres-deployer#flowable-async-job-executor-thread-20389#
[PollExecuteTaskStatusExecution] c49c6f4e-6a21-4cf0-9f92-c125a8dc9d83 [2026-04-13T19:07:13.100121] '-----END CERTIFICATE-----\n', (STDOUT, APP/TASK/deploy-to-postgresql)#
#2026 04 13 19:07:24.931#Z#DEBUG#be2d3d37-376b-11f1-938a-eeee0a8c9147.BTP_CI_CD_Deployment_CAPM-postgres-deployer#flowable-async-job-executor-thread-20389#
[PollExecuteTaskStatusExecution] c49c6f4e-6a21-4cf0-9f92-c125a8dc9d83 [2026-04-13T19:07:13.100125] sslrootcert: '-----BEGIN CERTIFICATE-----\n' + (STDOUT, APP/TASK/deploy-to-postgresql)#
#2026 04 13 19:07:24.931#Z#DEBUG#be2d3d37-376b-11f1-938a-eeee0a8c9147.BTP_CI_CD_Deployment_CAPM-postgres-deployer#flowable-async-job-executor-thread-20389#
[PollExecuteTaskStatusExecution] c49c6f4e-6a21-4cf0-9f92-c125a8dc9d83 [2026-04-13T19:07:13.100128] 'MIID/zCCAuegAwIBAgIRAPVSMfFitmM5PhmbaOFoGfUwDQYJKoZIhvcNAQELBQAw\n' + (STDOUT, APP/TASK/deploy-to-postgresql)#
#2026 04 13 19:07:24.931#Z#DEBUG#be2d3d37-376b-11f1-938a-eeee0a8c9147.BTP_CI_CD_Deployment_CAPM-postgres-deployer#flowable-async-job-executor-thread-20389#
[PollExecuteTaskStatusExecution] c49c6f4e-6a21-4cf0-9f92-c125a8dc9d83 [2026-04-13T19:07:13.100130] 'gZcxCzAJBgNVBAYTAlVTMSIwIAYDVQQKDBlBbWF6b24gV2ViIFNlcnZpY2VzLCBJ\n' + (STDOUT, APP/TASK/deploy-to-postgresql)#
#2026 04 13 19:07:24.931#Z#DEBUG#be2d3d37-376b-11f1-938a-eeee0a8c9147.BTP_CI_CD_Deployment_CAPM-postgres-deployer#flowable-async-job-executor-thread-20389#
[PollExecuteTaskStatusExecution] c49c6f4e-6a21-4cf0-9f92-c125a8dc9d83 [2026-04-13T19:07:13.100133] 'bmMuMRMwEQYDVQQLDApBbWF6b24gUkRTMQswCQYDVQQIDAJXQTEwMC4GA1UEAwwn\n' + (STDOUT, APP/TASK/deploy-to-postgresql)#
#2026 04 13 19:07:24.931#Z#DEBUG#be2d3d37-376b-11f1-938a-eeee0a8c9147.BTP_CI_CD_Deployment_CAPM-postgres-deployer#flowable-async-job-executor-thread-20389#
[PollExecuteTaskStatusExecution] c49c6f4e-6a21-4cf0-9f92-c125a8dc9d83 [2026-04-13T19:07:13.100135] 'QW1hem9uIFJEUyB1cy1lYXN0LTEgUm9vdCBDQSBSU0EyMDQ4IEcxMRAwDgYDVQQH\n' + (STDOUT, APP/TASK/deploy-to-postgresql)#
#2026 04 13 19:07:24.931#Z#DEBUG#be2d3d37-376b-11f1-938a-eeee0a8c9147.BTP_CI_CD_Deployment_CAPM-postgres-deployer#flowable-async-job-executor-thread-20389#
[PollExecuteTaskStatusExecution] c49c6f4e-6a21-4cf0-9f92-c125a8dc9d83 [2026-04-13T19:07:13.100139] 'DAdTZWF0dGxlMCAXDTIxMDUyNTIyMzQ1N1oYDzIwNjEwNTI1MjMzNDU3WjCBlzEL\n' + (STDOUT, APP/TASK/deploy-to-postgresql)#
#2026 04 13 19:07:24.931#Z#DEBUG#be2d3d37-376b-11f1-938a-eeee0a8c9147.BTP_CI_CD_Deployment_CAPM-postgres-deployer#flowable-async-job-executor-thread-20389#
[PollExecuteTaskStatusExecution] c49c6f4e-6a21-4cf0-9f92-c125a8dc9d83 [2026-04-13T19:07:13.100141] 'MAkGA1UEBhMCVVMxIjAgBgNVBAoMGUFtYXpvbiBXZWIgU2VydmljZXMsIEluYy4x\n' + (STDOUT, APP/TASK/deploy-to-postgresql)#
#2026 04 13 19:07:24.931#Z#DEBUG#be2d3d37-376b-11f1-938a-eeee0a8c9147.BTP_CI_CD_Deployment_CAPM-postgres-deployer#flowable-async-job-executor-thread-20389#
[PollExecuteTaskStatusExecution] c49c6f4e-6a21-4cf0-9f92-c125a8dc9d83 [2026-04-13T19:07:13.100144] 'EzARBgNVBAsMCkFtYXpvbiBSRFMxCzAJBgNVBAgMAldBMTAwLgYDVQQDDCdBbWF6\n' + (STDOUT, APP/TASK/deploy-to-postgresql)#
#2026 04 13 19:07:24.931#Z#DEBUG#be2d3d37-376b-11f1-938a-eeee0a8c9147.BTP_CI_CD_Deployment_CAPM-postgres-deployer#flowable-async-job-executor-thread-20389#
[PollExecuteTaskStatusExecution] c49c6f4e-6a21-4cf0-9f92-c125a8dc9d83 [2026-04-13T19:07:13.100147] 'b24gUkRTIHVzLWVhc3QtMSBSb290IENBIFJTQTIwNDggRzExEDAOBgNVBAcMB1Nl\n' + (STDOUT, APP/TASK/deploy-to-postgresql)#
#2026 04 13 19:07:24.931#Z#DEBUG#be2d3d37-376b-11f1-938a-eeee0a8c9147.BTP_CI_CD_Deployment_CAPM-postgres-deployer#flowable-async-job-executor-thread-20389#
[PollExecuteTaskStatusExecution] c49c6f4e-6a21-4cf0-9f92-c125a8dc9d83 [2026-04-13T19:07:13.100149] 'YXR0bGUwggEiMA0GCSqGSIb3DQEBAQUAA4IBDwAwggEKAoIBAQDu9H7TBeGoDzMr\n' + (STDOUT, APP/TASK/deploy-to-postgresql)#
#2026 04 13 19:07:24.931#Z#DEBUG#be2d3d37-376b-11f1-938a-eeee0a8c9147.BTP_CI_CD_Deployment_CAPM-postgres-deployer#flowable-async-job-executor-thread-20389#
[PollExecuteTaskStatusExecution] c49c6f4e-6a21-4cf0-9f92-c125a8dc9d83 [2026-04-13T19:07:13.100151] 'dxN6H8COntJX4IR6dbyhnj5qMD4xl/IWvp50lt0VpmMd+z2PNZzx8RazeGC5IniV\n' + (STDOUT, APP/TASK/deploy-to-postgresql)#
#2026 04 13 19:07:24.931#Z#DEBUG#be2d3d37-376b-11f1-938a-eeee0a8c9147.BTP_CI_CD_Deployment_CAPM-postgres-deployer#flowable-async-job-executor-thread-20389#
[PollExecuteTaskStatusExecution] c49c6f4e-6a21-4cf0-9f92-c125a8dc9d83 [2026-04-13T19:07:13.100156] '5nrLg0AKWRQ2A/lGGXbUrGXCSe09brMQCxWBSIYe1WZZ1iU1IJ/6Bp4D2YEHpXrW\n' + (STDOUT, APP/TASK/deploy-to-postgresql)#
#2026 04 13 19:07:24.931#Z#DEBUG#be2d3d37-376b-11f1-938a-eeee0a8c9147.BTP_CI_CD_Deployment_CAPM-postgres-deployer#flowable-async-job-executor-thread-20389#
[PollExecuteTaskStatusExecution] c49c6f4e-6a21-4cf0-9f92-c125a8dc9d83 [2026-04-13T19:07:13.100158] 'bPkOq5x3YPcsoitgm1Xh8ygz6vb7PsvJvPbvRMnkDg5IqEThapPjmKb8ZJWyEFEE\n' + (STDOUT, APP/TASK/deploy-to-postgresql)#
#2026 04 13 19:07:24.931#Z#DEBUG#be2d3d37-376b-11f1-938a-eeee0a8c9147.BTP_CI_CD_Deployment_CAPM-postgres-deployer#flowable-async-job-executor-thread-20389#
[PollExecuteTaskStatusExecution] c49c6f4e-6a21-4cf0-9f92-c125a8dc9d83 [2026-04-13T19:07:13.100162] 'QRrkCIRueB1EqQtJw0fvP4PKDlCJAKBEs/y049FoOqYpT3pRy0WKqPhWve+hScMd\n' + (STDOUT, APP/TASK/deploy-to-postgresql)#
#2026 04 13 19:07:24.931#Z#DEBUG#be2d3d37-376b-11f1-938a-eeee0a8c9147.BTP_CI_CD_Deployment_CAPM-postgres-deployer#flowable-async-job-executor-thread-20389#
[PollExecuteTaskStatusExecution] c49c6f4e-6a21-4cf0-9f92-c125a8dc9d83 [2026-04-13T19:07:13.100164] '6obq8kxTFy1IHACjHc51nrGII5Bt76/MpTWhnJIJrCnq1/Uc3Qs8IVeb+sLaFC8K\n' + (STDOUT, APP/TASK/deploy-to-postgresql)#
#2026 04 13 19:07:24.931#Z#DEBUG#be2d3d37-376b-11f1-938a-eeee0a8c9147.BTP_CI_CD_Deployment_CAPM-postgres-deployer#flowable-async-job-executor-thread-20389#
[PollExecuteTaskStatusExecution] c49c6f4e-6a21-4cf0-9f92-c125a8dc9d83 [2026-04-13T19:07:13.100167] 'DI69Sw6bAgMBAAGjQjBAMA8GA1UdEwEB/wQFMAMBAf8wHQYDVR0OBBYEFE7PCopt\n' + (STDOUT, APP/TASK/deploy-to-postgresql)#
#2026 04 13 19:07:24.931#Z#DEBUG#be2d3d37-376b-11f1-938a-eeee0a8c9147.BTP_CI_CD_Deployment_CAPM-postgres-deployer#flowable-async-job-executor-thread-20389#
[PollExecuteTaskStatusExecution] c49c6f4e-6a21-4cf0-9f92-c125a8dc9d83 [2026-04-13T19:07:13.100169] 'lyOgtXX0Y1lObBUxuKaCMA4GA1UdDwEB/wQEAwIBhjANBgkqhkiG9w0BAQsFAAOC\n' + (STDOUT, APP/TASK/deploy-to-postgresql)#
#2026 04 13 19:07:24.931#Z#DEBUG#be2d3d37-376b-11f1-938a-eeee0a8c9147.BTP_CI_CD_Deployment_CAPM-postgres-deployer#flowable-async-job-executor-thread-20389#
[PollExecuteTaskStatusExecution] c49c6f4e-6a21-4cf0-9f92-c125a8dc9d83 [2026-04-13T19:07:13.100172] 'AQEAFj+bX8gLmMNefr5jRJfHjrL3iuZCjf7YEZgn89pS4z8408mjj9z6Q5D1H7yS\n' + (STDOUT, APP/TASK/deploy-to-postgresql)#
#2026 04 13 19:07:24.931#Z#DEBUG#be2d3d37-376b-11f1-938a-eeee0a8c9147.BTP_CI_CD_Deployment_CAPM-postgres-deployer#flowable-async-job-executor-thread-20389#
[PollExecuteTaskStatusExecution] c49c6f4e-6a21-4cf0-9f92-c125a8dc9d83 [2026-04-13T19:07:13.100175] 'jNETVV8QaJip1qyhh5gRzRaArgGAYvi2/r0zPsy+Tgf7v1KGL5Lh8NT8iCEGGXwF\n' + (STDOUT, APP/TASK/deploy-to-postgresql)#
#2026 04 13 19:07:24.931#Z#DEBUG#be2d3d37-376b-11f1-938a-eeee0a8c9147.BTP_CI_CD_Deployment_CAPM-postgres-deployer#flowable-async-job-executor-thread-20389#
[PollExecuteTaskStatusExecution] c49c6f4e-6a21-4cf0-9f92-c125a8dc9d83 [2026-04-13T19:07:13.100178] 'g3Ir+Nl3e+9XUp0eyyzBIjHtjLBm6yy8rGk9p6OtFDQnKF5OxwbAgip42CD75r/q\n' + (STDOUT, APP/TASK/deploy-to-postgresql)#
#2026 04 13 19:07:24.931#Z#DEBUG#be2d3d37-376b-11f1-938a-eeee0a8c9147.BTP_CI_CD_Deployment_CAPM-postgres-deployer#flowable-async-job-executor-thread-20389#
[PollExecuteTaskStatusExecution] c49c6f4e-6a21-4cf0-9f92-c125a8dc9d83 [2026-04-13T19:07:13.100180] 'p421maEDDvvRFR4D+99JZxgAYDBGqRRceUoe16qDzbMvlz0A9paCZFclxeftAxv6\n' + (STDOUT, APP/TASK/deploy-to-postgresql)#
#2026 04 13 19:07:24.931#Z#DEBUG#be2d3d37-376b-11f1-938a-eeee0a8c9147.BTP_CI_CD_Deployment_CAPM-postgres-deployer#flowable-async-job-executor-thread-20389#
[PollExecuteTaskStatusExecution] c49c6f4e-6a21-4cf0-9f92-c125a8dc9d83 [2026-04-13T19:07:13.100182] 'QlR5rItMz/XdzpBJUpYhdzM0gCzAzdQuVO5tjJxmXhkSMcDP+8Q+Uv6FA9k2VpUV\n' + (STDOUT, APP/TASK/deploy-to-postgresql)#
#2026 04 13 19:07:24.931#Z#DEBUG#be2d3d37-376b-11f1-938a-eeee0a8c9147.BTP_CI_CD_Deployment_CAPM-postgres-deployer#flowable-async-job-executor-thread-20389#
[PollExecuteTaskStatusExecution] c49c6f4e-6a21-4cf0-9f92-c125a8dc9d83 [2026-04-13T19:07:13.100185] 'E/O5jgpqUJJ2Hc/5rs9VkAPXeA==\n' + (STDOUT, APP/TASK/deploy-to-postgresql)#
#2026 04 13 19:07:24.931#Z#DEBUG#be2d3d37-376b-11f1-938a-eeee0a8c9147.BTP_CI_CD_Deployment_CAPM-postgres-deployer#flowable-async-job-executor-thread-20389#
[PollExecuteTaskStatusExecution] c49c6f4e-6a21-4cf0-9f92-c125a8dc9d83 [2026-04-13T19:07:13.100187] '-----END CERTIFICATE-----\n' + (STDOUT, APP/TASK/deploy-to-postgresql)#
#2026 04 13 19:07:24.931#Z#DEBUG#be2d3d37-376b-11f1-938a-eeee0a8c9147.BTP_CI_CD_Deployment_CAPM-postgres-deployer#flowable-async-job-executor-thread-20389#
[PollExecuteTaskStatusExecution] c49c6f4e-6a21-4cf0-9f92-c125a8dc9d83 [2026-04-13T19:07:13.100191] '-----BEGIN CERTIFICATE-----\n' + (STDOUT, APP/TASK/deploy-to-postgresql)#
#2026 04 13 19:07:24.931#Z#DEBUG#be2d3d37-376b-11f1-938a-eeee0a8c9147.BTP_CI_CD_Deployment_CAPM-postgres-deployer#flowable-async-job-executor-thread-20389#
[PollExecuteTaskStatusExecution] c49c6f4e-6a21-4cf0-9f92-c125a8dc9d83 [2026-04-13T19:07:13.100193] 'MIIF/jCCA+agAwIBAgIQaRHaEqqacXN20e8zZJtmDDANBgkqhkiG9w0BAQwFADCB\n' + (STDOUT, APP/TASK/deploy-to-postgresql)#
#2026 04 13 19:07:24.931#Z#DEBUG#be2d3d37-376b-11f1-938a-eeee0a8c9147.BTP_CI_CD_Deployment_CAPM-postgres-deployer#flowable-async-job-executor-thread-20389#
[PollExecuteTaskStatusExecution] c49c6f4e-6a21-4cf0-9f92-c125a8dc9d83 [2026-04-13T19:07:13.100215] 'lzELMAkGA1UEBhMCVVMxIjAgBgNVBAoMGUFtYXpvbiBXZWIgU2VydmljZXMsIElu\n' + (STDOUT, APP/TASK/deploy-to-postgresql)#
#2026 04 13 19:07:24.931#Z#DEBUG#be2d3d37-376b-11f1-938a-eeee0a8c9147.BTP_CI_CD_Deployment_CAPM-postgres-deployer#flowable-async-job-executor-thread-20389#
[PollExecuteTaskStatusExecution] c49c6f4e-6a21-4cf0-9f92-c125a8dc9d83 [2026-04-13T19:07:13.100218] 'Yy4xEzARBgNVBAsMCkFtYXpvbiBSRFMxCzAJBgNVBAgMAldBMTAwLgYDVQQDDCdB\n' + (STDOUT, APP/TASK/deploy-to-postgresql)#
#2026 04 13 19:07:24.931#Z#DEBUG#be2d3d37-376b-11f1-938a-eeee0a8c9147.BTP_CI_CD_Deployment_CAPM-postgres-deployer#flowable-async-job-executor-thread-20389#
[PollExecuteTaskStatusExecution] c49c6f4e-6a21-4cf0-9f92-c125a8dc9d83 [2026-04-13T19:07:13.100220] 'bWF6b24gUkRTIHVzLWVhc3QtMSBSb290IENBIFJTQTQwOTYgRzExEDAOBgNVBAcM\n' + (STDOUT, APP/TASK/deploy-to-postgresql)#
#2026 04 13 19:07:24.931#Z#DEBUG#be2d3d37-376b-11f1-938a-eeee0a8c9147.BTP_CI_CD_Deployment_CAPM-postgres-deployer#flowable-async-job-executor-thread-20389#
[PollExecuteTaskStatusExecution] c49c6f4e-6a21-4cf0-9f92-c125a8dc9d83 [2026-04-13T19:07:13.100223] 'B1NlYXR0bGUwIBcNMjEwNTI1MjIzODM1WhgPMjEyMTA1MjUyMzM4MzVaMIGXMQsw\n' + (STDOUT, APP/TASK/deploy-to-postgresql)#
#2026 04 13 19:07:24.931#Z#DEBUG#be2d3d37-376b-11f1-938a-eeee0a8c9147.BTP_CI_CD_Deployment_CAPM-postgres-deployer#flowable-async-job-executor-thread-20389#
[PollExecuteTaskStatusExecution] c49c6f4e-6a21-4cf0-9f92-c125a8dc9d83 [2026-04-13T19:07:13.100225] 'CQYDVQQGEwJVUzEiMCAGA1UECgwZQW1hem9uIFdlYiBTZXJ2aWNlcywgSW5jLjET\n' + (STDOUT, APP/TASK/deploy-to-postgresql)#
#2026 04 13 19:07:24.931#Z#DEBUG#be2d3d37-376b-11f1-938a-eeee0a8c9147.BTP_CI_CD_Deployment_CAPM-postgres-deployer#flowable-async-job-executor-thread-20389#
[PollExecuteTaskStatusExecution] c49c6f4e-6a21-4cf0-9f92-c125a8dc9d83 [2026-04-13T19:07:13.100227] 'MBEGA1UECwwKQW1hem9uIFJEUzELMAkGA1UECAwCV0ExMDAuBgNVBAMMJ0FtYXpv\n' + (STDOUT, APP/TASK/deploy-to-postgresql)#
#2026 04 13 19:07:24.931#Z#DEBUG#be2d3d37-376b-11f1-938a-eeee0a8c9147.BTP_CI_CD_Deployment_CAPM-postgres-deployer#flowable-async-job-executor-thread-20389#
[PollExecuteTaskStatusExecution] c49c6f4e-6a21-4cf0-9f92-c125a8dc9d83 [2026-04-13T19:07:13.100230] 'biBSRFMgdXMtZWFzdC0xIFJvb3QgQ0EgUlNBNDA5NiBHMTEQMA4GA1UEBwwHU2Vh\n' + (STDOUT, APP/TASK/deploy-to-postgresql)#
#2026 04 13 19:07:24.931#Z#DEBUG#be2d3d37-376b-11f1-938a-eeee0a8c9147.BTP_CI_CD_Deployment_CAPM-postgres-deployer#flowable-async-job-executor-thread-20389#
[PollExecuteTaskStatusExecution] c49c6f4e-6a21-4cf0-9f92-c125a8dc9d83 [2026-04-13T19:07:13.100232] 'dHRsZTCCAiIwDQYJKoZIhvcNAQEBBQADggIPADCCAgoCggIBAInfBCaHuvj6Rb5c\n' + (STDOUT, APP/TASK/deploy-to-postgresql)#
#2026 04 13 19:07:24.931#Z#DEBUG#be2d3d37-376b-11f1-938a-eeee0a8c9147.BTP_CI_CD_Deployment_CAPM-postgres-deployer#flowable-async-job-executor-thread-20389#
[PollExecuteTaskStatusExecution] c49c6f4e-6a21-4cf0-9f92-c125a8dc9d83 [2026-04-13T19:07:13.100235] 'L5Wmn1jv2PHtEGMHm+7Z8dYosdwouG8VG2A+BCYCZfij9lIGszrTXkY4O7vnXgru\n' + (STDOUT, APP/TASK/deploy-to-postgresql)#
#2026 04 13 19:07:24.931#Z#DEBUG#be2d3d37-376b-11f1-938a-eeee0a8c9147.BTP_CI_CD_Deployment_CAPM-postgres-deployer#flowable-async-job-executor-thread-20389#
[PollExecuteTaskStatusExecution] c49c6f4e-6a21-4cf0-9f92-c125a8dc9d83 [2026-04-13T19:07:13.100239] 'JUNdxh0Q3M83p4X+bg+gODUs3jf+Z3Oeq7nTOk/2UYvQLcxP4FEXILxDInbQFcIx\n' + (STDOUT, APP/TASK/deploy-to-postgresql)#
#2026 04 13 19:07:24.931#Z#DEBUG#be2d3d37-376b-11f1-938a-eeee0a8c9147.BTP_CI_CD_Deployment_CAPM-postgres-deployer#flowable-async-job-executor-thread-20389#
[PollExecuteTaskStatusExecution] c49c6f4e-6a21-4cf0-9f92-c125a8dc9d83 [2026-04-13T19:07:13.100242] 'yen1ESHggGrjEodgn6nbKQNRfIhjhW+TKYaewfsVWH7EF2pfj+cjbJ6njjgZ0/M9\n' + (STDOUT, APP/TASK/deploy-to-postgresql)#
#2026 04 13 19:07:24.931#Z#DEBUG#be2d3d37-376b-11f1-938a-eeee0a8c9147.BTP_CI_CD_Deployment_CAPM-postgres-deployer#flowable-async-job-executor-thread-20389#
[PollExecuteTaskStatusExecution] c49c6f4e-6a21-4cf0-9f92-c125a8dc9d83 [2026-04-13T19:07:13.100246] 'VZifJFBgat6XUTOf3jwHwkCBh7T6rDpgy19A61laImJCQhdTnHKvzTpxcxiLRh69\n' + (STDOUT, APP/TASK/deploy-to-postgresql)#
#2026 04 13 19:07:24.931#Z#DEBUG#be2d3d37-376b-11f1-938a-eeee0a8c9147.BTP_CI_CD_Deployment_CAPM-postgres-deployer#flowable-async-job-executor-thread-20389#
[PollExecuteTaskStatusExecution] c49c6f4e-6a21-4cf0-9f92-c125a8dc9d83 [2026-04-13T19:07:13.100248] 'ZObypR7W04OAUmFS88V7IotlPmCL8xf7kwxG+gQfvx31+A9IDMsiTqJ1Cc4fYEKg\n' + (STDOUT, APP/TASK/deploy-to-postgresql)#
#2026 04 13 19:07:24.931#Z#DEBUG#be2d3d37-376b-11f1-938a-eeee0a8c9147.BTP_CI_CD_Deployment_CAPM-postgres-deployer#flowable-async-job-executor-thread-20389#
[PollExecuteTaskStatusExecution] c49c6f4e-6a21-4cf0-9f92-c125a8dc9d83 [2026-04-13T19:07:13.100251] 'bL+Vo+2Ii4W2esCTGVYmHm73drznfeKwL+kmIC/Bq+DrZ+veTqKFYwSkpHRyJCEe\n' + (STDOUT, APP/TASK/deploy-to-postgresql)#
#2026 04 13 19:07:24.931#Z#DEBUG#be2d3d37-376b-11f1-938a-eeee0a8c9147.BTP_CI_CD_Deployment_CAPM-postgres-deployer#flowable-async-job-executor-thread-20389#
[PollExecuteTaskStatusExecution] c49c6f4e-6a21-4cf0-9f92-c125a8dc9d83 [2026-04-13T19:07:13.100253] 'U4Zym6POqQ/4LBSKwDUhWLJIlq99bjKX+hNTJykB+Lbcx0ScOP4IAZQoxmDxGWxN\n' + (STDOUT, APP/TASK/deploy-to-postgresql)#
#2026 04 13 19:07:24.931#Z#DEBUG#be2d3d37-376b-11f1-938a-eeee0a8c9147.BTP_CI_CD_Deployment_CAPM-postgres-deployer#flowable-async-job-executor-thread-20389#
[PollExecuteTaskStatusExecution] c49c6f4e-6a21-4cf0-9f92-c125a8dc9d83 [2026-04-13T19:07:13.100255] 'S+lQj+Cx2pwU3S/7+OxlRndZAX/FKgk7xSMkg88HykUZaZ/ozIiqJqSnGpgXCtED\n' + (STDOUT, APP/TASK/deploy-to-postgresql)#
#2026 04 13 19:07:24.931#Z#DEBUG#be2d3d37-376b-11f1-938a-eeee0a8c9147.BTP_CI_CD_Deployment_CAPM-postgres-deployer#flowable-async-job-executor-thread-20389#
[PollExecuteTaskStatusExecution] c49c6f4e-6a21-4cf0-9f92-c125a8dc9d83 [2026-04-13T19:07:13.100259] 'oQ4OJw5ozAr+/wudOawaMwUWQl5asD8fuy/hl5S1nv9XxIc842QJOtJFxhyeMIXt\n' + (STDOUT, APP/TASK/deploy-to-postgresql)#
#2026 04 13 19:07:24.931#Z#DEBUG#be2d3d37-376b-11f1-938a-eeee0a8c9147.BTP_CI_CD_Deployment_CAPM-postgres-deployer#flowable-async-job-executor-thread-20389#
[PollExecuteTaskStatusExecution] c49c6f4e-6a21-4cf0-9f92-c125a8dc9d83 [2026-04-13T19:07:13.100262] 'LVECVw/dPekhMjS3Zo3wwRgYbnKG7YXXT5WMxJEnHu8+cYpMiRClzq2BEP6/MtI2\n' + (STDOUT, APP/TASK/deploy-to-postgresql)#
#2026 04 13 19:07:24.931#Z#DEBUG#be2d3d37-376b-11f1-938a-eeee0a8c9147.BTP_CI_CD_Deployment_CAPM-postgres-deployer#flowable-async-job-executor-thread-20389#
[PollExecuteTaskStatusExecution] c49c6f4e-6a21-4cf0-9f92-c125a8dc9d83 [2026-04-13T19:07:13.100264] 'AZQQUFu2yFjRGL2OZA6IYjxnXYiRAgMBAAGjQjBAMA8GA1UdEwEB/wQFMAMBAf8w\n' + (STDOUT, APP/TASK/deploy-to-postgresql)#
#2026 04 13 19:07:24.931#Z#DEBUG#be2d3d37-376b-11f1-938a-eeee0a8c9147.BTP_CI_CD_Deployment_CAPM-postgres-deployer#flowable-async-job-executor-thread-20389#
[PollExecuteTaskStatusExecution] c49c6f4e-6a21-4cf0-9f92-c125a8dc9d83 [2026-04-13T19:07:13.100266] 'HQYDVR0OBBYEFADCcQCPX2HmkqQcmuHfiQ2jjqnrMA4GA1UdDwEB/wQEAwIBhjAN\n' + (STDOUT, APP/TASK/deploy-to-postgresql)#
#2026 04 13 19:07:24.931#Z#DEBUG#be2d3d37-376b-11f1-938a-eeee0a8c9147.BTP_CI_CD_Deployment_CAPM-postgres-deployer#flowable-async-job-executor-thread-20389#
[PollExecuteTaskStatusExecution] c49c6f4e-6a21-4cf0-9f92-c125a8dc9d83 [2026-04-13T19:07:13.100268] 'BgkqhkiG9w0BAQwFAAOCAgEASXkGQ2eUmudIKPeOIF7RBryCoPmMOsqP0+1qxF8l\n' + (STDOUT, APP/TASK/deploy-to-postgresql)#
#2026 04 13 19:07:24.931#Z#DEBUG#be2d3d37-376b-11f1-938a-eeee0a8c9147.BTP_CI_CD_Deployment_CAPM-postgres-deployer#flowable-async-job-executor-thread-20389#
[PollExecuteTaskStatusExecution] c49c6f4e-6a21-4cf0-9f92-c125a8dc9d83 [2026-04-13T19:07:13.100271] 'pGkwmrgNDGpmd9s0ArfIVBTc1jmpgB3oiRW9c6n2OmwBKL4UPuQ8O3KwSP0iD2sZ\n' + (STDOUT, APP/TASK/deploy-to-postgresql)#
#2026 04 13 19:07:24.931#Z#DEBUG#be2d3d37-376b-11f1-938a-eeee0a8c9147.BTP_CI_CD_Deployment_CAPM-postgres-deployer#flowable-async-job-executor-thread-20389#
[PollExecuteTaskStatusExecution] c49c6f4e-6a21-4cf0-9f92-c125a8dc9d83 [2026-04-13T19:07:13.100273] 'KMXoMEyphCEzW1I2GRvYDugL3Z9MWrnHkoaoH2l8YyTYvszTvdgxBPpM2x4pSkp+\n' + (STDOUT, APP/TASK/deploy-to-postgresql)#
#2026 04 13 19:07:24.931#Z#DEBUG#be2d3d37-376b-11f1-938a-eeee0a8c9147.BTP_CI_CD_Deployment_CAPM-postgres-deployer#flowable-async-job-executor-thread-20389#
[PollExecuteTaskStatusExecution] c49c6f4e-6a21-4cf0-9f92-c125a8dc9d83 [2026-04-13T19:07:13.100275] '76d4/eRpJ5mVuQ93nC+YG0wXCxSq63hX4kyZgPxgCdAA+qgFfKIGyNqUIqWgeyTP\n' + (STDOUT, APP/TASK/deploy-to-postgresql)#
#2026 04 13 19:07:24.931#Z#DEBUG#be2d3d37-376b-11f1-938a-eeee0a8c9147.BTP_CI_CD_Deployment_CAPM-postgres-deployer#flowable-async-job-executor-thread-20389#
[PollExecuteTaskStatusExecution] c49c6f4e-6a21-4cf0-9f92-c125a8dc9d83 [2026-04-13T19:07:13.100278] 'n5OgKaboYk2141Rf2hGMD3/hsGm0rrJh7g3C0ZirPws3eeJfulvAOIy2IZzqHUSY\n' + (STDOUT, APP/TASK/deploy-to-postgresql)#
#2026 04 13 19:07:24.931#Z#DEBUG#be2d3d37-376b-11f1-938a-eeee0a8c9147.BTP_CI_CD_Deployment_CAPM-postgres-deployer#flowable-async-job-executor-thread-20389#
[PollExecuteTaskStatusExecution] c49c6f4e-6a21-4cf0-9f92-c125a8dc9d83 [2026-04-13T19:07:13.100280] 'jkFzraz6LEH3IlArT3jUPvWKqvh2lJWnnp56aqxBR7qHH5voD49UpJWY1K0BjGnS\n' + (STDOUT, APP/TASK/deploy-to-postgresql)#
#2026 04 13 19:07:24.931#Z#DEBUG#be2d3d37-376b-11f1-938a-eeee0a8c9147.BTP_CI_CD_Deployment_CAPM-postgres-deployer#flowable-async-job-executor-thread-20389#
[PollExecuteTaskStatusExecution] c49c6f4e-6a21-4cf0-9f92-c125a8dc9d83 [2026-04-13T19:07:13.100284] 'OHcurpp0Yt/BIs4VZeWdCZwI7JaSeDcPMaMDBvND3Ia5Fga0thgYQTG6dE+N5fgF\n' + (STDOUT, APP/TASK/deploy-to-postgresql)#
#2026 04 13 19:07:24.931#Z#DEBUG#be2d3d37-376b-11f1-938a-eeee0a8c9147.BTP_CI_CD_Deployment_CAPM-postgres-deployer#flowable-async-job-executor-thread-20389#
[PollExecuteTaskStatusExecution] c49c6f4e-6a21-4cf0-9f92-c125a8dc9d83 [2026-04-13T19:07:13.100286] 'z+hRaujXO2nb0LmddVyvE8prYlWRMuYFv+Co8hcMdJ0lEZlfVNu0jbm9/GmwAZ+l\n' + (STDOUT, APP/TASK/deploy-to-postgresql)#
#2026 04 13 19:07:24.931#Z#DEBUG#be2d3d37-376b-11f1-938a-eeee0a8c9147.BTP_CI_CD_Deployment_CAPM-postgres-deployer#flowable-async-job-executor-thread-20389#
[PollExecuteTaskStatusExecution] c49c6f4e-6a21-4cf0-9f92-c125a8dc9d83 [2026-04-13T19:07:13.100288] '9umeYO9yz/uC7edC8XJBglMAKUmVK9wNtOckUWAcCfnPWYLbYa/PqtXBYcxrso5j\n' + (STDOUT, APP/TASK/deploy-to-postgresql)#
#2026 04 13 19:07:24.931#Z#DEBUG#be2d3d37-376b-11f1-938a-eeee0a8c9147.BTP_CI_CD_Deployment_CAPM-postgres-deployer#flowable-async-job-executor-thread-20389#
[PollExecuteTaskStatusExecution] c49c6f4e-6a21-4cf0-9f92-c125a8dc9d83 [2026-04-13T19:07:13.100290] 'iaS/A7iEW51uteHBGrViCy1afGG+hiUWwFlesli+Rq4dNstX3h6h2baWABaAxEVJ\n' + (STDOUT, APP/TASK/deploy-to-postgresql)#
#2026 04 13 19:07:24.931#Z#DEBUG#be2d3d37-376b-11f1-938a-eeee0a8c9147.BTP_CI_CD_Deployment_CAPM-postgres-deployer#flowable-async-job-executor-thread-20389#
[PollExecuteTaskStatusExecution] c49c6f4e-6a21-4cf0-9f92-c125a8dc9d83 [2026-04-13T19:07:13.100293] 'y1RnTQSz6mROT1VmZSgSVO37rgIyY0Hf0872ogcTS+FfvXgBxCxsNWEbiQ/XXva4\n' + (STDOUT, APP/TASK/deploy-to-postgresql)#
#2026 04 13 19:07:24.931#Z#DEBUG#be2d3d37-376b-11f1-938a-eeee0a8c9147.BTP_CI_CD_Deployment_CAPM-postgres-deployer#flowable-async-job-executor-thread-20389#
[PollExecuteTaskStatusExecution] c49c6f4e-6a21-4cf0-9f92-c125a8dc9d83 [2026-04-13T19:07:13.100295] '0Ws=\n' + (STDOUT, APP/TASK/deploy-to-postgresql)#
#2026 04 13 19:07:24.931#Z#DEBUG#be2d3d37-376b-11f1-938a-eeee0a8c9147.BTP_CI_CD_Deployment_CAPM-postgres-deployer#flowable-async-job-executor-thread-20389#
[PollExecuteTaskStatusExecution] c49c6f4e-6a21-4cf0-9f92-c125a8dc9d83 [2026-04-13T19:07:13.100297] '-----END CERTIFICATE-----\n' + (STDOUT, APP/TASK/deploy-to-postgresql)#
#2026 04 13 19:07:24.931#Z#DEBUG#be2d3d37-376b-11f1-938a-eeee0a8c9147.BTP_CI_CD_Deployment_CAPM-postgres-deployer#flowable-async-job-executor-thread-20389#
[PollExecuteTaskStatusExecution] c49c6f4e-6a21-4cf0-9f92-c125a8dc9d83 [2026-04-13T19:07:13.100299] '-----BEGIN CERTIFICATE-----\n' + (STDOUT, APP/TASK/deploy-to-postgresql)#
#2026 04 13 19:07:24.931#Z#DEBUG#be2d3d37-376b-11f1-938a-eeee0a8c9147.BTP_CI_CD_Deployment_CAPM-postgres-deployer#flowable-async-job-executor-thread-20389#
[PollExecuteTaskStatusExecution] c49c6f4e-6a21-4cf0-9f92-c125a8dc9d83 [2026-04-13T19:07:13.100302] 'MIICrjCCAjSgAwIBAgIRAPAlEk8VJPmEzVRRaWvTh2AwCgYIKoZIzj0EAwMwgZYx\n' + (STDOUT, APP/TASK/deploy-to-postgresql)#
#2026 04 13 19:07:24.931#Z#DEBUG#be2d3d37-376b-11f1-938a-eeee0a8c9147.BTP_CI_CD_Deployment_CAPM-postgres-deployer#flowable-async-job-executor-thread-20389#
[PollExecuteTaskStatusExecution] c49c6f4e-6a21-4cf0-9f92-c125a8dc9d83 [2026-04-13T19:07:13.100305] 'CzAJBgNVBAYTAlVTMSIwIAYDVQQKDBlBbWF6b24gV2ViIFNlcnZpY2VzLCBJbmMu\n' + (STDOUT, APP/TASK/deploy-to-postgresql)#
#2026 04 13 19:07:24.931#Z#DEBUG#be2d3d37-376b-11f1-938a-eeee0a8c9147.BTP_CI_CD_Deployment_CAPM-postgres-deployer#flowable-async-job-executor-thread-20389#
[PollExecuteTaskStatusExecution] c49c6f4e-6a21-4cf0-9f92-c125a8dc9d83 [2026-04-13T19:07:13.100309] 'MRMwEQYDVQQLDApBbWF6b24gUkRTMQswCQYDVQQIDAJXQTEvMC0GA1UEAwwmQW1h\n' + (STDOUT, APP/TASK/deploy-to-postgresql)#
#2026 04 13 19:07:24.931#Z#DEBUG#be2d3d37-376b-11f1-938a-eeee0a8c9147.BTP_CI_CD_Deployment_CAPM-postgres-deployer#flowable-async-job-executor-thread-20389#
[PollExecuteTaskStatusExecution] c49c6f4e-6a21-4cf0-9f92-c125a8dc9d83 [2026-04-13T19:07:13.100311] 'em9uIFJEUyB1cy1lYXN0LTEgUm9vdCBDQSBFQ0MzODQgRzExEDAOBgNVBAcMB1Nl\n' + (STDOUT, APP/TASK/deploy-to-postgresql)#
#2026 04 13 19:07:24.931#Z#DEBUG#be2d3d37-376b-11f1-938a-eeee0a8c9147.BTP_CI_CD_Deployment_CAPM-postgres-deployer#flowable-async-job-executor-thread-20389#
[PollExecuteTaskStatusExecution] c49c6f4e-6a21-4cf0-9f92-c125a8dc9d83 [2026-04-13T19:07:13.100313] 'YXR0bGUwIBcNMjEwNTI1MjI0MTU1WhgPMjEyMTA1MjUyMzQxNTVaMIGWMQswCQYD\n' + (STDOUT, APP/TASK/deploy-to-postgresql)#
#2026 04 13 19:07:24.931#Z#DEBUG#be2d3d37-376b-11f1-938a-eeee0a8c9147.BTP_CI_CD_Deployment_CAPM-postgres-deployer#flowable-async-job-executor-thread-20389#
[PollExecuteTaskStatusExecution] c49c6f4e-6a21-4cf0-9f92-c125a8dc9d83 [2026-04-13T19:07:13.100315] 'VQQGEwJVUzEiMCAGA1UECgwZQW1hem9uIFdlYiBTZXJ2aWNlcywgSW5jLjETMBEG\n' + (STDOUT, APP/TASK/deploy-to-postgresql)#
#2026 04 13 19:07:24.931#Z#DEBUG#be2d3d37-376b-11f1-938a-eeee0a8c9147.BTP_CI_CD_Deployment_CAPM-postgres-deployer#flowable-async-job-executor-thread-20389#
[PollExecuteTaskStatusExecution] c49c6f4e-6a21-4cf0-9f92-c125a8dc9d83 [2026-04-13T19:07:13.100317] 'A1UECwwKQW1hem9uIFJEUzELMAkGA1UECAwCV0ExLzAtBgNVBAMMJkFtYXpvbiBS\n' + (STDOUT, APP/TASK/deploy-to-postgresql)#
#2026 04 13 19:07:24.931#Z#DEBUG#be2d3d37-376b-11f1-938a-eeee0a8c9147.BTP_CI_CD_Deployment_CAPM-postgres-deployer#flowable-async-job-executor-thread-20389#
[PollExecuteTaskStatusExecution] c49c6f4e-6a21-4cf0-9f92-c125a8dc9d83 [2026-04-13T19:07:13.100320] 'RFMgdXMtZWFzdC0xIFJvb3QgQ0EgRUNDMzg0IEcxMRAwDgYDVQQHDAdTZWF0dGxl\n' + (STDOUT, APP/TASK/deploy-to-postgresql)#
#2026 04 13 19:07:24.931#Z#DEBUG#be2d3d37-376b-11f1-938a-eeee0a8c9147.BTP_CI_CD_Deployment_CAPM-postgres-deployer#flowable-async-job-executor-thread-20389#
[PollExecuteTaskStatusExecution] c49c6f4e-6a21-4cf0-9f92-c125a8dc9d83 [2026-04-13T19:07:13.100323] 'MHYwEAYHKoZIzj0CAQYFK4EEACIDYgAEx5xjrup8II4HOJw15NTnS3H5yMrQGlbj\n' + (STDOUT, APP/TASK/deploy-to-postgresql)#
#2026 04 13 19:07:24.931#Z#DEBUG#be2d3d37-376b-11f1-938a-eeee0a8c9147.BTP_CI_CD_Deployment_CAPM-postgres-deployer#flowable-async-job-executor-thread-20389#
[PollExecuteTaskStatusExecution] c49c6f4e-6a21-4cf0-9f92-c125a8dc9d83 [2026-04-13T19:07:13.100325] 'EDA5MMGnE9DmHp5dACIxmPXPMe/99nO7wNdl7G71OYPCgEvWm0FhdvVUeTb3LVnV\n' + (STDOUT, APP/TASK/deploy-to-postgresql)#
#2026 04 13 19:07:24.931#Z#DEBUG#be2d3d37-376b-11f1-938a-eeee0a8c9147.BTP_CI_CD_Deployment_CAPM-postgres-deployer#flowable-async-job-executor-thread-20389#
[PollExecuteTaskStatusExecution] c49c6f4e-6a21-4cf0-9f92-c125a8dc9d83 [2026-04-13T19:07:13.100327] 'BnaXt32Ek7/oxGk1T+Df03C+W0vmuJ+wo0IwQDAPBgNVHRMBAf8EBTADAQH/MB0G\n' + (STDOUT, APP/TASK/deploy-to-postgresql)#
#2026 04 13 19:07:24.931#Z#DEBUG#be2d3d37-376b-11f1-938a-eeee0a8c9147.BTP_CI_CD_Deployment_CAPM-postgres-deployer#flowable-async-job-executor-thread-20389#
[PollExecuteTaskStatusExecution] c49c6f4e-6a21-4cf0-9f92-c125a8dc9d83 [2026-04-13T19:07:13.100329] 'A1UdDgQWBBTGXmqBWN/1tkSea4pNw0oHrjk2UDAOBgNVHQ8BAf8EBAMCAYYwCgYI\n' + (STDOUT, APP/TASK/deploy-to-postgresql)#
#2026 04 13 19:07:24.931#Z#DEBUG#be2d3d37-376b-11f1-938a-eeee0a8c9147.BTP_CI_CD_Deployment_CAPM-postgres-deployer#flowable-async-job-executor-thread-20389#
[PollExecuteTaskStatusExecution] c49c6f4e-6a21-4cf0-9f92-c125a8dc9d83 [2026-04-13T19:07:13.100331] 'KoZIzj0EAwMDaAAwZQIxAIqqZWCSrIkZ7zsv/FygtAusW6yvlL935YAWYPVXU30m\n' + (STDOUT, APP/TASK/deploy-to-postgresql)#
#2026 04 13 19:07:24.931#Z#DEBUG#be2d3d37-376b-11f1-938a-eeee0a8c9147.BTP_CI_CD_Deployment_CAPM-postgres-deployer#flowable-async-job-executor-thread-20389#
[PollExecuteTaskStatusExecution] c49c6f4e-6a21-4cf0-9f92-c125a8dc9d83 [2026-04-13T19:07:13.100333] 'jkMFLM+/RJ9GMvnO8jHfCgIwB+whlkcItzE9CRQ6CsMo/d5cEHDUu/QW6jSIh9BR\n' + (STDOUT, APP/TASK/deploy-to-postgresql)#
#2026 04 13 19:07:24.931#Z#DEBUG#be2d3d37-376b-11f1-938a-eeee0a8c9147.BTP_CI_CD_Deployment_CAPM-postgres-deployer#flowable-async-job-executor-thread-20389#
[PollExecuteTaskStatusExecution] c49c6f4e-6a21-4cf0-9f92-c125a8dc9d83 [2026-04-13T19:07:13.100337] 'OGh9pTYPVkUbBiKPA7lVVhre\n' + (STDOUT, APP/TASK/deploy-to-postgresql)#
#2026 04 13 19:07:24.931#Z#DEBUG#be2d3d37-376b-11f1-938a-eeee0a8c9147.BTP_CI_CD_Deployment_CAPM-postgres-deployer#flowable-async-job-executor-thread-20389#
[PollExecuteTaskStatusExecution] c49c6f4e-6a21-4cf0-9f92-c125a8dc9d83 [2026-04-13T19:07:13.100340] '-----END CERTIFICATE-----\n' (STDOUT, APP/TASK/deploy-to-postgresql)#
#2026 04 13 19:07:24.931#Z#DEBUG#be2d3d37-376b-11f1-938a-eeee0a8c9147.BTP_CI_CD_Deployment_CAPM-postgres-deployer#flowable-async-job-executor-thread-20389#
[PollExecuteTaskStatusExecution] c49c6f4e-6a21-4cf0-9f92-c125a8dc9d83 [2026-04-13T19:07:13.100342] } (STDOUT, APP/TASK/deploy-to-postgresql)#
#2026 04 13 19:07:24.931#Z#DEBUG#be2d3d37-376b-11f1-938a-eeee0a8c9147.BTP_CI_CD_Deployment_CAPM-postgres-deployer#flowable-async-job-executor-thread-20389#
[PollExecuteTaskStatusExecution] c49c6f4e-6a21-4cf0-9f92-c125a8dc9d83 [2026-04-13T19:07:13.100344] } {} (STDOUT, APP/TASK/deploy-to-postgresql)#
#2026 04 13 19:07:24.931#Z#DEBUG#be2d3d37-376b-11f1-938a-eeee0a8c9147.BTP_CI_CD_Deployment_CAPM-postgres-deployer#flowable-async-job-executor-thread-20389#
[PollExecuteTaskStatusExecution] c49c6f4e-6a21-4cf0-9f92-c125a8dc9d83 [2026-04-13T19:07:13.620835] /> deployment to postgres-ba329acb-cb7e-475c-b74a-6a3daa78372b.cqryblsdrbcs.us-east-1.rds.amazonaws.com:6137 failed (STDOUT, APP/TASK/deploy-to-postgresql)#
#2026 04 13 19:07:24.931#Z#DEBUG#be2d3d37-376b-11f1-938a-eeee0a8c9147.BTP_CI_CD_Deployment_CAPM-postgres-deployer#flowable-async-job-executor-thread-20389#
[PollExecuteTaskStatusExecution] c49c6f4e-6a21-4cf0-9f92-c125a8dc9d83 [2026-04-13T19:07:13.621663] Error: CDS compilation failed (@sap/cds-compiler v6.8.0) (STDERR, APP/TASK/deploy-to-postgresql)#
#2026 04 13 19:07:24.931#Z#DEBUG#be2d3d37-376b-11f1-938a-eeee0a8c9147.BTP_CI_CD_Deployment_CAPM-postgres-deployer#flowable-async-job-executor-thread-20389#
[PollExecuteTaskStatusExecution] c49c6f4e-6a21-4cf0-9f92-c125a8dc9d83 [2026-04-13T19:07:13.621683] db/csn.json:4: Error: Dropping elements is not supported (in entity:“com.sap.GitDeployment.Project”/element:“projectName”) (STDERR, APP/TASK/deploy-to-postgresql)#
#2026 04 13 19:07:24.931#Z#DEBUG#be2d3d37-376b-11f1-938a-eeee0a8c9147.BTP_CI_CD_Deployment_CAPM-postgres-deployer#flowable-async-job-executor-thread-20389#
[PollExecuteTaskStatusExecution] c49c6f4e-6a21-4cf0-9f92-c125a8dc9d83 [2026-04-13T19:07:13.621689] at throwWithAnyError (/home/vcap/app/node_modules/@sap/cds-compiler/lib/base/messages.js:587:13) (STDERR, APP/TASK/deploy-to-postgresql)#
#2026 04 13 19:07:24.931#Z#DEBUG#be2d3d37-376b-11f1-938a-eeee0a8c9147.BTP_CI_CD_Deployment_CAPM-postgres-deployer#flowable-async-job-executor-thread-20389#
[PollExecuteTaskStatusExecution] c49c6f4e-6a21-4cf0-9f92-c125a8dc9d83 [2026-04-13T19:07:13.621699] at Proxy.toSqlDdl (/home/vcap/app/node_modules/@sap/cds-compiler/lib/render/toSql.js:311:3) (STDERR, APP/TASK/deploy-to-postgresql)#
#2026 04 13 19:07:24.931#Z#DEBUG#be2d3d37-376b-11f1-938a-eeee0a8c9147.BTP_CI_CD_Deployment_CAPM-postgres-deployer#flowable-async-job-executor-thread-20389#
[PollExecuteTaskStatusExecution] c49c6f4e-6a21-4cf0-9f92-c125a8dc9d83 [2026-04-13T19:07:13.621701] at sqlMigration (/home/vcap/app/node_modules/@sap/cds-compiler/lib/api/main.js:599:13) (STDERR, APP/TASK/deploy-to-postgresql)#
#2026 04 13 19:07:24.931#Z#DEBUG#be2d3d37-376b-11f1-938a-eeee0a8c9147.BTP_CI_CD_Deployment_CAPM-postgres-deployer#flowable-async-job-executor-thread-20389#
[PollExecuteTaskStatusExecution] c49c6f4e-6a21-4cf0-9f92-c125a8dc9d83 [2026-04-13T19:07:13.621705] at Function.api [as migration] (/home/vcap/app/node_modules/@sap/cds-compiler/lib/api/main.js:1178:22) (STDERR, APP/TASK/deploy-to-postgresql)#
#2026 04 13 19:07:24.931#Z#DEBUG#be2d3d37-376b-11f1-938a-eeee0a8c9147.BTP_CI_CD_Deployment_CAPM-postgres-deployer#flowable-async-job-executor-thread-20389#
[PollExecuteTaskStatusExecution] c49c6f4e-6a21-4cf0-9f92-c125a8dc9d83 [2026-04-13T19:07:13.621707] at Function.migration (/home/vcap/app/node_modules/@sap/cds-compiler/lib/main.js:147:41) (STDERR, APP/TASK/deploy-to-postgresql)#
#2026 04 13 19:07:24.931#Z#DEBUG#be2d3d37-376b-11f1-938a-eeee0a8c9147.BTP_CI_CD_Deployment_CAPM-postgres-deployer#flowable-async-job-executor-thread-20389#
[PollExecuteTaskStatusExecution] c49c6f4e-6a21-4cf0-9f92-c125a8dc9d83 [2026-04-13T19:07:13.621709] at Object.deltaSql (/home/vcap/app/node_modules/@sap/cds/lib/compile/cdsc.js:165:53) (STDERR, APP/TASK/deploy-to-postgresql)#
#2026 04 13 19:07:24.931#Z#DEBUG#be2d3d37-376b-11f1-938a-eeee0a8c9147.BTP_CI_CD_Deployment_CAPM-postgres-deployer#flowable-async-job-executor-thread-20389#
[PollExecuteTaskStatusExecution] c49c6f4e-6a21-4cf0-9f92-c125a8dc9d83 [2026-04-13T19:07:13.621716] at /home/vcap/app/node_modules/@sap/cds/lib/compile/to/sql.js:38:61 (STDERR, APP/TASK/deploy-to-postgresql)#
#2026 04 13 19:07:24.931#Z#DEBUG#be2d3d37-376b-11f1-938a-eeee0a8c9147.BTP_CI_CD_Deployment_CAPM-postgres-deployer#flowable-async-job-executor-thread-20389#
[PollExecuteTaskStatusExecution] c49c6f4e-6a21-4cf0-9f92-c125a8dc9d83 [2026-04-13T19:07:13.621719] at next (/home/vcap/app/node_modules/@sap/cds/lib/compile/to/sql.js:44:4) (STDERR, APP/TASK/deploy-to-postgresql)#
#2026 04 13 19:07:24.931#Z#DEBUG#be2d3d37-376b-11f1-938a-eeee0a8c9147.BTP_CI_CD_Deployment_CAPM-postgres-deployer#flowable-async-job-executor-thread-20389#
[PollExecuteTaskStatusExecution] c49c6f4e-6a21-4cf0-9f92-c125a8dc9d83 [2026-04-13T19:07:13.621723] at Function.cds_compile_to_deltaSql [as delta] (/home/vcap/app/node_modules/@sap/cds/lib/compile/to/sql.js:46:21) (STDERR, APP/TASK/deploy-to-postgresql)#
#2026 04 13 19:07:24.931#Z#DEBUG#be2d3d37-376b-11f1-938a-eeee0a8c9147.BTP_CI_CD_Deployment_CAPM-postgres-deployer#flowable-async-job-executor-thread-20389#
[PollExecuteTaskStatusExecution] c49c6f4e-6a21-4cf0-9f92-c125a8dc9d83 [2026-04-13T19:07:13.621727] at deploy.schema (/home/vcap/app/node_modules/@sap/cds/lib/dbs/cds-deploy.js:75:75) (STDERR, APP/TASK/deploy-to-postgresql)#
#2026 04 13 19:07:24.931#Z#DEBUG#be2d3d37-376b-11f1-938a-eeee0a8c9147.BTP_CI_CD_Deployment_CAPM-postgres-deployer#flowable-async-job-executor-thread-20389#
[PollExecuteTaskStatusExecution] c49c6f4e-6a21-4cf0-9f92-c125a8dc9d83 [2026-04-13T19:07:13.664064] npm notice (STDERR, APP/TASK/deploy-to-postgresql)#
#2026 04 13 19:07:24.931#Z#DEBUG#be2d3d37-376b-11f1-938a-eeee0a8c9147.BTP_CI_CD_Deployment_CAPM-postgres-deployer#flowable-async-job-executor-thread-20389#
[PollExecuteTaskStatusExecution] c49c6f4e-6a21-4cf0-9f92-c125a8dc9d83 [2026-04-13T19:07:13.664090] npm notice New major version of npm available! 10.9.4 -> 11.12.1 (STDERR, APP/TASK/deploy-to-postgresql)#
#2026 04 13 19:07:24.931#Z#DEBUG#be2d3d37-376b-11f1-938a-eeee0a8c9147.BTP_CI_CD_Deployment_CAPM-postgres-deployer#flowable-async-job-executor-thread-20389#
[PollExecuteTaskStatusExecution] c49c6f4e-6a21-4cf0-9f92-c125a8dc9d83 [2026-04-13T19:07:13.664094] npm notice Changelog: https://github.com/npm/cli/releases/tag/v11.12.1 (STDERR, APP/TASK/deploy-to-postgresql)#
#2026 04 13 19:07:24.931#Z#DEBUG#be2d3d37-376b-11f1-938a-eeee0a8c9147.BTP_CI_CD_Deployment_CAPM-postgres-deployer#flowable-async-job-executor-thread-20389#
[PollExecuteTaskStatusExecution] c49c6f4e-6a21-4cf0-9f92-c125a8dc9d83 [2026-04-13T19:07:13.664097] npm notice To update run: npm install -g npm@11.12.1 (STDERR, APP/TASK/deploy-to-postgresql)#
#2026 04 13 19:07:24.931#Z#DEBUG#be2d3d37-376b-11f1-938a-eeee0a8c9147.BTP_CI_CD_Deployment_CAPM-postgres-deployer#flowable-async-job-executor-thread-20389#
[PollExecuteTaskStatusExecution] c49c6f4e-6a21-4cf0-9f92-c125a8dc9d83 [2026-04-13T19:07:13.664099] npm notice (STDERR, APP/TASK/deploy-to-postgresql)#
#2026 04 13 19:07:24.931#Z#DEBUG#be2d3d37-376b-11f1-938a-eeee0a8c9147.BTP_CI_CD_Deployment_CAPM-postgres-deployer#flowable-async-job-executor-thread-20389#
[PollExecuteTaskStatusExecution] c49c6f4e-6a21-4cf0-9f92-c125a8dc9d83 [2026-04-13T19:07:13.734830] Exit status 1 (STDOUT, APP/TASK/deploy-to-postgresql)#
#2026 04 13 19:07:24.931#Z#DEBUG#be2d3d37-376b-11f1-938a-eeee0a8c9147.BTP_CI_CD_Deployment_CAPM-postgres-deployer#flowable-async-job-executor-thread-20389#
[PollExecuteTaskStatusExecution] c49c6f4e-6a21-4cf0-9f92-c125a8dc9d83 [2026-04-13T19:07:14.219116] Cell 77283d80-dfa7-40ba-ba4e-265aef112085 stopping instance 6408ffa1-9c5f-4fdc-979e-4cd8fd74e6f5 (STDOUT, CELL)#
#2026 04 13 19:07:24.931#Z#DEBUG#be2d3d37-376b-11f1-938a-eeee0a8c9147.BTP_CI_CD_Deployment_CAPM-postgres-deployer#flowable-async-job-executor-thread-20389#
[PollExecuteTaskStatusExecution] c49c6f4e-6a21-4cf0-9f92-c125a8dc9d83 [2026-04-13T19:07:14.219163] Cell 77283d80-dfa7-40ba-ba4e-265aef112085 destroying container for instance 6408ffa1-9c5f-4fdc-979e-4cd8fd74e6f5 (STDOUT, CELL)#
#2026 04 13 19:07:24.931#Z#DEBUG#be2d3d37-376b-11f1-938a-eeee0a8c9147.BTP_CI_CD_Deployment_CAPM-postgres-deployer#flowable-async-job-executor-thread-20389#
[PollExecuteTaskStatusExecution] c49c6f4e-6a21-4cf0-9f92-c125a8dc9d83 [2026-04-13T19:07:17.879534] Cell 77283d80-dfa7-40ba-ba4e-265aef112085 successfully destroyed container for instance 6408ffa1-9c5f-4fdc-979e-4cd8fd74e6f5 (STDOUT, CELL)#
#2026 04 13 19:07:24.931#Z#DEBUG#be2d3d37-376b-11f1-938a-eeee0a8c9147.BTP_CI_CD_Deployment_CAPM-postgres-deployer#flowable-async-job-executor-thread-20389#
[PollExecuteTaskStatusExecution] c49c6f4e-6a21-4cf0-9f92-c125a8dc9d83 [2026-04-13T19:07:18.227244] Cell 77283d80-dfa7-40ba-ba4e-265aef112085 creating container for instance edf39563-0ed8-426b-a517-9dc0197449d3 (STDOUT, CELL)#
#2026 04 13 19:07:24.931#Z#DEBUG#be2d3d37-376b-11f1-938a-eeee0a8c9147.BTP_CI_CD_Deployment_CAPM-postgres-deployer#flowable-async-job-executor-thread-20389#
[PollExecuteTaskStatusExecution] c49c6f4e-6a21-4cf0-9f92-c125a8dc9d83 [2026-04-13T19:07:19.146119] Security group rules were updated (STDOUT, CELL)#
#2026 04 13 19:07:24.931#Z#DEBUG#be2d3d37-376b-11f1-938a-eeee0a8c9147.BTP_CI_CD_Deployment_CAPM-postgres-deployer#flowable-async-job-executor-thread-20389#
[PollExecuteTaskStatusExecution] c49c6f4e-6a21-4cf0-9f92-c125a8dc9d83 [2026-04-13T19:07:19.244743] Cell 77283d80-dfa7-40ba-ba4e-265aef112085 successfully created container for instance edf39563-0ed8-426b-a517-9dc0197449d3 (STDOUT, CELL)#
#2026 04 13 19:07:24.931#Z#DEBUG#be2d3d37-376b-11f1-938a-eeee0a8c9147.BTP_CI_CD_Deployment_CAPM-postgres-deployer#flowable-async-job-executor-thread-20389#
[PollExecuteTaskStatusExecution] c49c6f4e-6a21-4cf0-9f92-c125a8dc9d83 [2026-04-13T19:07:24.089420] Invoking pre-start scripts. (STDOUT, APP/TASK/deploy-to-postgresql)#
#2026 04 13 19:07:24.931#Z#DEBUG#be2d3d37-376b-11f1-938a-eeee0a8c9147.BTP_CI_CD_Deployment_CAPM-postgres-deployer#flowable-async-job-executor-thread-20389#
[PollExecuteTaskStatusExecution] c49c6f4e-6a21-4cf0-9f92-c125a8dc9d83 [2026-04-13T19:07:24.290194] Invoking start command. (STDOUT, APP/TASK/deploy-to-postgresql)#
#2026 04 13 19:07:35.113#Z#DEBUG#be2d3d37-376b-11f1-938a-eeee0a8c9147.BTP_CI_CD_Deployment_CAPM-postgres-deployer#flowable-async-job-executor-thread-20398#
[PollExecuteTaskStatusExecution] c49c6f4e-6a21-4cf0-9f92-c125a8dc9d83 [2026-04-13T19:07:24.715787] > start (STDOUT, APP/TASK/deploy-to-postgresql)#
#2026 04 13 19:07:35.113#Z#DEBUG#be2d3d37-376b-11f1-938a-eeee0a8c9147.BTP_CI_CD_Deployment_CAPM-postgres-deployer#flowable-async-job-executor-thread-20398#
[PollExecuteTaskStatusExecution] c49c6f4e-6a21-4cf0-9f92-c125a8dc9d83 [2026-04-13T19:07:24.715810] > cds-deploy (STDOUT, APP/TASK/deploy-to-postgresql)#
#2026 04 13 19:07:35.113#Z#DEBUG#be2d3d37-376b-11f1-938a-eeee0a8c9147.BTP_CI_CD_Deployment_CAPM-postgres-deployer#flowable-async-job-executor-thread-20398#
[PollExecuteTaskStatusExecution] c49c6f4e-6a21-4cf0-9f92-c125a8dc9d83 [2026-04-13T19:07:24.790646] Deploying with options: { (STDOUT, APP/TASK/deploy-to-postgresql)#
#2026 04 13 19:07:35.113#Z#DEBUG#be2d3d37-376b-11f1-938a-eeee0a8c9147.BTP_CI_CD_Deployment_CAPM-postgres-deployer#flowable-async-job-executor-thread-20398#
[PollExecuteTaskStatusExecution] c49c6f4e-6a21-4cf0-9f92-c125a8dc9d83 [2026-04-13T19:07:24.790662] impl: '@cap-js/postgres', (STDOUT, APP/TASK/deploy-to-postgresql)#
#2026 04 13 19:07:35.113#Z#DEBUG#be2d3d37-376b-11f1-938a-eeee0a8c9147.BTP_CI_CD_Deployment_CAPM-postgres-deployer#flowable-async-job-executor-thread-20398#
[PollExecuteTaskStatusExecution] c49c6f4e-6a21-4cf0-9f92-c125a8dc9d83 [2026-04-13T19:07:24.790666] kind: 'postgres', (STDOUT, APP/TASK/deploy-to-postgresql)#
#2026 04 13 19:07:35.113#Z#DEBUG#be2d3d37-376b-11f1-938a-eeee0a8c9147.BTP_CI_CD_Deployment_CAPM-postgres-deployer#flowable-async-job-executor-thread-20398#
[PollExecuteTaskStatusExecution] c49c6f4e-6a21-4cf0-9f92-c125a8dc9d83 [2026-04-13T19:07:24.790669] dialect: 'postgres', (STDOUT, APP/TASK/deploy-to-postgresql)#
#2026 04 13 19:07:35.113#Z#DEBUG#be2d3d37-376b-11f1-938a-eeee0a8c9147.BTP_CI_CD_Deployment_CAPM-postgres-deployer#flowable-async-job-executor-thread-20398#
[PollExecuteTaskStatusExecution] c49c6f4e-6a21-4cf0-9f92-c125a8dc9d83 [2026-04-13T19:07:24.790672] vcap: { label: 'postgresql-db' }, (STDOUT, APP/TASK/deploy-to-postgresql)#
#2026 04 13 19:07:35.113#Z#DEBUG#be2d3d37-376b-11f1-938a-eeee0a8c9147.BTP_CI_CD_Deployment_CAPM-postgres-deployer#flowable-async-job-executor-thread-20398#
[PollExecuteTaskStatusExecution] c49c6f4e-6a21-4cf0-9f92-c125a8dc9d83 [2026-04-13T19:07:24.790676] pool: { (STDOUT, APP/TASK/deploy-to-postgresql)#
#2026 04 13 19:07:35.113#Z#DEBUG#be2d3d37-376b-11f1-938a-eeee0a8c9147.BTP_CI_CD_Deployment_CAPM-postgres-deployer#flowable-async-job-executor-thread-20398#
[PollExecuteTaskStatusExecution] c49c6f4e-6a21-4cf0-9f92-c125a8dc9d83 [2026-04-13T19:07:24.790678] min: 0, (STDOUT, APP/TASK/deploy-to-postgresql)#
#2026 04 13 19:07:35.113#Z#DEBUG#be2d3d37-376b-11f1-938a-eeee0a8c9147.BTP_CI_CD_Deployment_CAPM-postgres-deployer#flowable-async-job-executor-thread-20398#
[PollExecuteTaskStatusExecution] c49c6f4e-6a21-4cf0-9f92-c125a8dc9d83 [2026-04-13T19:07:24.790680] max: 10, (STDOUT, APP/TASK/deploy-to-postgresql)#
#2026 04 13 19:07:35.113#Z#DEBUG#be2d3d37-376b-11f1-938a-eeee0a8c9147.BTP_CI_CD_Deployment_CAPM-postgres-deployer#flowable-async-job-executor-thread-20398#
[PollExecuteTaskStatusExecution] c49c6f4e-6a21-4cf0-9f92-c125a8dc9d83 [2026-04-13T19:07:24.790683] testOnBorrow: true, (STDOUT, APP/TASK/deploy-to-postgresql)#
#2026 04 13 19:07:35.113#Z#DEBUG#be2d3d37-376b-11f1-938a-eeee0a8c9147.BTP_CI_CD_Deployment_CAPM-postgres-deployer#flowable-async-job-executor-thread-20398#
[PollExecuteTaskStatusExecution] c49c6f4e-6a21-4cf0-9f92-c125a8dc9d83 [2026-04-13T19:07:24.790685] acquireTimeoutMillis: 1000, (STDOUT, APP/TASK/deploy-to-postgresql)#
#2026 04 13 19:07:35.113#Z#DEBUG#be2d3d37-376b-11f1-938a-eeee0a8c9147.BTP_CI_CD_Deployment_CAPM-postgres-deployer#flowable-async-job-executor-thread-20398#
[PollExecuteTaskStatusExecution] c49c6f4e-6a21-4cf0-9f92-c125a8dc9d83 [2026-04-13T19:07:24.790691] destroyTimeoutMillis: 1000 (STDOUT, APP/TASK/deploy-to-postgresql)#
#2026 04 13 19:07:35.113#Z#DEBUG#be2d3d37-376b-11f1-938a-eeee0a8c9147.BTP_CI_CD_Deployment_CAPM-postgres-deployer#flowable-async-job-executor-thread-20398#
[PollExecuteTaskStatusExecution] c49c6f4e-6a21-4cf0-9f92-c125a8dc9d83 [2026-04-13T19:07:24.790693] }, (STDOUT, APP/TASK/deploy-to-postgresql)#
#2026 04 13 19:07:35.113#Z#DEBUG#be2d3d37-376b-11f1-938a-eeee0a8c9147.BTP_CI_CD_Deployment_CAPM-postgres-deployer#flowable-async-job-executor-thread-20398#
[PollExecuteTaskStatusExecution] c49c6f4e-6a21-4cf0-9f92-c125a8dc9d83 [2026-04-13T19:07:24.790695] schema_evolution: 'auto', (STDOUT, APP/TASK/deploy-to-postgresql)#
#2026 04 13 19:07:35.113#Z#DEBUG#be2d3d37-376b-11f1-938a-eeee0a8c9147.BTP_CI_CD_Deployment_CAPM-postgres-deployer#flowable-async-job-executor-thread-20398#
[PollExecuteTaskStatusExecution] c49c6f4e-6a21-4cf0-9f92-c125a8dc9d83 [2026-04-13T19:07:24.790697] credentials: { (STDOUT, APP/TASK/deploy-to-postgresql)#
#2026 04 13 19:07:35.113#Z#DEBUG#be2d3d37-376b-11f1-938a-eeee0a8c9147.BTP_CI_CD_Deployment_CAPM-postgres-deployer#flowable-async-job-executor-thread-20398#
[PollExecuteTaskStatusExecution] c49c6f4e-6a21-4cf0-9f92-c125a8dc9d83 [2026-04-13T19:07:24.790703] username: '36c89beec156', (STDOUT, APP/TASK/deploy-to-postgresql)#
#2026 04 13 19:07:35.113#Z#DEBUG#be2d3d37-376b-11f1-938a-eeee0a8c9147.BTP_CI_CD_Deployment_CAPM-postgres-deployer#flowable-async-job-executor-thread-20398#
[PollExecuteTaskStatusExecution] c49c6f4e-6a21-4cf0-9f92-c125a8dc9d83 [2026-04-13T19:07:24.790705] password: '55e6938c7d414f3fb516545d23ad3', (STDOUT, APP/TASK/deploy-to-postgresql)#
#2026 04 13 19:07:35.113#Z#DEBUG#be2d3d37-376b-11f1-938a-eeee0a8c9147.BTP_CI_CD_Deployment_CAPM-postgres-deployer#flowable-async-job-executor-thread-20398#
[PollExecuteTaskStatusExecution] c49c6f4e-6a21-4cf0-9f92-c125a8dc9d83 [2026-04-13T19:07:24.790709] hostname: 'postgres-ba329acb-cb7e-475c-b74a-6a3daa78372b.cqryblsdrbcs.us-east-1.rds.amazonaws.com', (STDOUT, APP/TASK/deploy-to-postgresql)#
#2026 04 13 19:07:35.113#Z#DEBUG#be2d3d37-376b-11f1-938a-eeee0a8c9147.BTP_CI_CD_Deployment_CAPM-postgres-deployer#flowable-async-job-executor-thread-20398#
[PollExecuteTaskStatusExecution] c49c6f4e-6a21-4cf0-9f92-c125a8dc9d83 [2026-04-13T19:07:24.790711] dbname: 'BgEevKumUsMP', (STDOUT, APP/TASK/deploy-to-postgresql)#
#2026 04 13 19:07:35.113#Z#DEBUG#be2d3d37-376b-11f1-938a-eeee0a8c9147.BTP_CI_CD_Deployment_CAPM-postgres-deployer#flowable-async-job-executor-thread-20398#
[PollExecuteTaskStatusExecution] c49c6f4e-6a21-4cf0-9f92-c125a8dc9d83 [2026-04-13T19:07:24.790713] port: '6137', (STDOUT, APP/TASK/deploy-to-postgresql)#
#2026 04 13 19:07:35.113#Z#DEBUG#be2d3d37-376b-11f1-938a-eeee0a8c9147.BTP_CI_CD_Deployment_CAPM-postgres-deployer#flowable-async-job-executor-thread-20398#
[PollExecuteTaskStatusExecution] c49c6f4e-6a21-4cf0-9f92-c125a8dc9d83 [2026-04-13T19:07:24.790716] uri: 'postgres://36c89beec156:55e6938c7d414f3fb516545d23ad3@postgres-ba329acb-cb7e-475c-b74a-6a3daa78372b.cqryblsdrbcs.us-east-1.rds.amazonaws.com:6137/BgEevKumUsMP', (STDOUT, APP/TASK/deploy-to-postgresql)#
#2026 04 13 19:07:35.113#Z#DEBUG#be2d3d37-376b-11f1-938a-eeee0a8c9147.BTP_CI_CD_Deployment_CAPM-postgres-deployer#flowable-async-job-executor-thread-20398#
[PollExecuteTaskStatusExecution] c49c6f4e-6a21-4cf0-9f92-c125a8dc9d83 [2026-04-13T19:07:24.790718] urls: { (STDOUT, APP/TASK/deploy-to-postgresql)#
#2026 04 13 19:07:35.113#Z#DEBUG#be2d3d37-376b-11f1-938a-eeee0a8c9147.BTP_CI_CD_Deployment_CAPM-postgres-deployer#flowable-async-job-executor-thread-20398#
[PollExecuteTaskStatusExecution] c49c6f4e-6a21-4cf0-9f92-c125a8dc9d83 [2026-04-13T19:07:24.790723] api_server: 'https://api-backing-services.us10-001.data.services.cloud.sap' (STDOUT, APP/TASK/deploy-to-postgresql)#
#2026 04 13 19:07:35.113#Z#DEBUG#be2d3d37-376b-11f1-938a-eeee0a8c9147.BTP_CI_CD_Deployment_CAPM-postgres-deployer#flowable-async-job-executor-thread-20398#
[PollExecuteTaskStatusExecution] c49c6f4e-6a21-4cf0-9f92-c125a8dc9d83 [2026-04-13T19:07:24.790725] }, (STDOUT, APP/TASK/deploy-to-postgresql)#
#2026 04 13 19:07:35.113#Z#DEBUG#be2d3d37-376b-11f1-938a-eeee0a8c9147.BTP_CI_CD_Deployment_CAPM-postgres-deployer#flowable-async-job-executor-thread-20398#
[PollExecuteTaskStatusExecution] c49c6f4e-6a21-4cf0-9f92-c125a8dc9d83 [2026-04-13T19:07:24.790731] sslcert: '-----BEGIN CERTIFICATE-----\n' + (STDOUT, APP/TASK/deploy-to-postgresql)#
#2026 04 13 19:07:35.113#Z#DEBUG#be2d3d37-376b-11f1-938a-eeee0a8c9147.BTP_CI_CD_Deployment_CAPM-postgres-deployer#flowable-async-job-executor-thread-20398#
[PollExecuteTaskStatusExecution] c49c6f4e-6a21-4cf0-9f92-c125a8dc9d83 [2026-04-13T19:07:24.790734] 'MIID/zCCAuegAwIBAgIRAPVSMfFitmM5PhmbaOFoGfUwDQYJKoZIhvcNAQELBQAw\n' + (STDOUT, APP/TASK/deploy-to-postgresql)#
#2026 04 13 19:07:35.113#Z#DEBUG#be2d3d37-376b-11f1-938a-eeee0a8c9147.BTP_CI_CD_Deployment_CAPM-postgres-deployer#flowable-async-job-executor-thread-20398#
[PollExecuteTaskStatusExecution] c49c6f4e-6a21-4cf0-9f92-c125a8dc9d83 [2026-04-13T19:07:24.790737] 'gZcxCzAJBgNVBAYTAlVTMSIwIAYDVQQKDBlBbWF6b24gV2ViIFNlcnZpY2VzLCBJ\n' + (STDOUT, APP/TASK/deploy-to-postgresql)#
#2026 04 13 19:07:35.113#Z#DEBUG#be2d3d37-376b-11f1-938a-eeee0a8c9147.BTP_CI_CD_Deployment_CAPM-postgres-deployer#flowable-async-job-executor-thread-20398#
[PollExecuteTaskStatusExecution] c49c6f4e-6a21-4cf0-9f92-c125a8dc9d83 [2026-04-13T19:07:24.790739] 'bmMuMRMwEQYDVQQLDApBbWF6b24gUkRTMQswCQYDVQQIDAJXQTEwMC4GA1UEAwwn\n' + (STDOUT, APP/TASK/deploy-to-postgresql)#
#2026 04 13 19:07:35.113#Z#DEBUG#be2d3d37-376b-11f1-938a-eeee0a8c9147.BTP_CI_CD_Deployment_CAPM-postgres-deployer#flowable-async-job-executor-thread-20398#
[PollExecuteTaskStatusExecution] c49c6f4e-6a21-4cf0-9f92-c125a8dc9d83 [2026-04-13T19:07:24.790742] 'QW1hem9uIFJEUyB1cy1lYXN0LTEgUm9vdCBDQSBSU0EyMDQ4IEcxMRAwDgYDVQQH\n' + (STDOUT, APP/TASK/deploy-to-postgresql)#
#2026 04 13 19:07:35.113#Z#DEBUG#be2d3d37-376b-11f1-938a-eeee0a8c9147.BTP_CI_CD_Deployment_CAPM-postgres-deployer#flowable-async-job-executor-thread-20398#
[PollExecuteTaskStatusExecution] c49c6f4e-6a21-4cf0-9f92-c125a8dc9d83 [2026-04-13T19:07:24.790744] 'DAdTZWF0dGxlMCAXDTIxMDUyNTIyMzQ1N1oYDzIwNjEwNTI1MjMzNDU3WjCBlzEL\n' + (STDOUT, APP/TASK/deploy-to-postgresql)#
#2026 04 13 19:07:35.113#Z#DEBUG#be2d3d37-376b-11f1-938a-eeee0a8c9147.BTP_CI_CD_Deployment_CAPM-postgres-deployer#flowable-async-job-executor-thread-20398#
[PollExecuteTaskStatusExecution] c49c6f4e-6a21-4cf0-9f92-c125a8dc9d83 [2026-04-13T19:07:24.790746] 'MAkGA1UEBhMCVVMxIjAgBgNVBAoMGUFtYXpvbiBXZWIgU2VydmljZXMsIEluYy4x\n' + (STDOUT, APP/TASK/deploy-to-postgresql)#
#2026 04 13 19:07:35.113#Z#DEBUG#be2d3d37-376b-11f1-938a-eeee0a8c9147.BTP_CI_CD_Deployment_CAPM-postgres-deployer#flowable-async-job-executor-thread-20398#
[PollExecuteTaskStatusExecution] c49c6f4e-6a21-4cf0-9f92-c125a8dc9d83 [2026-04-13T19:07:24.790749] 'EzARBgNVBAsMCkFtYXpvbiBSRFMxCzAJBgNVBAgMAldBMTAwLgYDVQQDDCdBbWF6\n' + (STDOUT, APP/TASK/deploy-to-postgresql)#
#2026 04 13 19:07:35.113#Z#DEBUG#be2d3d37-376b-11f1-938a-eeee0a8c9147.BTP_CI_CD_Deployment_CAPM-postgres-deployer#flowable-async-job-executor-thread-20398#
[PollExecuteTaskStatusExecution] c49c6f4e-6a21-4cf0-9f92-c125a8dc9d83 [2026-04-13T19:07:24.790751] 'b24gUkRTIHVzLWVhc3QtMSBSb290IENBIFJTQTIwNDggRzExEDAOBgNVBAcMB1Nl\n' + (STDOUT, APP/TASK/deploy-to-postgresql)#
#2026 04 13 19:07:35.113#Z#DEBUG#be2d3d37-376b-11f1-938a-eeee0a8c9147.BTP_CI_CD_Deployment_CAPM-postgres-deployer#flowable-async-job-executor-thread-20398#
[PollExecuteTaskStatusExecution] c49c6f4e-6a21-4cf0-9f92-c125a8dc9d83 [2026-04-13T19:07:24.790753] 'YXR0bGUwggEiMA0GCSqGSIb3DQEBAQUAA4IBDwAwggEKAoIBAQDu9H7TBeGoDzMr\n' + (STDOUT, APP/TASK/deploy-to-postgresql)#
#2026 04 13 19:07:35.113#Z#DEBUG#be2d3d37-376b-11f1-938a-eeee0a8c9147.BTP_CI_CD_Deployment_CAPM-postgres-deployer#flowable-async-job-executor-thread-20398#
[PollExecuteTaskStatusExecution] c49c6f4e-6a21-4cf0-9f92-c125a8dc9d83 [2026-04-13T19:07:24.790755] 'dxN6H8COntJX4IR6dbyhnj5qMD4xl/IWvp50lt0VpmMd+z2PNZzx8RazeGC5IniV\n' + (STDOUT, APP/TASK/deploy-to-postgresql)#
#2026 04 13 19:07:35.113#Z#DEBUG#be2d3d37-376b-11f1-938a-eeee0a8c9147.BTP_CI_CD_Deployment_CAPM-postgres-deployer#flowable-async-job-executor-thread-20398#
[PollExecuteTaskStatusExecution] c49c6f4e-6a21-4cf0-9f92-c125a8dc9d83 [2026-04-13T19:07:24.790757] '5nrLg0AKWRQ2A/lGGXbUrGXCSe09brMQCxWBSIYe1WZZ1iU1IJ/6Bp4D2YEHpXrW\n' + (STDOUT, APP/TASK/deploy-to-postgresql)#
#2026 04 13 19:07:35.113#Z#DEBUG#be2d3d37-376b-11f1-938a-eeee0a8c9147.BTP_CI_CD_Deployment_CAPM-postgres-deployer#flowable-async-job-executor-thread-20398#
[PollExecuteTaskStatusExecution] c49c6f4e-6a21-4cf0-9f92-c125a8dc9d83 [2026-04-13T19:07:24.790763] 'bPkOq5x3YPcsoitgm1Xh8ygz6vb7PsvJvPbvRMnkDg5IqEThapPjmKb8ZJWyEFEE\n' + (STDOUT, APP/TASK/deploy-to-postgresql)#
#2026 04 13 19:07:35.113#Z#DEBUG#be2d3d37-376b-11f1-938a-eeee0a8c9147.BTP_CI_CD_Deployment_CAPM-postgres-deployer#flowable-async-job-executor-thread-20398#
[PollExecuteTaskStatusExecution] c49c6f4e-6a21-4cf0-9f92-c125a8dc9d83 [2026-04-13T19:07:24.790766] 'QRrkCIRueB1EqQtJw0fvP4PKDlCJAKBEs/y049FoOqYpT3pRy0WKqPhWve+hScMd\n' + (STDOUT, APP/TASK/deploy-to-postgresql)#
#2026 04 13 19:07:35.113#Z#DEBUG#be2d3d37-376b-11f1-938a-eeee0a8c9147.BTP_CI_CD_Deployment_CAPM-postgres-deployer#flowable-async-job-executor-thread-20398#
[PollExecuteTaskStatusExecution] c49c6f4e-6a21-4cf0-9f92-c125a8dc9d83 [2026-04-13T19:07:24.790769] '6obq8kxTFy1IHACjHc51nrGII5Bt76/MpTWhnJIJrCnq1/Uc3Qs8IVeb+sLaFC8K\n' + (STDOUT, APP/TASK/deploy-to-postgresql)#
#2026 04 13 19:07:35.113#Z#DEBUG#be2d3d37-376b-11f1-938a-eeee0a8c9147.BTP_CI_CD_Deployment_CAPM-postgres-deployer#flowable-async-job-executor-thread-20398#
[PollExecuteTaskStatusExecution] c49c6f4e-6a21-4cf0-9f92-c125a8dc9d83 [2026-04-13T19:07:24.790771] 'DI69Sw6bAgMBAAGjQjBAMA8GA1UdEwEB/wQFMAMBAf8wHQYDVR0OBBYEFE7PCopt\n' + (STDOUT, APP/TASK/deploy-to-postgresql)#
#2026 04 13 19:07:35.113#Z#DEBUG#be2d3d37-376b-11f1-938a-eeee0a8c9147.BTP_CI_CD_Deployment_CAPM-postgres-deployer#flowable-async-job-executor-thread-20398#
[PollExecuteTaskStatusExecution] c49c6f4e-6a21-4cf0-9f92-c125a8dc9d83 [2026-04-13T19:07:24.790776] 'lyOgtXX0Y1lObBUxuKaCMA4GA1UdDwEB/wQEAwIBhjANBgkqhkiG9w0BAQsFAAOC\n' + (STDOUT, APP/TASK/deploy-to-postgresql)#
#2026 04 13 19:07:35.113#Z#DEBUG#be2d3d37-376b-11f1-938a-eeee0a8c9147.BTP_CI_CD_Deployment_CAPM-postgres-deployer#flowable-async-job-executor-thread-20398#
[PollExecuteTaskStatusExecution] c49c6f4e-6a21-4cf0-9f92-c125a8dc9d83 [2026-04-13T19:07:24.790778] 'AQEAFj+bX8gLmMNefr5jRJfHjrL3iuZCjf7YEZgn89pS4z8408mjj9z6Q5D1H7yS\n' + (STDOUT, APP/TASK/deploy-to-postgresql)#
#2026 04 13 19:07:35.113#Z#DEBUG#be2d3d37-376b-11f1-938a-eeee0a8c9147.BTP_CI_CD_Deployment_CAPM-postgres-deployer#flowable-async-job-executor-thread-20398#
[PollExecuteTaskStatusExecution] c49c6f4e-6a21-4cf0-9f92-c125a8dc9d83 [2026-04-13T19:07:24.790780] 'jNETVV8QaJip1qyhh5gRzRaArgGAYvi2/r0zPsy+Tgf7v1KGL5Lh8NT8iCEGGXwF\n' + (STDOUT, APP/TASK/deploy-to-postgresql)#
#2026 04 13 19:07:35.113#Z#DEBUG#be2d3d37-376b-11f1-938a-eeee0a8c9147.BTP_CI_CD_Deployment_CAPM-postgres-deployer#flowable-async-job-executor-thread-20398#
[PollExecuteTaskStatusExecution] c49c6f4e-6a21-4cf0-9f92-c125a8dc9d83 [2026-04-13T19:07:24.790782] 'g3Ir+Nl3e+9XUp0eyyzBIjHtjLBm6yy8rGk9p6OtFDQnKF5OxwbAgip42CD75r/q\n' + (STDOUT, APP/TASK/deploy-to-postgresql)#
#2026 04 13 19:07:35.113#Z#DEBUG#be2d3d37-376b-11f1-938a-eeee0a8c9147.BTP_CI_CD_Deployment_CAPM-postgres-deployer#flowable-async-job-executor-thread-20398#
[PollExecuteTaskStatusExecution] c49c6f4e-6a21-4cf0-9f92-c125a8dc9d83 [2026-04-13T19:07:24.790805] 'p421maEDDvvRFR4D+99JZxgAYDBGqRRceUoe16qDzbMvlz0A9paCZFclxeftAxv6\n' + (STDOUT, APP/TASK/deploy-to-postgresql)#
#2026 04 13 19:07:35.113#Z#DEBUG#be2d3d37-376b-11f1-938a-eeee0a8c9147.BTP_CI_CD_Deployment_CAPM-postgres-deployer#flowable-async-job-executor-thread-20398#
[PollExecuteTaskStatusExecution] c49c6f4e-6a21-4cf0-9f92-c125a8dc9d83 [2026-04-13T19:07:24.790808] 'QlR5rItMz/XdzpBJUpYhdzM0gCzAzdQuVO5tjJxmXhkSMcDP+8Q+Uv6FA9k2VpUV\n' + (STDOUT, APP/TASK/deploy-to-postgresql)#
#2026 04 13 19:07:35.113#Z#DEBUG#be2d3d37-376b-11f1-938a-eeee0a8c9147.BTP_CI_CD_Deployment_CAPM-postgres-deployer#flowable-async-job-executor-thread-20398#
[PollExecuteTaskStatusExecution] c49c6f4e-6a21-4cf0-9f92-c125a8dc9d83 [2026-04-13T19:07:24.790810] 'E/O5jgpqUJJ2Hc/5rs9VkAPXeA==\n' + (STDOUT, APP/TASK/deploy-to-postgresql)#
#2026 04 13 19:07:35.113#Z#DEBUG#be2d3d37-376b-11f1-938a-eeee0a8c9147.BTP_CI_CD_Deployment_CAPM-postgres-deployer#flowable-async-job-executor-thread-20398#
[PollExecuteTaskStatusExecution] c49c6f4e-6a21-4cf0-9f92-c125a8dc9d83 [2026-04-13T19:07:24.790813] '-----END CERTIFICATE-----\n' + (STDOUT, APP/TASK/deploy-to-postgresql)#
#2026 04 13 19:07:35.113#Z#DEBUG#be2d3d37-376b-11f1-938a-eeee0a8c9147.BTP_CI_CD_Deployment_CAPM-postgres-deployer#flowable-async-job-executor-thread-20398#
[PollExecuteTaskStatusExecution] c49c6f4e-6a21-4cf0-9f92-c125a8dc9d83 [2026-04-13T19:07:24.790816] '-----BEGIN CERTIFICATE-----\n' + (STDOUT, APP/TASK/deploy-to-postgresql)#
#2026 04 13 19:07:35.113#Z#DEBUG#be2d3d37-376b-11f1-938a-eeee0a8c9147.BTP_CI_CD_Deployment_CAPM-postgres-deployer#flowable-async-job-executor-thread-20398#
[PollExecuteTaskStatusExecution] c49c6f4e-6a21-4cf0-9f92-c125a8dc9d83 [2026-04-13T19:07:24.790820] 'MIIF/jCCA+agAwIBAgIQaRHaEqqacXN20e8zZJtmDDANBgkqhkiG9w0BAQwFADCB\n' + (STDOUT, APP/TASK/deploy-to-postgresql)#
#2026 04 13 19:07:35.113#Z#DEBUG#be2d3d37-376b-11f1-938a-eeee0a8c9147.BTP_CI_CD_Deployment_CAPM-postgres-deployer#flowable-async-job-executor-thread-20398#
[PollExecuteTaskStatusExecution] c49c6f4e-6a21-4cf0-9f92-c125a8dc9d83 [2026-04-13T19:07:24.790822] 'lzELMAkGA1UEBhMCVVMxIjAgBgNVBAoMGUFtYXpvbiBXZWIgU2VydmljZXMsIElu\n' + (STDOUT, APP/TASK/deploy-to-postgresql)#
#2026 04 13 19:07:35.113#Z#DEBUG#be2d3d37-376b-11f1-938a-eeee0a8c9147.BTP_CI_CD_Deployment_CAPM-postgres-deployer#flowable-async-job-executor-thread-20398#
[PollExecuteTaskStatusExecution] c49c6f4e-6a21-4cf0-9f92-c125a8dc9d83 [2026-04-13T19:07:24.790825] 'Yy4xEzARBgNVBAsMCkFtYXpvbiBSRFMxCzAJBgNVBAgMAldBMTAwLgYDVQQDDCdB\n' + (STDOUT, APP/TASK/deploy-to-postgresql)#
#2026 04 13 19:07:35.113#Z#DEBUG#be2d3d37-376b-11f1-938a-eeee0a8c9147.BTP_CI_CD_Deployment_CAPM-postgres-deployer#flowable-async-job-executor-thread-20398#
[PollExecuteTaskStatusExecution] c49c6f4e-6a21-4cf0-9f92-c125a8dc9d83 [2026-04-13T19:07:24.790829] 'bWF6b24gUkRTIHVzLWVhc3QtMSBSb290IENBIFJTQTQwOTYgRzExEDAOBgNVBAcM\n' + (STDOUT, APP/TASK/deploy-to-postgresql)#
#2026 04 13 19:07:35.113#Z#DEBUG#be2d3d37-376b-11f1-938a-eeee0a8c9147.BTP_CI_CD_Deployment_CAPM-postgres-deployer#flowable-async-job-executor-thread-20398#
[PollExecuteTaskStatusExecution] c49c6f4e-6a21-4cf0-9f92-c125a8dc9d83 [2026-04-13T19:07:24.790833] 'B1NlYXR0bGUwIBcNMjEwNTI1MjIzODM1WhgPMjEyMTA1MjUyMzM4MzVaMIGXMQsw\n' + (STDOUT, APP/TASK/deploy-to-postgresql)#
#2026 04 13 19:07:35.113#Z#DEBUG#be2d3d37-376b-11f1-938a-eeee0a8c9147.BTP_CI_CD_Deployment_CAPM-postgres-deployer#flowable-async-job-executor-thread-20398#
[PollExecuteTaskStatusExecution] c49c6f4e-6a21-4cf0-9f92-c125a8dc9d83 [2026-04-13T19:07:24.790835] 'CQYDVQQGEwJVUzEiMCAGA1UECgwZQW1hem9uIFdlYiBTZXJ2aWNlcywgSW5jLjET\n' + (STDOUT, APP/TASK/deploy-to-postgresql)#
#2026 04 13 19:07:35.113#Z#DEBUG#be2d3d37-376b-11f1-938a-eeee0a8c9147.BTP_CI_CD_Deployment_CAPM-postgres-deployer#flowable-async-job-executor-thread-20398#
[PollExecuteTaskStatusExecution] c49c6f4e-6a21-4cf0-9f92-c125a8dc9d83 [2026-04-13T19:07:24.790838] 'MBEGA1UECwwKQW1hem9uIFJEUzELMAkGA1UECAwCV0ExMDAuBgNVBAMMJ0FtYXpv\n' + (STDOUT, APP/TASK/deploy-to-postgresql)#
#2026 04 13 19:07:35.113#Z#DEBUG#be2d3d37-376b-11f1-938a-eeee0a8c9147.BTP_CI_CD_Deployment_CAPM-postgres-deployer#flowable-async-job-executor-thread-20398#
[PollExecuteTaskStatusExecution] c49c6f4e-6a21-4cf0-9f92-c125a8dc9d83 [2026-04-13T19:07:24.790840] 'biBSRFMgdXMtZWFzdC0xIFJvb3QgQ0EgUlNBNDA5NiBHMTEQMA4GA1UEBwwHU2Vh\n' + (STDOUT, APP/TASK/deploy-to-postgresql)#
#2026 04 13 19:07:35.113#Z#DEBUG#be2d3d37-376b-11f1-938a-eeee0a8c9147.BTP_CI_CD_Deployment_CAPM-postgres-deployer#flowable-async-job-executor-thread-20398#
[PollExecuteTaskStatusExecution] c49c6f4e-6a21-4cf0-9f92-c125a8dc9d83 [2026-04-13T19:07:24.790842] 'dHRsZTCCAiIwDQYJKoZIhvcNAQEBBQADggIPADCCAgoCggIBAInfBCaHuvj6Rb5c\n' + (STDOUT, APP/TASK/deploy-to-postgresql)#
#2026 04 13 19:07:35.113#Z#DEBUG#be2d3d37-376b-11f1-938a-eeee0a8c9147.BTP_CI_CD_Deployment_CAPM-postgres-deployer#flowable-async-job-executor-thread-20398#
[PollExecuteTaskStatusExecution] c49c6f4e-6a21-4cf0-9f92-c125a8dc9d83 [2026-04-13T19:07:24.790846] 'L5Wmn1jv2PHtEGMHm+7Z8dYosdwouG8VG2A+BCYCZfij9lIGszrTXkY4O7vnXgru\n' + (STDOUT, APP/TASK/deploy-to-postgresql)#
#2026 04 13 19:07:35.113#Z#DEBUG#be2d3d37-376b-11f1-938a-eeee0a8c9147.BTP_CI_CD_Deployment_CAPM-postgres-deployer#flowable-async-job-executor-thread-20398#
[PollExecuteTaskStatusExecution] c49c6f4e-6a21-4cf0-9f92-c125a8dc9d83 [2026-04-13T19:07:24.790848] 'JUNdxh0Q3M83p4X+bg+gODUs3jf+Z3Oeq7nTOk/2UYvQLcxP4FEXILxDInbQFcIx\n' + (STDOUT, APP/TASK/deploy-to-postgresql)#
#2026 04 13 19:07:35.113#Z#DEBUG#be2d3d37-376b-11f1-938a-eeee0a8c9147.BTP_CI_CD_Deployment_CAPM-postgres-deployer#flowable-async-job-executor-thread-20398#
[PollExecuteTaskStatusExecution] c49c6f4e-6a21-4cf0-9f92-c125a8dc9d83 [2026-04-13T19:07:24.790850] 'yen1ESHggGrjEodgn6nbKQNRfIhjhW+TKYaewfsVWH7EF2pfj+cjbJ6njjgZ0/M9\n' + (STDOUT, APP/TASK/deploy-to-postgresql)#
#2026 04 13 19:07:35.113#Z#DEBUG#be2d3d37-376b-11f1-938a-eeee0a8c9147.BTP_CI_CD_Deployment_CAPM-postgres-deployer#flowable-async-job-executor-thread-20398#
[PollExecuteTaskStatusExecution] c49c6f4e-6a21-4cf0-9f92-c125a8dc9d83 [2026-04-13T19:07:24.790852] 'VZifJFBgat6XUTOf3jwHwkCBh7T6rDpgy19A61laImJCQhdTnHKvzTpxcxiLRh69\n' + (STDOUT, APP/TASK/deploy-to-postgresql)#
#2026 04 13 19:07:35.113#Z#DEBUG#be2d3d37-376b-11f1-938a-eeee0a8c9147.BTP_CI_CD_Deployment_CAPM-postgres-deployer#flowable-async-job-executor-thread-20398#
[PollExecuteTaskStatusExecution] c49c6f4e-6a21-4cf0-9f92-c125a8dc9d83 [2026-04-13T19:07:24.790854] 'ZObypR7W04OAUmFS88V7IotlPmCL8xf7kwxG+gQfvx31+A9IDMsiTqJ1Cc4fYEKg\n' + (STDOUT, APP/TASK/deploy-to-postgresql)#
#2026 04 13 19:07:35.113#Z#DEBUG#be2d3d37-376b-11f1-938a-eeee0a8c9147.BTP_CI_CD_Deployment_CAPM-postgres-deployer#flowable-async-job-executor-thread-20398#
[PollExecuteTaskStatusExecution] c49c6f4e-6a21-4cf0-9f92-c125a8dc9d83 [2026-04-13T19:07:24.790856] 'bL+Vo+2Ii4W2esCTGVYmHm73drznfeKwL+kmIC/Bq+DrZ+veTqKFYwSkpHRyJCEe\n' + (STDOUT, APP/TASK/deploy-to-postgresql)#
#2026 04 13 19:07:35.113#Z#DEBUG#be2d3d37-376b-11f1-938a-eeee0a8c9147.BTP_CI_CD_Deployment_CAPM-postgres-deployer#flowable-async-job-executor-thread-20398#
[PollExecuteTaskStatusExecution] c49c6f4e-6a21-4cf0-9f92-c125a8dc9d83 [2026-04-13T19:07:24.790858] 'U4Zym6POqQ/4LBSKwDUhWLJIlq99bjKX+hNTJykB+Lbcx0ScOP4IAZQoxmDxGWxN\n' + (STDOUT, APP/TASK/deploy-to-postgresql)#
#2026 04 13 19:07:35.113#Z#DEBUG#be2d3d37-376b-11f1-938a-eeee0a8c9147.BTP_CI_CD_Deployment_CAPM-postgres-deployer#flowable-async-job-executor-thread-20398#
[PollExecuteTaskStatusExecution] c49c6f4e-6a21-4cf0-9f92-c125a8dc9d83 [2026-04-13T19:07:24.790860] 'S+lQj+Cx2pwU3S/7+OxlRndZAX/FKgk7xSMkg88HykUZaZ/ozIiqJqSnGpgXCtED\n' + (STDOUT, APP/TASK/deploy-to-postgresql)#
#2026 04 13 19:07:35.113#Z#DEBUG#be2d3d37-376b-11f1-938a-eeee0a8c9147.BTP_CI_CD_Deployment_CAPM-postgres-deployer#flowable-async-job-executor-thread-20398#
[PollExecuteTaskStatusExecution] c49c6f4e-6a21-4cf0-9f92-c125a8dc9d83 [2026-04-13T19:07:24.790862] 'oQ4OJw5ozAr+/wudOawaMwUWQl5asD8fuy/hl5S1nv9XxIc842QJOtJFxhyeMIXt\n' + (STDOUT, APP/TASK/deploy-to-postgresql)#
#2026 04 13 19:07:35.113#Z#DEBUG#be2d3d37-376b-11f1-938a-eeee0a8c9147.BTP_CI_CD_Deployment_CAPM-postgres-deployer#flowable-async-job-executor-thread-20398#
[PollExecuteTaskStatusExecution] c49c6f4e-6a21-4cf0-9f92-c125a8dc9d83 [2026-04-13T19:07:24.790865] 'LVECVw/dPekhMjS3Zo3wwRgYbnKG7YXXT5WMxJEnHu8+cYpMiRClzq2BEP6/MtI2\n' + (STDOUT, APP/TASK/deploy-to-postgresql)#
#2026 04 13 19:07:35.113#Z#DEBUG#be2d3d37-376b-11f1-938a-eeee0a8c9147.BTP_CI_CD_Deployment_CAPM-postgres-deployer#flowable-async-job-executor-thread-20398#
[PollExecuteTaskStatusExecution] c49c6f4e-6a21-4cf0-9f92-c125a8dc9d83 [2026-04-13T19:07:24.790872] 'AZQQUFu2yFjRGL2OZA6IYjxnXYiRAgMBAAGjQjBAMA8GA1UdEwEB/wQFMAMBAf8w\n' + (STDOUT, APP/TASK/deploy-to-postgresql)#
#2026 04 13 19:07:35.113#Z#DEBUG#be2d3d37-376b-11f1-938a-eeee0a8c9147.BTP_CI_CD_Deployment_CAPM-postgres-deployer#flowable-async-job-executor-thread-20398#
[PollExecuteTaskStatusExecution] c49c6f4e-6a21-4cf0-9f92-c125a8dc9d83 [2026-04-13T19:07:24.790893] 'HQYDVR0OBBYEFADCcQCPX2HmkqQcmuHfiQ2jjqnrMA4GA1UdDwEB/wQEAwIBhjAN\n' + (STDOUT, APP/TASK/deploy-to-postgresql)#
#2026 04 13 19:07:35.113#Z#DEBUG#be2d3d37-376b-11f1-938a-eeee0a8c9147.BTP_CI_CD_Deployment_CAPM-postgres-deployer#flowable-async-job-executor-thread-20398#
[PollExecuteTaskStatusExecution] c49c6f4e-6a21-4cf0-9f92-c125a8dc9d83 [2026-04-13T19:07:24.790895] 'BgkqhkiG9w0BAQwFAAOCAgEASXkGQ2eUmudIKPeOIF7RBryCoPmMOsqP0+1qxF8l\n' + (STDOUT, APP/TASK/deploy-to-postgresql)#
#2026 04 13 19:07:35.113#Z#DEBUG#be2d3d37-376b-11f1-938a-eeee0a8c9147.BTP_CI_CD_Deployment_CAPM-postgres-deployer#flowable-async-job-executor-thread-20398#
[PollExecuteTaskStatusExecution] c49c6f4e-6a21-4cf0-9f92-c125a8dc9d83 [2026-04-13T19:07:24.790898] 'pGkwmrgNDGpmd9s0ArfIVBTc1jmpgB3oiRW9c6n2OmwBKL4UPuQ8O3KwSP0iD2sZ\n' + (STDOUT, APP/TASK/deploy-to-postgresql)#
#2026 04 13 19:07:35.113#Z#DEBUG#be2d3d37-376b-11f1-938a-eeee0a8c9147.BTP_CI_CD_Deployment_CAPM-postgres-deployer#flowable-async-job-executor-thread-20398#
[PollExecuteTaskStatusExecution] c49c6f4e-6a21-4cf0-9f92-c125a8dc9d83 [2026-04-13T19:07:24.790900] 'KMXoMEyphCEzW1I2GRvYDugL3Z9MWrnHkoaoH2l8YyTYvszTvdgxBPpM2x4pSkp+\n' + (STDOUT, APP/TASK/deploy-to-postgresql)#
#2026 04 13 19:07:35.113#Z#DEBUG#be2d3d37-376b-11f1-938a-eeee0a8c9147.BTP_CI_CD_Deployment_CAPM-postgres-deployer#flowable-async-job-executor-thread-20398#
[PollExecuteTaskStatusExecution] c49c6f4e-6a21-4cf0-9f92-c125a8dc9d83 [2026-04-13T19:07:24.790902] '76d4/eRpJ5mVuQ93nC+YG0wXCxSq63hX4kyZgPxgCdAA+qgFfKIGyNqUIqWgeyTP\n' + (STDOUT, APP/TASK/deploy-to-postgresql)#
#2026 04 13 19:07:35.113#Z#DEBUG#be2d3d37-376b-11f1-938a-eeee0a8c9147.BTP_CI_CD_Deployment_CAPM-postgres-deployer#flowable-async-job-executor-thread-20398#
[PollExecuteTaskStatusExecution] c49c6f4e-6a21-4cf0-9f92-c125a8dc9d83 [2026-04-13T19:07:24.790905] 'n5OgKaboYk2141Rf2hGMD3/hsGm0rrJh7g3C0ZirPws3eeJfulvAOIy2IZzqHUSY\n' + (STDOUT, APP/TASK/deploy-to-postgresql)#
#2026 04 13 19:07:35.113#Z#DEBUG#be2d3d37-376b-11f1-938a-eeee0a8c9147.BTP_CI_CD_Deployment_CAPM-postgres-deployer#flowable-async-job-executor-thread-20398#
[PollExecuteTaskStatusExecution] c49c6f4e-6a21-4cf0-9f92-c125a8dc9d83 [2026-04-13T19:07:24.790907] 'jkFzraz6LEH3IlArT3jUPvWKqvh2lJWnnp56aqxBR7qHH5voD49UpJWY1K0BjGnS\n' + (STDOUT, APP/TASK/deploy-to-postgresql)#
#2026 04 13 19:07:35.113#Z#DEBUG#be2d3d37-376b-11f1-938a-eeee0a8c9147.BTP_CI_CD_Deployment_CAPM-postgres-deployer#flowable-async-job-executor-thread-20398#
[PollExecuteTaskStatusExecution] c49c6f4e-6a21-4cf0-9f92-c125a8dc9d83 [2026-04-13T19:07:24.790910] 'OHcurpp0Yt/BIs4VZeWdCZwI7JaSeDcPMaMDBvND3Ia5Fga0thgYQTG6dE+N5fgF\n' + (STDOUT, APP/TASK/deploy-to-postgresql)#
#2026 04 13 19:07:35.113#Z#DEBUG#be2d3d37-376b-11f1-938a-eeee0a8c9147.BTP_CI_CD_Deployment_CAPM-postgres-deployer#flowable-async-job-executor-thread-20398#
[PollExecuteTaskStatusExecution] c49c6f4e-6a21-4cf0-9f92-c125a8dc9d83 [2026-04-13T19:07:24.790912] 'z+hRaujXO2nb0LmddVyvE8prYlWRMuYFv+Co8hcMdJ0lEZlfVNu0jbm9/GmwAZ+l\n' + (STDOUT, APP/TASK/deploy-to-postgresql)#
#2026 04 13 19:07:35.113#Z#DEBUG#be2d3d37-376b-11f1-938a-eeee0a8c9147.BTP_CI_CD_Deployment_CAPM-postgres-deployer#flowable-async-job-executor-thread-20398#
[PollExecuteTaskStatusExecution] c49c6f4e-6a21-4cf0-9f92-c125a8dc9d83 [2026-04-13T19:07:24.790914] '9umeYO9yz/uC7edC8XJBglMAKUmVK9wNtOckUWAcCfnPWYLbYa/PqtXBYcxrso5j\n' + (STDOUT, APP/TASK/deploy-to-postgresql)#
#2026 04 13 19:07:35.113#Z#DEBUG#be2d3d37-376b-11f1-938a-eeee0a8c9147.BTP_CI_CD_Deployment_CAPM-postgres-deployer#flowable-async-job-executor-thread-20398#
[PollExecuteTaskStatusExecution] c49c6f4e-6a21-4cf0-9f92-c125a8dc9d83 [2026-04-13T19:07:24.790916] 'iaS/A7iEW51uteHBGrViCy1afGG+hiUWwFlesli+Rq4dNstX3h6h2baWABaAxEVJ\n' + (STDOUT, APP/TASK/deploy-to-postgresql)#
#2026 04 13 19:07:35.113#Z#DEBUG#be2d3d37-376b-11f1-938a-eeee0a8c9147.BTP_CI_CD_Deployment_CAPM-postgres-deployer#flowable-async-job-executor-thread-20398#
[PollExecuteTaskStatusExecution] c49c6f4e-6a21-4cf0-9f92-c125a8dc9d83 [2026-04-13T19:07:24.790919] 'y1RnTQSz6mROT1VmZSgSVO37rgIyY0Hf0872ogcTS+FfvXgBxCxsNWEbiQ/XXva4\n' + (STDOUT, APP/TASK/deploy-to-postgresql)#
#2026 04 13 19:07:35.113#Z#DEBUG#be2d3d37-376b-11f1-938a-eeee0a8c9147.BTP_CI_CD_Deployment_CAPM-postgres-deployer#flowable-async-job-executor-thread-20398#
[PollExecuteTaskStatusExecution] c49c6f4e-6a21-4cf0-9f92-c125a8dc9d83 [2026-04-13T19:07:24.790922] '0Ws=\n' + (STDOUT, APP/TASK/deploy-to-postgresql)#
#2026 04 13 19:07:35.113#Z#DEBUG#be2d3d37-376b-11f1-938a-eeee0a8c9147.BTP_CI_CD_Deployment_CAPM-postgres-deployer#flowable-async-job-executor-thread-20398#
[PollExecuteTaskStatusExecution] c49c6f4e-6a21-4cf0-9f92-c125a8dc9d83 [2026-04-13T19:07:24.790924] '-----END CERTIFICATE-----\n' + (STDOUT, APP/TASK/deploy-to-postgresql)#
#2026 04 13 19:07:35.113#Z#DEBUG#be2d3d37-376b-11f1-938a-eeee0a8c9147.BTP_CI_CD_Deployment_CAPM-postgres-deployer#flowable-async-job-executor-thread-20398#
[PollExecuteTaskStatusExecution] c49c6f4e-6a21-4cf0-9f92-c125a8dc9d83 [2026-04-13T19:07:24.790927] '-----BEGIN CERTIFICATE-----\n' + (STDOUT, APP/TASK/deploy-to-postgresql)#
#2026 04 13 19:07:35.113#Z#DEBUG#be2d3d37-376b-11f1-938a-eeee0a8c9147.BTP_CI_CD_Deployment_CAPM-postgres-deployer#flowable-async-job-executor-thread-20398#
[PollExecuteTaskStatusExecution] c49c6f4e-6a21-4cf0-9f92-c125a8dc9d83 [2026-04-13T19:07:24.790932] 'MIICrjCCAjSgAwIBAgIRAPAlEk8VJPmEzVRRaWvTh2AwCgYIKoZIzj0EAwMwgZYx\n' + (STDOUT, APP/TASK/deploy-to-postgresql)#
#2026 04 13 19:07:35.113#Z#DEBUG#be2d3d37-376b-11f1-938a-eeee0a8c9147.BTP_CI_CD_Deployment_CAPM-postgres-deployer#flowable-async-job-executor-thread-20398#
[PollExecuteTaskStatusExecution] c49c6f4e-6a21-4cf0-9f92-c125a8dc9d83 [2026-04-13T19:07:24.790934] 'CzAJBgNVBAYTAlVTMSIwIAYDVQQKDBlBbWF6b24gV2ViIFNlcnZpY2VzLCBJbmMu\n' + (STDOUT, APP/TASK/deploy-to-postgresql)#
#2026 04 13 19:07:35.113#Z#DEBUG#be2d3d37-376b-11f1-938a-eeee0a8c9147.BTP_CI_CD_Deployment_CAPM-postgres-deployer#flowable-async-job-executor-thread-20398#
[PollExecuteTaskStatusExecution] c49c6f4e-6a21-4cf0-9f92-c125a8dc9d83 [2026-04-13T19:07:24.790936] 'MRMwEQYDVQQLDApBbWF6b24gUkRTMQswCQYDVQQIDAJXQTEvMC0GA1UEAwwmQW1h\n' + (STDOUT, APP/TASK/deploy-to-postgresql)#
#2026 04 13 19:07:35.113#Z#DEBUG#be2d3d37-376b-11f1-938a-eeee0a8c9147.BTP_CI_CD_Deployment_CAPM-postgres-deployer#flowable-async-job-executor-thread-20398#
[PollExecuteTaskStatusExecution] c49c6f4e-6a21-4cf0-9f92-c125a8dc9d83 [2026-04-13T19:07:24.790939] 'em9uIFJEUyB1cy1lYXN0LTEgUm9vdCBDQSBFQ0MzODQgRzExEDAOBgNVBAcMB1Nl\n' + (STDOUT, APP/TASK/deploy-to-postgresql)#
#2026 04 13 19:07:35.113#Z#DEBUG#be2d3d37-376b-11f1-938a-eeee0a8c9147.BTP_CI_CD_Deployment_CAPM-postgres-deployer#flowable-async-job-executor-thread-20398#
[PollExecuteTaskStatusExecution] c49c6f4e-6a21-4cf0-9f92-c125a8dc9d83 [2026-04-13T19:07:24.790942] 'YXR0bGUwIBcNMjEwNTI1MjI0MTU1WhgPMjEyMTA1MjUyMzQxNTVaMIGWMQswCQYD\n' + (STDOUT, APP/TASK/deploy-to-postgresql)#
#2026 04 13 19:07:35.113#Z#DEBUG#be2d3d37-376b-11f1-938a-eeee0a8c9147.BTP_CI_CD_Deployment_CAPM-postgres-deployer#flowable-async-job-executor-thread-20398#
[PollExecuteTaskStatusExecution] c49c6f4e-6a21-4cf0-9f92-c125a8dc9d83 [2026-04-13T19:07:24.790944] 'VQQGEwJVUzEiMCAGA1UECgwZQW1hem9uIFdlYiBTZXJ2aWNlcywgSW5jLjETMBEG\n' + (STDOUT, APP/TASK/deploy-to-postgresql)#
#2026 04 13 19:07:35.113#Z#DEBUG#be2d3d37-376b-11f1-938a-eeee0a8c9147.BTP_CI_CD_Deployment_CAPM-postgres-deployer#flowable-async-job-executor-thread-20398#
[PollExecuteTaskStatusExecution] c49c6f4e-6a21-4cf0-9f92-c125a8dc9d83 [2026-04-13T19:07:24.790947] 'A1UECwwKQW1hem9uIFJEUzELMAkGA1UECAwCV0ExLzAtBgNVBAMMJkFtYXpvbiBS\n' + (STDOUT, APP/TASK/deploy-to-postgresql)#
#2026 04 13 19:07:35.113#Z#DEBUG#be2d3d37-376b-11f1-938a-eeee0a8c9147.BTP_CI_CD_Deployment_CAPM-postgres-deployer#flowable-async-job-executor-thread-20398#
[PollExecuteTaskStatusExecution] c49c6f4e-6a21-4cf0-9f92-c125a8dc9d83 [2026-04-13T19:07:24.790949] 'RFMgdXMtZWFzdC0xIFJvb3QgQ0EgRUNDMzg0IEcxMRAwDgYDVQQHDAdTZWF0dGxl\n' + (STDOUT, APP/TASK/deploy-to-postgresql)#
#2026 04 13 19:07:35.113#Z#DEBUG#be2d3d37-376b-11f1-938a-eeee0a8c9147.BTP_CI_CD_Deployment_CAPM-postgres-deployer#flowable-async-job-executor-thread-20398#
[PollExecuteTaskStatusExecution] c49c6f4e-6a21-4cf0-9f92-c125a8dc9d83 [2026-04-13T19:07:24.790951] 'MHYwEAYHKoZIzj0CAQYFK4EEACIDYgAEx5xjrup8II4HOJw15NTnS3H5yMrQGlbj\n' + (STDOUT, APP/TASK/deploy-to-postgresql)#
#2026 04 13 19:07:35.113#Z#DEBUG#be2d3d37-376b-11f1-938a-eeee0a8c9147.BTP_CI_CD_Deployment_CAPM-postgres-deployer#flowable-async-job-executor-thread-20398#
[PollExecuteTaskStatusExecution] c49c6f4e-6a21-4cf0-9f92-c125a8dc9d83 [2026-04-13T19:07:24.790953] 'EDA5MMGnE9DmHp5dACIxmPXPMe/99nO7wNdl7G71OYPCgEvWm0FhdvVUeTb3LVnV\n' + (STDOUT, APP/TASK/deploy-to-postgresql)#
#2026 04 13 19:07:35.113#Z#DEBUG#be2d3d37-376b-11f1-938a-eeee0a8c9147.BTP_CI_CD_Deployment_CAPM-postgres-deployer#flowable-async-job-executor-thread-20398#
[PollExecuteTaskStatusExecution] c49c6f4e-6a21-4cf0-9f92-c125a8dc9d83 [2026-04-13T19:07:24.790956] 'BnaXt32Ek7/oxGk1T+Df03C+W0vmuJ+wo0IwQDAPBgNVHRMBAf8EBTADAQH/MB0G\n' + (STDOUT, APP/TASK/deploy-to-postgresql)#
#2026 04 13 19:07:35.113#Z#DEBUG#be2d3d37-376b-11f1-938a-eeee0a8c9147.BTP_CI_CD_Deployment_CAPM-postgres-deployer#flowable-async-job-executor-thread-20398#
[PollExecuteTaskStatusExecution] c49c6f4e-6a21-4cf0-9f92-c125a8dc9d83 [2026-04-13T19:07:24.790958] 'A1UdDgQWBBTGXmqBWN/1tkSea4pNw0oHrjk2UDAOBgNVHQ8BAf8EBAMCAYYwCgYI\n' + (STDOUT, APP/TASK/deploy-to-postgresql)#
#2026 04 13 19:07:35.113#Z#DEBUG#be2d3d37-376b-11f1-938a-eeee0a8c9147.BTP_CI_CD_Deployment_CAPM-postgres-deployer#flowable-async-job-executor-thread-20398#
[PollExecuteTaskStatusExecution] c49c6f4e-6a21-4cf0-9f92-c125a8dc9d83 [2026-04-13T19:07:24.790960] 'KoZIzj0EAwMDaAAwZQIxAIqqZWCSrIkZ7zsv/FygtAusW6yvlL935YAWYPVXU30m\n' + (STDOUT, APP/TASK/deploy-to-postgresql)#
#2026 04 13 19:07:35.113#Z#DEBUG#be2d3d37-376b-11f1-938a-eeee0a8c9147.BTP_CI_CD_Deployment_CAPM-postgres-deployer#flowable-async-job-executor-thread-20398#
[PollExecuteTaskStatusExecution] c49c6f4e-6a21-4cf0-9f92-c125a8dc9d83 [2026-04-13T19:07:24.790963] 'jkMFLM+/RJ9GMvnO8jHfCgIwB+whlkcItzE9CRQ6CsMo/d5cEHDUu/QW6jSIh9BR\n' + (STDOUT, APP/TASK/deploy-to-postgresql)#
#2026 04 13 19:07:35.113#Z#DEBUG#be2d3d37-376b-11f1-938a-eeee0a8c9147.BTP_CI_CD_Deployment_CAPM-postgres-deployer#flowable-async-job-executor-thread-20398#
[PollExecuteTaskStatusExecution] c49c6f4e-6a21-4cf0-9f92-c125a8dc9d83 [2026-04-13T19:07:24.790965] 'OGh9pTYPVkUbBiKPA7lVVhre\n' + (STDOUT, APP/TASK/deploy-to-postgresql)#
#2026 04 13 19:07:35.113#Z#DEBUG#be2d3d37-376b-11f1-938a-eeee0a8c9147.BTP_CI_CD_Deployment_CAPM-postgres-deployer#flowable-async-job-executor-thread-20398#
[PollExecuteTaskStatusExecution] c49c6f4e-6a21-4cf0-9f92-c125a8dc9d83 [2026-04-13T19:07:24.790967] '-----END CERTIFICATE-----\n', (STDOUT, APP/TASK/deploy-to-postgresql)#
#2026 04 13 19:07:35.113#Z#DEBUG#be2d3d37-376b-11f1-938a-eeee0a8c9147.BTP_CI_CD_Deployment_CAPM-postgres-deployer#flowable-async-job-executor-thread-20398#
[PollExecuteTaskStatusExecution] c49c6f4e-6a21-4cf0-9f92-c125a8dc9d83 [2026-04-13T19:07:24.790970] sslrootcert: '-----BEGIN CERTIFICATE-----\n' + (STDOUT, APP/TASK/deploy-to-postgresql)#
#2026 04 13 19:07:35.113#Z#DEBUG#be2d3d37-376b-11f1-938a-eeee0a8c9147.BTP_CI_CD_Deployment_CAPM-postgres-deployer#flowable-async-job-executor-thread-20398#
[PollExecuteTaskStatusExecution] c49c6f4e-6a21-4cf0-9f92-c125a8dc9d83 [2026-04-13T19:07:24.790974] 'MIID/zCCAuegAwIBAgIRAPVSMfFitmM5PhmbaOFoGfUwDQYJKoZIhvcNAQELBQAw\n' + (STDOUT, APP/TASK/deploy-to-postgresql)#
#2026 04 13 19:07:35.113#Z#DEBUG#be2d3d37-376b-11f1-938a-eeee0a8c9147.BTP_CI_CD_Deployment_CAPM-postgres-deployer#flowable-async-job-executor-thread-20398#
[PollExecuteTaskStatusExecution] c49c6f4e-6a21-4cf0-9f92-c125a8dc9d83 [2026-04-13T19:07:24.790977] 'gZcxCzAJBgNVBAYTAlVTMSIwIAYDVQQKDBlBbWF6b24gV2ViIFNlcnZpY2VzLCBJ\n' + (STDOUT, APP/TASK/deploy-to-postgresql)#
#2026 04 13 19:07:35.113#Z#DEBUG#be2d3d37-376b-11f1-938a-eeee0a8c9147.BTP_CI_CD_Deployment_CAPM-postgres-deployer#flowable-async-job-executor-thread-20398#
[PollExecuteTaskStatusExecution] c49c6f4e-6a21-4cf0-9f92-c125a8dc9d83 [2026-04-13T19:07:24.791952] 'bmMuMRMwEQYDVQQLDApBbWF6b24gUkRTMQswCQYDVQQIDAJXQTEwMC4GA1UEAwwn\n' + (STDOUT, APP/TASK/deploy-to-postgresql)#
#2026 04 13 19:07:35.113#Z#DEBUG#be2d3d37-376b-11f1-938a-eeee0a8c9147.BTP_CI_CD_Deployment_CAPM-postgres-deployer#flowable-async-job-executor-thread-20398#
[PollExecuteTaskStatusExecution] c49c6f4e-6a21-4cf0-9f92-c125a8dc9d83 [2026-04-13T19:07:24.791968] 'QW1hem9uIFJEUyB1cy1lYXN0LTEgUm9vdCBDQSBSU0EyMDQ4IEcxMRAwDgYDVQQH\n' + (STDOUT, APP/TASK/deploy-to-postgresql)#
#2026 04 13 19:07:35.113#Z#DEBUG#be2d3d37-376b-11f1-938a-eeee0a8c9147.BTP_CI_CD_Deployment_CAPM-postgres-deployer#flowable-async-job-executor-thread-20398#
[PollExecuteTaskStatusExecution] c49c6f4e-6a21-4cf0-9f92-c125a8dc9d83 [2026-04-13T19:07:24.791972] 'DAdTZWF0dGxlMCAXDTIxMDUyNTIyMzQ1N1oYDzIwNjEwNTI1MjMzNDU3WjCBlzEL\n' + (STDOUT, APP/TASK/deploy-to-postgresql)#
#2026 04 13 19:07:35.113#Z#DEBUG#be2d3d37-376b-11f1-938a-eeee0a8c9147.BTP_CI_CD_Deployment_CAPM-postgres-deployer#flowable-async-job-executor-thread-20398#
[PollExecuteTaskStatusExecution] c49c6f4e-6a21-4cf0-9f92-c125a8dc9d83 [2026-04-13T19:07:24.791975] 'MAkGA1UEBhMCVVMxIjAgBgNVBAoMGUFtYXpvbiBXZWIgU2VydmljZXMsIEluYy4x\n' + (STDOUT, APP/TASK/deploy-to-postgresql)#
#2026 04 13 19:07:35.113#Z#DEBUG#be2d3d37-376b-11f1-938a-eeee0a8c9147.BTP_CI_CD_Deployment_CAPM-postgres-deployer#flowable-async-job-executor-thread-20398#
[PollExecuteTaskStatusExecution] c49c6f4e-6a21-4cf0-9f92-c125a8dc9d83 [2026-04-13T19:07:24.791981] 'EzARBgNVBAsMCkFtYXpvbiBSRFMxCzAJBgNVBAgMAldBMTAwLgYDVQQDDCdBbWF6\n' + (STDOUT, APP/TASK/deploy-to-postgresql)#
#2026 04 13 19:07:35.113#Z#DEBUG#be2d3d37-376b-11f1-938a-eeee0a8c9147.BTP_CI_CD_Deployment_CAPM-postgres-deployer#flowable-async-job-executor-thread-20398#
[PollExecuteTaskStatusExecution] c49c6f4e-6a21-4cf0-9f92-c125a8dc9d83 [2026-04-13T19:07:24.791984] 'b24gUkRTIHVzLWVhc3QtMSBSb290IENBIFJTQTIwNDggRzExEDAOBgNVBAcMB1Nl\n' + (STDOUT, APP/TASK/deploy-to-postgresql)#
#2026 04 13 19:07:35.113#Z#DEBUG#be2d3d37-376b-11f1-938a-eeee0a8c9147.BTP_CI_CD_Deployment_CAPM-postgres-deployer#flowable-async-job-executor-thread-20398#
[PollExecuteTaskStatusExecution] c49c6f4e-6a21-4cf0-9f92-c125a8dc9d83 [2026-04-13T19:07:24.791989] 'YXR0bGUwggEiMA0GCSqGSIb3DQEBAQUAA4IBDwAwggEKAoIBAQDu9H7TBeGoDzMr\n' + (STDOUT, APP/TASK/deploy-to-postgresql)#
#2026 04 13 19:07:35.113#Z#DEBUG#be2d3d37-376b-11f1-938a-eeee0a8c9147.BTP_CI_CD_Deployment_CAPM-postgres-deployer#flowable-async-job-executor-thread-20398#
[PollExecuteTaskStatusExecution] c49c6f4e-6a21-4cf0-9f92-c125a8dc9d83 [2026-04-13T19:07:24.791992] 'dxN6H8COntJX4IR6dbyhnj5qMD4xl/IWvp50lt0VpmMd+z2PNZzx8RazeGC5IniV\n' + (STDOUT, APP/TASK/deploy-to-postgresql)#
#2026 04 13 19:07:35.113#Z#DEBUG#be2d3d37-376b-11f1-938a-eeee0a8c9147.BTP_CI_CD_Deployment_CAPM-postgres-deployer#flowable-async-job-executor-thread-20398#
[PollExecuteTaskStatusExecution] c49c6f4e-6a21-4cf0-9f92-c125a8dc9d83 [2026-04-13T19:07:24.791994] '5nrLg0AKWRQ2A/lGGXbUrGXCSe09brMQCxWBSIYe1WZZ1iU1IJ/6Bp4D2YEHpXrW\n' + (STDOUT, APP/TASK/deploy-to-postgresql)#
#2026 04 13 19:07:35.113#Z#DEBUG#be2d3d37-376b-11f1-938a-eeee0a8c9147.BTP_CI_CD_Deployment_CAPM-postgres-deployer#flowable-async-job-executor-thread-20398#
[PollExecuteTaskStatusExecution] c49c6f4e-6a21-4cf0-9f92-c125a8dc9d83 [2026-04-13T19:07:24.791996] 'bPkOq5x3YPcsoitgm1Xh8ygz6vb7PsvJvPbvRMnkDg5IqEThapPjmKb8ZJWyEFEE\n' + (STDOUT, APP/TASK/deploy-to-postgresql)#
#2026 04 13 19:07:35.113#Z#DEBUG#be2d3d37-376b-11f1-938a-eeee0a8c9147.BTP_CI_CD_Deployment_CAPM-postgres-deployer#flowable-async-job-executor-thread-20398#
[PollExecuteTaskStatusExecution] c49c6f4e-6a21-4cf0-9f92-c125a8dc9d83 [2026-04-13T19:07:24.791999] 'QRrkCIRueB1EqQtJw0fvP4PKDlCJAKBEs/y049FoOqYpT3pRy0WKqPhWve+hScMd\n' + (STDOUT, APP/TASK/deploy-to-postgresql)#
#2026 04 13 19:07:35.113#Z#DEBUG#be2d3d37-376b-11f1-938a-eeee0a8c9147.BTP_CI_CD_Deployment_CAPM-postgres-deployer#flowable-async-job-executor-thread-20398#
[PollExecuteTaskStatusExecution] c49c6f4e-6a21-4cf0-9f92-c125a8dc9d83 [2026-04-13T19:07:24.792001] '6obq8kxTFy1IHACjHc51nrGII5Bt76/MpTWhnJIJrCnq1/Uc3Qs8IVeb+sLaFC8K\n' + (STDOUT, APP/TASK/deploy-to-postgresql)#
#2026 04 13 19:07:35.113#Z#DEBUG#be2d3d37-376b-11f1-938a-eeee0a8c9147.BTP_CI_CD_Deployment_CAPM-postgres-deployer#flowable-async-job-executor-thread-20398#
[PollExecuteTaskStatusExecution] c49c6f4e-6a21-4cf0-9f92-c125a8dc9d83 [2026-04-13T19:07:24.792006] 'DI69Sw6bAgMBAAGjQjBAMA8GA1UdEwEB/wQFMAMBAf8wHQYDVR0OBBYEFE7PCopt\n' + (STDOUT, APP/TASK/deploy-to-postgresql)#
#2026 04 13 19:07:35.113#Z#DEBUG#be2d3d37-376b-11f1-938a-eeee0a8c9147.BTP_CI_CD_Deployment_CAPM-postgres-deployer#flowable-async-job-executor-thread-20398#
[PollExecuteTaskStatusExecution] c49c6f4e-6a21-4cf0-9f92-c125a8dc9d83 [2026-04-13T19:07:24.792008] 'lyOgtXX0Y1lObBUxuKaCMA4GA1UdDwEB/wQEAwIBhjANBgkqhkiG9w0BAQsFAAOC\n' + (STDOUT, APP/TASK/deploy-to-postgresql)#
#2026 04 13 19:07:35.113#Z#DEBUG#be2d3d37-376b-11f1-938a-eeee0a8c9147.BTP_CI_CD_Deployment_CAPM-postgres-deployer#flowable-async-job-executor-thread-20398#
[PollExecuteTaskStatusExecution] c49c6f4e-6a21-4cf0-9f92-c125a8dc9d83 [2026-04-13T19:07:24.792010] 'AQEAFj+bX8gLmMNefr5jRJfHjrL3iuZCjf7YEZgn89pS4z8408mjj9z6Q5D1H7yS\n' + (STDOUT, APP/TASK/deploy-to-postgresql)#
#2026 04 13 19:07:35.113#Z#DEBUG#be2d3d37-376b-11f1-938a-eeee0a8c9147.BTP_CI_CD_Deployment_CAPM-postgres-deployer#flowable-async-job-executor-thread-20398#
[PollExecuteTaskStatusExecution] c49c6f4e-6a21-4cf0-9f92-c125a8dc9d83 [2026-04-13T19:07:24.792015] 'jNETVV8QaJip1qyhh5gRzRaArgGAYvi2/r0zPsy+Tgf7v1KGL5Lh8NT8iCEGGXwF\n' + (STDOUT, APP/TASK/deploy-to-postgresql)#
#2026 04 13 19:07:35.113#Z#DEBUG#be2d3d37-376b-11f1-938a-eeee0a8c9147.BTP_CI_CD_Deployment_CAPM-postgres-deployer#flowable-async-job-executor-thread-20398#
[PollExecuteTaskStatusExecution] c49c6f4e-6a21-4cf0-9f92-c125a8dc9d83 [2026-04-13T19:07:24.792017] 'g3Ir+Nl3e+9XUp0eyyzBIjHtjLBm6yy8rGk9p6OtFDQnKF5OxwbAgip42CD75r/q\n' + (STDOUT, APP/TASK/deploy-to-postgresql)#
#2026 04 13 19:07:35.113#Z#DEBUG#be2d3d37-376b-11f1-938a-eeee0a8c9147.BTP_CI_CD_Deployment_CAPM-postgres-deployer#flowable-async-job-executor-thread-20398#
[PollExecuteTaskStatusExecution] c49c6f4e-6a21-4cf0-9f92-c125a8dc9d83 [2026-04-13T19:07:24.792019] 'p421maEDDvvRFR4D+99JZxgAYDBGqRRceUoe16qDzbMvlz0A9paCZFclxeftAxv6\n' + (STDOUT, APP/TASK/deploy-to-postgresql)#
#2026 04 13 19:07:35.114#Z#DEBUG#be2d3d37-376b-11f1-938a-eeee0a8c9147.BTP_CI_CD_Deployment_CAPM-postgres-deployer#flowable-async-job-executor-thread-20398#
[PollExecuteTaskStatusExecution] c49c6f4e-6a21-4cf0-9f92-c125a8dc9d83 [2026-04-13T19:07:24.792021] 'QlR5rItMz/XdzpBJUpYhdzM0gCzAzdQuVO5tjJxmXhkSMcDP+8Q+Uv6FA9k2VpUV\n' + (STDOUT, APP/TASK/deploy-to-postgresql)#
#2026 04 13 19:07:35.114#Z#DEBUG#be2d3d37-376b-11f1-938a-eeee0a8c9147.BTP_CI_CD_Deployment_CAPM-postgres-deployer#flowable-async-job-executor-thread-20398#
[PollExecuteTaskStatusExecution] c49c6f4e-6a21-4cf0-9f92-c125a8dc9d83 [2026-04-13T19:07:24.792024] 'E/O5jgpqUJJ2Hc/5rs9VkAPXeA==\n' + (STDOUT, APP/TASK/deploy-to-postgresql)#
#2026 04 13 19:07:35.114#Z#DEBUG#be2d3d37-376b-11f1-938a-eeee0a8c9147.BTP_CI_CD_Deployment_CAPM-postgres-deployer#flowable-async-job-executor-thread-20398#
[PollExecuteTaskStatusExecution] c49c6f4e-6a21-4cf0-9f92-c125a8dc9d83 [2026-04-13T19:07:24.792026] '-----END CERTIFICATE-----\n' + (STDOUT, APP/TASK/deploy-to-postgresql)#
#2026 04 13 19:07:35.114#Z#DEBUG#be2d3d37-376b-11f1-938a-eeee0a8c9147.BTP_CI_CD_Deployment_CAPM-postgres-deployer#flowable-async-job-executor-thread-20398#
[PollExecuteTaskStatusExecution] c49c6f4e-6a21-4cf0-9f92-c125a8dc9d83 [2026-04-13T19:07:24.792027] '-----BEGIN CERTIFICATE-----\n' + (STDOUT, APP/TASK/deploy-to-postgresql)#
#2026 04 13 19:07:35.114#Z#DEBUG#be2d3d37-376b-11f1-938a-eeee0a8c9147.BTP_CI_CD_Deployment_CAPM-postgres-deployer#flowable-async-job-executor-thread-20398#
[PollExecuteTaskStatusExecution] c49c6f4e-6a21-4cf0-9f92-c125a8dc9d83 [2026-04-13T19:07:24.792029] 'MIIF/jCCA+agAwIBAgIQaRHaEqqacXN20e8zZJtmDDANBgkqhkiG9w0BAQwFADCB\n' + (STDOUT, APP/TASK/deploy-to-postgresql)#
#2026 04 13 19:07:35.114#Z#DEBUG#be2d3d37-376b-11f1-938a-eeee0a8c9147.BTP_CI_CD_Deployment_CAPM-postgres-deployer#flowable-async-job-executor-thread-20398#
[PollExecuteTaskStatusExecution] c49c6f4e-6a21-4cf0-9f92-c125a8dc9d83 [2026-04-13T19:07:24.792086] 'lzELMAkGA1UEBhMCVVMxIjAgBgNVBAoMGUFtYXpvbiBXZWIgU2VydmljZXMsIElu\n' + (STDOUT, APP/TASK/deploy-to-postgresql)#
#2026 04 13 19:07:35.114#Z#DEBUG#be2d3d37-376b-11f1-938a-eeee0a8c9147.BTP_CI_CD_Deployment_CAPM-postgres-deployer#flowable-async-job-executor-thread-20398#
[PollExecuteTaskStatusExecution] c49c6f4e-6a21-4cf0-9f92-c125a8dc9d83 [2026-04-13T19:07:24.792113] 'Yy4xEzARBgNVBAsMCkFtYXpvbiBSRFMxCzAJBgNVBAgMAldBMTAwLgYDVQQDDCdB\n' + (STDOUT, APP/TASK/deploy-to-postgresql)#
#2026 04 13 19:07:35.114#Z#DEBUG#be2d3d37-376b-11f1-938a-eeee0a8c9147.BTP_CI_CD_Deployment_CAPM-postgres-deployer#flowable-async-job-executor-thread-20398#
[PollExecuteTaskStatusExecution] c49c6f4e-6a21-4cf0-9f92-c125a8dc9d83 [2026-04-13T19:07:24.792115] 'bWF6b24gUkRTIHVzLWVhc3QtMSBSb290IENBIFJTQTQwOTYgRzExEDAOBgNVBAcM\n' + (STDOUT, APP/TASK/deploy-to-postgresql)#
#2026 04 13 19:07:35.114#Z#DEBUG#be2d3d37-376b-11f1-938a-eeee0a8c9147.BTP_CI_CD_Deployment_CAPM-postgres-deployer#flowable-async-job-executor-thread-20398#
[PollExecuteTaskStatusExecution] c49c6f4e-6a21-4cf0-9f92-c125a8dc9d83 [2026-04-13T19:07:24.792118] 'B1NlYXR0bGUwIBcNMjEwNTI1MjIzODM1WhgPMjEyMTA1MjUyMzM4MzVaMIGXMQsw\n' + (STDOUT, APP/TASK/deploy-to-postgresql)#
#2026 04 13 19:07:35.114#Z#DEBUG#be2d3d37-376b-11f1-938a-eeee0a8c9147.BTP_CI_CD_Deployment_CAPM-postgres-deployer#flowable-async-job-executor-thread-20398#
[PollExecuteTaskStatusExecution] c49c6f4e-6a21-4cf0-9f92-c125a8dc9d83 [2026-04-13T19:07:24.792119] 'CQYDVQQGEwJVUzEiMCAGA1UECgwZQW1hem9uIFdlYiBTZXJ2aWNlcywgSW5jLjET\n' + (STDOUT, APP/TASK/deploy-to-postgresql)#
#2026 04 13 19:07:35.114#Z#DEBUG#be2d3d37-376b-11f1-938a-eeee0a8c9147.BTP_CI_CD_Deployment_CAPM-postgres-deployer#flowable-async-job-executor-thread-20398#
[PollExecuteTaskStatusExecution] c49c6f4e-6a21-4cf0-9f92-c125a8dc9d83 [2026-04-13T19:07:24.792121] 'MBEGA1UECwwKQW1hem9uIFJEUzELMAkGA1UECAwCV0ExMDAuBgNVBAMMJ0FtYXpv\n' + (STDOUT, APP/TASK/deploy-to-postgresql)#
#2026 04 13 19:07:35.114#Z#DEBUG#be2d3d37-376b-11f1-938a-eeee0a8c9147.BTP_CI_CD_Deployment_CAPM-postgres-deployer#flowable-async-job-executor-thread-20398#
[PollExecuteTaskStatusExecution] c49c6f4e-6a21-4cf0-9f92-c125a8dc9d83 [2026-04-13T19:07:24.792124] 'biBSRFMgdXMtZWFzdC0xIFJvb3QgQ0EgUlNBNDA5NiBHMTEQMA4GA1UEBwwHU2Vh\n' + (STDOUT, APP/TASK/deploy-to-postgresql)#
#2026 04 13 19:07:35.114#Z#DEBUG#be2d3d37-376b-11f1-938a-eeee0a8c9147.BTP_CI_CD_Deployment_CAPM-postgres-deployer#flowable-async-job-executor-thread-20398#
[PollExecuteTaskStatusExecution] c49c6f4e-6a21-4cf0-9f92-c125a8dc9d83 [2026-04-13T19:07:24.792126] 'dHRsZTCCAiIwDQYJKoZIhvcNAQEBBQADggIPADCCAgoCggIBAInfBCaHuvj6Rb5c\n' + (STDOUT, APP/TASK/deploy-to-postgresql)#
#2026 04 13 19:07:35.114#Z#DEBUG#be2d3d37-376b-11f1-938a-eeee0a8c9147.BTP_CI_CD_Deployment_CAPM-postgres-deployer#flowable-async-job-executor-thread-20398#
[PollExecuteTaskStatusExecution] c49c6f4e-6a21-4cf0-9f92-c125a8dc9d83 [2026-04-13T19:07:24.792128] 'L5Wmn1jv2PHtEGMHm+7Z8dYosdwouG8VG2A+BCYCZfij9lIGszrTXkY4O7vnXgru\n' + (STDOUT, APP/TASK/deploy-to-postgresql)#
#2026 04 13 19:07:35.114#Z#DEBUG#be2d3d37-376b-11f1-938a-eeee0a8c9147.BTP_CI_CD_Deployment_CAPM-postgres-deployer#flowable-async-job-executor-thread-20398#
[PollExecuteTaskStatusExecution] c49c6f4e-6a21-4cf0-9f92-c125a8dc9d83 [2026-04-13T19:07:24.792129] 'JUNdxh0Q3M83p4X+bg+gODUs3jf+Z3Oeq7nTOk/2UYvQLcxP4FEXILxDInbQFcIx\n' + (STDOUT, APP/TASK/deploy-to-postgresql)#
#2026 04 13 19:07:35.114#Z#DEBUG#be2d3d37-376b-11f1-938a-eeee0a8c9147.BTP_CI_CD_Deployment_CAPM-postgres-deployer#flowable-async-job-executor-thread-20398#
[PollExecuteTaskStatusExecution] c49c6f4e-6a21-4cf0-9f92-c125a8dc9d83 [2026-04-13T19:07:24.792131] 'yen1ESHggGrjEodgn6nbKQNRfIhjhW+TKYaewfsVWH7EF2pfj+cjbJ6njjgZ0/M9\n' + (STDOUT, APP/TASK/deploy-to-postgresql)#
#2026 04 13 19:07:35.114#Z#DEBUG#be2d3d37-376b-11f1-938a-eeee0a8c9147.BTP_CI_CD_Deployment_CAPM-postgres-deployer#flowable-async-job-executor-thread-20398#
[PollExecuteTaskStatusExecution] c49c6f4e-6a21-4cf0-9f92-c125a8dc9d83 [2026-04-13T19:07:24.792134] 'VZifJFBgat6XUTOf3jwHwkCBh7T6rDpgy19A61laImJCQhdTnHKvzTpxcxiLRh69\n' + (STDOUT, APP/TASK/deploy-to-postgresql)#
#2026 04 13 19:07:35.114#Z#DEBUG#be2d3d37-376b-11f1-938a-eeee0a8c9147.BTP_CI_CD_Deployment_CAPM-postgres-deployer#flowable-async-job-executor-thread-20398#
[PollExecuteTaskStatusExecution] c49c6f4e-6a21-4cf0-9f92-c125a8dc9d83 [2026-04-13T19:07:24.792136] 'ZObypR7W04OAUmFS88V7IotlPmCL8xf7kwxG+gQfvx31+A9IDMsiTqJ1Cc4fYEKg\n' + (STDOUT, APP/TASK/deploy-to-postgresql)#
#2026 04 13 19:07:35.114#Z#DEBUG#be2d3d37-376b-11f1-938a-eeee0a8c9147.BTP_CI_CD_Deployment_CAPM-postgres-deployer#flowable-async-job-executor-thread-20398#
[PollExecuteTaskStatusExecution] c49c6f4e-6a21-4cf0-9f92-c125a8dc9d83 [2026-04-13T19:07:24.792138] 'bL+Vo+2Ii4W2esCTGVYmHm73drznfeKwL+kmIC/Bq+DrZ+veTqKFYwSkpHRyJCEe\n' + (STDOUT, APP/TASK/deploy-to-postgresql)#
#2026 04 13 19:07:35.114#Z#DEBUG#be2d3d37-376b-11f1-938a-eeee0a8c9147.BTP_CI_CD_Deployment_CAPM-postgres-deployer#flowable-async-job-executor-thread-20398#
[PollExecuteTaskStatusExecution] c49c6f4e-6a21-4cf0-9f92-c125a8dc9d83 [2026-04-13T19:07:24.792139] 'U4Zym6POqQ/4LBSKwDUhWLJIlq99bjKX+hNTJykB+Lbcx0ScOP4IAZQoxmDxGWxN\n' + (STDOUT, APP/TASK/deploy-to-postgresql)#
#2026 04 13 19:07:35.114#Z#DEBUG#be2d3d37-376b-11f1-938a-eeee0a8c9147.BTP_CI_CD_Deployment_CAPM-postgres-deployer#flowable-async-job-executor-thread-20398#
[PollExecuteTaskStatusExecution] c49c6f4e-6a21-4cf0-9f92-c125a8dc9d83 [2026-04-13T19:07:24.792141] 'S+lQj+Cx2pwU3S/7+OxlRndZAX/FKgk7xSMkg88HykUZaZ/ozIiqJqSnGpgXCtED\n' + (STDOUT, APP/TASK/deploy-to-postgresql)#
#2026 04 13 19:07:35.114#Z#DEBUG#be2d3d37-376b-11f1-938a-eeee0a8c9147.BTP_CI_CD_Deployment_CAPM-postgres-deployer#flowable-async-job-executor-thread-20398#
[PollExecuteTaskStatusExecution] c49c6f4e-6a21-4cf0-9f92-c125a8dc9d83 [2026-04-13T19:07:24.792143] 'oQ4OJw5ozAr+/wudOawaMwUWQl5asD8fuy/hl5S1nv9XxIc842QJOtJFxhyeMIXt\n' + (STDOUT, APP/TASK/deploy-to-postgresql)#
#2026 04 13 19:07:35.114#Z#DEBUG#be2d3d37-376b-11f1-938a-eeee0a8c9147.BTP_CI_CD_Deployment_CAPM-postgres-deployer#flowable-async-job-executor-thread-20398#
[PollExecuteTaskStatusExecution] c49c6f4e-6a21-4cf0-9f92-c125a8dc9d83 [2026-04-13T19:07:24.792145] 'LVECVw/dPekhMjS3Zo3wwRgYbnKG7YXXT5WMxJEnHu8+cYpMiRClzq2BEP6/MtI2\n' + (STDOUT, APP/TASK/deploy-to-postgresql)#
#2026 04 13 19:07:35.114#Z#DEBUG#be2d3d37-376b-11f1-938a-eeee0a8c9147.BTP_CI_CD_Deployment_CAPM-postgres-deployer#flowable-async-job-executor-thread-20398#
[PollExecuteTaskStatusExecution] c49c6f4e-6a21-4cf0-9f92-c125a8dc9d83 [2026-04-13T19:07:24.792147] 'AZQQUFu2yFjRGL2OZA6IYjxnXYiRAgMBAAGjQjBAMA8GA1UdEwEB/wQFMAMBAf8w\n' + (STDOUT, APP/TASK/deploy-to-postgresql)#
#2026 04 13 19:07:35.114#Z#DEBUG#be2d3d37-376b-11f1-938a-eeee0a8c9147.BTP_CI_CD_Deployment_CAPM-postgres-deployer#flowable-async-job-executor-thread-20398#
[PollExecuteTaskStatusExecution] c49c6f4e-6a21-4cf0-9f92-c125a8dc9d83 [2026-04-13T19:07:24.792150] 'HQYDVR0OBBYEFADCcQCPX2HmkqQcmuHfiQ2jjqnrMA4GA1UdDwEB/wQEAwIBhjAN\n' + (STDOUT, APP/TASK/deploy-to-postgresql)#
#2026 04 13 19:07:35.114#Z#DEBUG#be2d3d37-376b-11f1-938a-eeee0a8c9147.BTP_CI_CD_Deployment_CAPM-postgres-deployer#flowable-async-job-executor-thread-20398#
[PollExecuteTaskStatusExecution] c49c6f4e-6a21-4cf0-9f92-c125a8dc9d83 [2026-04-13T19:07:24.792152] 'BgkqhkiG9w0BAQwFAAOCAgEASXkGQ2eUmudIKPeOIF7RBryCoPmMOsqP0+1qxF8l\n' + (STDOUT, APP/TASK/deploy-to-postgresql)#
#2026 04 13 19:07:35.114#Z#DEBUG#be2d3d37-376b-11f1-938a-eeee0a8c9147.BTP_CI_CD_Deployment_CAPM-postgres-deployer#flowable-async-job-executor-thread-20398#
[PollExecuteTaskStatusExecution] c49c6f4e-6a21-4cf0-9f92-c125a8dc9d83 [2026-04-13T19:07:24.792153] 'pGkwmrgNDGpmd9s0ArfIVBTc1jmpgB3oiRW9c6n2OmwBKL4UPuQ8O3KwSP0iD2sZ\n' + (STDOUT, APP/TASK/deploy-to-postgresql)#
#2026 04 13 19:07:35.114#Z#DEBUG#be2d3d37-376b-11f1-938a-eeee0a8c9147.BTP_CI_CD_Deployment_CAPM-postgres-deployer#flowable-async-job-executor-thread-20398#
[PollExecuteTaskStatusExecution] c49c6f4e-6a21-4cf0-9f92-c125a8dc9d83 [2026-04-13T19:07:24.792155] 'KMXoMEyphCEzW1I2GRvYDugL3Z9MWrnHkoaoH2l8YyTYvszTvdgxBPpM2x4pSkp+\n' + (STDOUT, APP/TASK/deploy-to-postgresql)#
#2026 04 13 19:07:35.114#Z#DEBUG#be2d3d37-376b-11f1-938a-eeee0a8c9147.BTP_CI_CD_Deployment_CAPM-postgres-deployer#flowable-async-job-executor-thread-20398#
[PollExecuteTaskStatusExecution] c49c6f4e-6a21-4cf0-9f92-c125a8dc9d83 [2026-04-13T19:07:24.792157] '76d4/eRpJ5mVuQ93nC+YG0wXCxSq63hX4kyZgPxgCdAA+qgFfKIGyNqUIqWgeyTP\n' + (STDOUT, APP/TASK/deploy-to-postgresql)#
#2026 04 13 19:07:35.114#Z#DEBUG#be2d3d37-376b-11f1-938a-eeee0a8c9147.BTP_CI_CD_Deployment_CAPM-postgres-deployer#flowable-async-job-executor-thread-20398#
[PollExecuteTaskStatusExecution] c49c6f4e-6a21-4cf0-9f92-c125a8dc9d83 [2026-04-13T19:07:24.792158] 'n5OgKaboYk2141Rf2hGMD3/hsGm0rrJh7g3C0ZirPws3eeJfulvAOIy2IZzqHUSY\n' + (STDOUT, APP/TASK/deploy-to-postgresql)#
#2026 04 13 19:07:35.114#Z#DEBUG#be2d3d37-376b-11f1-938a-eeee0a8c9147.BTP_CI_CD_Deployment_CAPM-postgres-deployer#flowable-async-job-executor-thread-20398#
[PollExecuteTaskStatusExecution] c49c6f4e-6a21-4cf0-9f92-c125a8dc9d83 [2026-04-13T19:07:24.792161] 'jkFzraz6LEH3IlArT3jUPvWKqvh2lJWnnp56aqxBR7qHH5voD49UpJWY1K0BjGnS\n' + (STDOUT, APP/TASK/deploy-to-postgresql)#
#2026 04 13 19:07:35.114#Z#DEBUG#be2d3d37-376b-11f1-938a-eeee0a8c9147.BTP_CI_CD_Deployment_CAPM-postgres-deployer#flowable-async-job-executor-thread-20398#
[PollExecuteTaskStatusExecution] c49c6f4e-6a21-4cf0-9f92-c125a8dc9d83 [2026-04-13T19:07:24.792163] 'OHcurpp0Yt/BIs4VZeWdCZwI7JaSeDcPMaMDBvND3Ia5Fga0thgYQTG6dE+N5fgF\n' + (STDOUT, APP/TASK/deploy-to-postgresql)#
#2026 04 13 19:07:35.114#Z#DEBUG#be2d3d37-376b-11f1-938a-eeee0a8c9147.BTP_CI_CD_Deployment_CAPM-postgres-deployer#flowable-async-job-executor-thread-20398#
[PollExecuteTaskStatusExecution] c49c6f4e-6a21-4cf0-9f92-c125a8dc9d83 [2026-04-13T19:07:24.792165] 'z+hRaujXO2nb0LmddVyvE8prYlWRMuYFv+Co8hcMdJ0lEZlfVNu0jbm9/GmwAZ+l\n' + (STDOUT, APP/TASK/deploy-to-postgresql)#
#2026 04 13 19:07:35.114#Z#DEBUG#be2d3d37-376b-11f1-938a-eeee0a8c9147.BTP_CI_CD_Deployment_CAPM-postgres-deployer#flowable-async-job-executor-thread-20398#
[PollExecuteTaskStatusExecution] c49c6f4e-6a21-4cf0-9f92-c125a8dc9d83 [2026-04-13T19:07:24.792167] '9umeYO9yz/uC7edC8XJBglMAKUmVK9wNtOckUWAcCfnPWYLbYa/PqtXBYcxrso5j\n' + (STDOUT, APP/TASK/deploy-to-postgresql)#
#2026 04 13 19:07:35.114#Z#DEBUG#be2d3d37-376b-11f1-938a-eeee0a8c9147.BTP_CI_CD_Deployment_CAPM-postgres-deployer#flowable-async-job-executor-thread-20398#
[PollExecuteTaskStatusExecution] c49c6f4e-6a21-4cf0-9f92-c125a8dc9d83 [2026-04-13T19:07:24.792168] 'iaS/A7iEW51uteHBGrViCy1afGG+hiUWwFlesli+Rq4dNstX3h6h2baWABaAxEVJ\n' + (STDOUT, APP/TASK/deploy-to-postgresql)#
#2026 04 13 19:07:35.114#Z#DEBUG#be2d3d37-376b-11f1-938a-eeee0a8c9147.BTP_CI_CD_Deployment_CAPM-postgres-deployer#flowable-async-job-executor-thread-20398#
[PollExecuteTaskStatusExecution] c49c6f4e-6a21-4cf0-9f92-c125a8dc9d83 [2026-04-13T19:07:24.792170] 'y1RnTQSz6mROT1VmZSgSVO37rgIyY0Hf0872ogcTS+FfvXgBxCxsNWEbiQ/XXva4\n' + (STDOUT, APP/TASK/deploy-to-postgresql)#
#2026 04 13 19:07:35.114#Z#DEBUG#be2d3d37-376b-11f1-938a-eeee0a8c9147.BTP_CI_CD_Deployment_CAPM-postgres-deployer#flowable-async-job-executor-thread-20398#
[PollExecuteTaskStatusExecution] c49c6f4e-6a21-4cf0-9f92-c125a8dc9d83 [2026-04-13T19:07:24.792174] '0Ws=\n' + (STDOUT, APP/TASK/deploy-to-postgresql)#
#2026 04 13 19:07:35.114#Z#DEBUG#be2d3d37-376b-11f1-938a-eeee0a8c9147.BTP_CI_CD_Deployment_CAPM-postgres-deployer#flowable-async-job-executor-thread-20398#
[PollExecuteTaskStatusExecution] c49c6f4e-6a21-4cf0-9f92-c125a8dc9d83 [2026-04-13T19:07:24.792176] '-----END CERTIFICATE-----\n' + (STDOUT, APP/TASK/deploy-to-postgresql)#
#2026 04 13 19:07:35.114#Z#DEBUG#be2d3d37-376b-11f1-938a-eeee0a8c9147.BTP_CI_CD_Deployment_CAPM-postgres-deployer#flowable-async-job-executor-thread-20398#
[PollExecuteTaskStatusExecution] c49c6f4e-6a21-4cf0-9f92-c125a8dc9d83 [2026-04-13T19:07:24.792179] '-----BEGIN CERTIFICATE-----\n' + (STDOUT, APP/TASK/deploy-to-postgresql)#
#2026 04 13 19:07:35.114#Z#DEBUG#be2d3d37-376b-11f1-938a-eeee0a8c9147.BTP_CI_CD_Deployment_CAPM-postgres-deployer#flowable-async-job-executor-thread-20398#
[PollExecuteTaskStatusExecution] c49c6f4e-6a21-4cf0-9f92-c125a8dc9d83 [2026-04-13T19:07:24.792181] 'MIICrjCCAjSgAwIBAgIRAPAlEk8VJPmEzVRRaWvTh2AwCgYIKoZIzj0EAwMwgZYx\n' + (STDOUT, APP/TASK/deploy-to-postgresql)#
#2026 04 13 19:07:35.114#Z#DEBUG#be2d3d37-376b-11f1-938a-eeee0a8c9147.BTP_CI_CD_Deployment_CAPM-postgres-deployer#flowable-async-job-executor-thread-20398#
[PollExecuteTaskStatusExecution] c49c6f4e-6a21-4cf0-9f92-c125a8dc9d83 [2026-04-13T19:07:24.792183] 'CzAJBgNVBAYTAlVTMSIwIAYDVQQKDBlBbWF6b24gV2ViIFNlcnZpY2VzLCBJbmMu\n' + (STDOUT, APP/TASK/deploy-to-postgresql)#
#2026 04 13 19:07:35.114#Z#DEBUG#be2d3d37-376b-11f1-938a-eeee0a8c9147.BTP_CI_CD_Deployment_CAPM-postgres-deployer#flowable-async-job-executor-thread-20398#
[PollExecuteTaskStatusExecution] c49c6f4e-6a21-4cf0-9f92-c125a8dc9d83 [2026-04-13T19:07:24.792185] 'MRMwEQYDVQQLDApBbWF6b24gUkRTMQswCQYDVQQIDAJXQTEvMC0GA1UEAwwmQW1h\n' + (STDOUT, APP/TASK/deploy-to-postgresql)#
#2026 04 13 19:07:35.114#Z#DEBUG#be2d3d37-376b-11f1-938a-eeee0a8c9147.BTP_CI_CD_Deployment_CAPM-postgres-deployer#flowable-async-job-executor-thread-20398#
[PollExecuteTaskStatusExecution] c49c6f4e-6a21-4cf0-9f92-c125a8dc9d83 [2026-04-13T19:07:24.792187] 'em9uIFJEUyB1cy1lYXN0LTEgUm9vdCBDQSBFQ0MzODQgRzExEDAOBgNVBAcMB1Nl\n' + (STDOUT, APP/TASK/deploy-to-postgresql)#
#2026 04 13 19:07:35.114#Z#DEBUG#be2d3d37-376b-11f1-938a-eeee0a8c9147.BTP_CI_CD_Deployment_CAPM-postgres-deployer#flowable-async-job-executor-thread-20398#
[PollExecuteTaskStatusExecution] c49c6f4e-6a21-4cf0-9f92-c125a8dc9d83 [2026-04-13T19:07:24.792188] 'YXR0bGUwIBcNMjEwNTI1MjI0MTU1WhgPMjEyMTA1MjUyMzQxNTVaMIGWMQswCQYD\n' + (STDOUT, APP/TASK/deploy-to-postgresql)#
#2026 04 13 19:07:35.114#Z#DEBUG#be2d3d37-376b-11f1-938a-eeee0a8c9147.BTP_CI_CD_Deployment_CAPM-postgres-deployer#flowable-async-job-executor-thread-20398#
[PollExecuteTaskStatusExecution] c49c6f4e-6a21-4cf0-9f92-c125a8dc9d83 [2026-04-13T19:07:24.792191] 'VQQGEwJVUzEiMCAGA1UECgwZQW1hem9uIFdlYiBTZXJ2aWNlcywgSW5jLjETMBEG\n' + (STDOUT, APP/TASK/deploy-to-postgresql)#
#2026 04 13 19:07:35.114#Z#DEBUG#be2d3d37-376b-11f1-938a-eeee0a8c9147.BTP_CI_CD_Deployment_CAPM-postgres-deployer#flowable-async-job-executor-thread-20398#
[PollExecuteTaskStatusExecution] c49c6f4e-6a21-4cf0-9f92-c125a8dc9d83 [2026-04-13T19:07:24.792193] 'A1UECwwKQW1hem9uIFJEUzELMAkGA1UECAwCV0ExLzAtBgNVBAMMJkFtYXpvbiBS\n' + (STDOUT, APP/TASK/deploy-to-postgresql)#
#2026 04 13 19:07:35.114#Z#DEBUG#be2d3d37-376b-11f1-938a-eeee0a8c9147.BTP_CI_CD_Deployment_CAPM-postgres-deployer#flowable-async-job-executor-thread-20398#
[PollExecuteTaskStatusExecution] c49c6f4e-6a21-4cf0-9f92-c125a8dc9d83 [2026-04-13T19:07:24.792195] 'RFMgdXMtZWFzdC0xIFJvb3QgQ0EgRUNDMzg0IEcxMRAwDgYDVQQHDAdTZWF0dGxl\n' + (STDOUT, APP/TASK/deploy-to-postgresql)#
#2026 04 13 19:07:35.114#Z#DEBUG#be2d3d37-376b-11f1-938a-eeee0a8c9147.BTP_CI_CD_Deployment_CAPM-postgres-deployer#flowable-async-job-executor-thread-20398#
[PollExecuteTaskStatusExecution] c49c6f4e-6a21-4cf0-9f92-c125a8dc9d83 [2026-04-13T19:07:24.792197] 'MHYwEAYHKoZIzj0CAQYFK4EEACIDYgAEx5xjrup8II4HOJw15NTnS3H5yMrQGlbj\n' + (STDOUT, APP/TASK/deploy-to-postgresql)#
#2026 04 13 19:07:35.114#Z#DEBUG#be2d3d37-376b-11f1-938a-eeee0a8c9147.BTP_CI_CD_Deployment_CAPM-postgres-deployer#flowable-async-job-executor-thread-20398#
[PollExecuteTaskStatusExecution] c49c6f4e-6a21-4cf0-9f92-c125a8dc9d83 [2026-04-13T19:07:24.792198] 'EDA5MMGnE9DmHp5dACIxmPXPMe/99nO7wNdl7G71OYPCgEvWm0FhdvVUeTb3LVnV\n' + (STDOUT, APP/TASK/deploy-to-postgresql)#
#2026 04 13 19:07:35.114#Z#DEBUG#be2d3d37-376b-11f1-938a-eeee0a8c9147.BTP_CI_CD_Deployment_CAPM-postgres-deployer#flowable-async-job-executor-thread-20398#
[PollExecuteTaskStatusExecution] c49c6f4e-6a21-4cf0-9f92-c125a8dc9d83 [2026-04-13T19:07:24.792200] 'BnaXt32Ek7/oxGk1T+Df03C+W0vmuJ+wo0IwQDAPBgNVHRMBAf8EBTADAQH/MB0G\n' + (STDOUT, APP/TASK/deploy-to-postgresql)#
#2026 04 13 19:07:35.114#Z#DEBUG#be2d3d37-376b-11f1-938a-eeee0a8c9147.BTP_CI_CD_Deployment_CAPM-postgres-deployer#flowable-async-job-executor-thread-20398#
[PollExecuteTaskStatusExecution] c49c6f4e-6a21-4cf0-9f92-c125a8dc9d83 [2026-04-13T19:07:24.792224] 'A1UdDgQWBBTGXmqBWN/1tkSea4pNw0oHrjk2UDAOBgNVHQ8BAf8EBAMCAYYwCgYI\n' + (STDOUT, APP/TASK/deploy-to-postgresql)#
#2026 04 13 19:07:35.114#Z#DEBUG#be2d3d37-376b-11f1-938a-eeee0a8c9147.BTP_CI_CD_Deployment_CAPM-postgres-deployer#flowable-async-job-executor-thread-20398#
[PollExecuteTaskStatusExecution] c49c6f4e-6a21-4cf0-9f92-c125a8dc9d83 [2026-04-13T19:07:24.792228] 'KoZIzj0EAwMDaAAwZQIxAIqqZWCSrIkZ7zsv/FygtAusW6yvlL935YAWYPVXU30m\n' + (STDOUT, APP/TASK/deploy-to-postgresql)#
#2026 04 13 19:07:35.114#Z#DEBUG#be2d3d37-376b-11f1-938a-eeee0a8c9147.BTP_CI_CD_Deployment_CAPM-postgres-deployer#flowable-async-job-executor-thread-20398#
[PollExecuteTaskStatusExecution] c49c6f4e-6a21-4cf0-9f92-c125a8dc9d83 [2026-04-13T19:07:24.792230] 'jkMFLM+/RJ9GMvnO8jHfCgIwB+whlkcItzE9CRQ6CsMo/d5cEHDUu/QW6jSIh9BR\n' + (STDOUT, APP/TASK/deploy-to-postgresql)#
#2026 04 13 19:07:35.114#Z#DEBUG#be2d3d37-376b-11f1-938a-eeee0a8c9147.BTP_CI_CD_Deployment_CAPM-postgres-deployer#flowable-async-job-executor-thread-20398#
[PollExecuteTaskStatusExecution] c49c6f4e-6a21-4cf0-9f92-c125a8dc9d83 [2026-04-13T19:07:24.792232] 'OGh9pTYPVkUbBiKPA7lVVhre\n' + (STDOUT, APP/TASK/deploy-to-postgresql)#
#2026 04 13 19:07:35.114#Z#DEBUG#be2d3d37-376b-11f1-938a-eeee0a8c9147.BTP_CI_CD_Deployment_CAPM-postgres-deployer#flowable-async-job-executor-thread-20398#
[PollExecuteTaskStatusExecution] c49c6f4e-6a21-4cf0-9f92-c125a8dc9d83 [2026-04-13T19:07:24.792233] '-----END CERTIFICATE-----\n' (STDOUT, APP/TASK/deploy-to-postgresql)#
#2026 04 13 19:07:35.114#Z#DEBUG#be2d3d37-376b-11f1-938a-eeee0a8c9147.BTP_CI_CD_Deployment_CAPM-postgres-deployer#flowable-async-job-executor-thread-20398#
[PollExecuteTaskStatusExecution] c49c6f4e-6a21-4cf0-9f92-c125a8dc9d83 [2026-04-13T19:07:24.792235] } (STDOUT, APP/TASK/deploy-to-postgresql)#
#2026 04 13 19:07:35.114#Z#DEBUG#be2d3d37-376b-11f1-938a-eeee0a8c9147.BTP_CI_CD_Deployment_CAPM-postgres-deployer#flowable-async-job-executor-thread-20398#
[PollExecuteTaskStatusExecution] c49c6f4e-6a21-4cf0-9f92-c125a8dc9d83 [2026-04-13T19:07:24.792237] } {} (STDOUT, APP/TASK/deploy-to-postgresql)#
#2026 04 13 19:07:35.114#Z#DEBUG#be2d3d37-376b-11f1-938a-eeee0a8c9147.BTP_CI_CD_Deployment_CAPM-postgres-deployer#flowable-async-job-executor-thread-20398#
[PollExecuteTaskStatusExecution] c49c6f4e-6a21-4cf0-9f92-c125a8dc9d83 [2026-04-13T19:07:25.267850] /> deployment to postgres-ba329acb-cb7e-475c-b74a-6a3daa78372b.cqryblsdrbcs.us-east-1.rds.amazonaws.com:6137 failed (STDOUT, APP/TASK/deploy-to-postgresql)#
#2026 04 13 19:07:35.114#Z#DEBUG#be2d3d37-376b-11f1-938a-eeee0a8c9147.BTP_CI_CD_Deployment_CAPM-postgres-deployer#flowable-async-job-executor-thread-20398#
[PollExecuteTaskStatusExecution] c49c6f4e-6a21-4cf0-9f92-c125a8dc9d83 [2026-04-13T19:07:25.268809] Error: CDS compilation failed (@sap/cds-compiler v6.8.0) (STDERR, APP/TASK/deploy-to-postgresql)#
#2026 04 13 19:07:35.114#Z#DEBUG#be2d3d37-376b-11f1-938a-eeee0a8c9147.BTP_CI_CD_Deployment_CAPM-postgres-deployer#flowable-async-job-executor-thread-20398#
[PollExecuteTaskStatusExecution] c49c6f4e-6a21-4cf0-9f92-c125a8dc9d83 [2026-04-13T19:07:25.268831] db/csn.json:4: Error: Dropping elements is not supported (in entity:“com.sap.GitDeployment.Project”/element:“projectName”) (STDERR, APP/TASK/deploy-to-postgresql)#
#2026 04 13 19:07:35.114#Z#DEBUG#be2d3d37-376b-11f1-938a-eeee0a8c9147.BTP_CI_CD_Deployment_CAPM-postgres-deployer#flowable-async-job-executor-thread-20398#
[PollExecuteTaskStatusExecution] c49c6f4e-6a21-4cf0-9f92-c125a8dc9d83 [2026-04-13T19:07:25.268839] at throwWithAnyError (/home/vcap/app/node_modules/@sap/cds-compiler/lib/base/messages.js:587:13) (STDERR, APP/TASK/deploy-to-postgresql)#
#2026 04 13 19:07:35.114#Z#DEBUG#be2d3d37-376b-11f1-938a-eeee0a8c9147.BTP_CI_CD_Deployment_CAPM-postgres-deployer#flowable-async-job-executor-thread-20398#
[PollExecuteTaskStatusExecution] c49c6f4e-6a21-4cf0-9f92-c125a8dc9d83 [2026-04-13T19:07:25.268847] at Proxy.toSqlDdl (/home/vcap/app/node_modules/@sap/cds-compiler/lib/render/toSql.js:311:3) (STDERR, APP/TASK/deploy-to-postgresql)#
#2026 04 13 19:07:35.114#Z#DEBUG#be2d3d37-376b-11f1-938a-eeee0a8c9147.BTP_CI_CD_Deployment_CAPM-postgres-deployer#flowable-async-job-executor-thread-20398#
[PollExecuteTaskStatusExecution] c49c6f4e-6a21-4cf0-9f92-c125a8dc9d83 [2026-04-13T19:07:25.268849] at sqlMigration (/home/vcap/app/node_modules/@sap/cds-compiler/lib/api/main.js:599:13) (STDERR, APP/TASK/deploy-to-postgresql)#
#2026 04 13 19:07:35.114#Z#DEBUG#be2d3d37-376b-11f1-938a-eeee0a8c9147.BTP_CI_CD_Deployment_CAPM-postgres-deployer#flowable-async-job-executor-thread-20398#
[PollExecuteTaskStatusExecution] c49c6f4e-6a21-4cf0-9f92-c125a8dc9d83 [2026-04-13T19:07:25.268852] at Function.api [as migration] (/home/vcap/app/node_modules/@sap/cds-compiler/lib/api/main.js:1178:22) (STDERR, APP/TASK/deploy-to-postgresql)#
#2026 04 13 19:07:35.114#Z#DEBUG#be2d3d37-376b-11f1-938a-eeee0a8c9147.BTP_CI_CD_Deployment_CAPM-postgres-deployer#flowable-async-job-executor-thread-20398#
[PollExecuteTaskStatusExecution] c49c6f4e-6a21-4cf0-9f92-c125a8dc9d83 [2026-04-13T19:07:25.268854] at Function.migration (/home/vcap/app/node_modules/@sap/cds-compiler/lib/main.js:147:41) (STDERR, APP/TASK/deploy-to-postgresql)#
#2026 04 13 19:07:35.114#Z#DEBUG#be2d3d37-376b-11f1-938a-eeee0a8c9147.BTP_CI_CD_Deployment_CAPM-postgres-deployer#flowable-async-job-executor-thread-20398#
[PollExecuteTaskStatusExecution] c49c6f4e-6a21-4cf0-9f92-c125a8dc9d83 [2026-04-13T19:07:25.268856] at Object.deltaSql (/home/vcap/app/node_modules/@sap/cds/lib/compile/cdsc.js:165:53) (STDERR, APP/TASK/deploy-to-postgresql)#
#2026 04 13 19:07:35.114#Z#DEBUG#be2d3d37-376b-11f1-938a-eeee0a8c9147.BTP_CI_CD_Deployment_CAPM-postgres-deployer#flowable-async-job-executor-thread-20398#
[PollExecuteTaskStatusExecution] c49c6f4e-6a21-4cf0-9f92-c125a8dc9d83 [2026-04-13T19:07:25.268859] at /home/vcap/app/node_modules/@sap/cds/lib/compile/to/sql.js:38:61 (STDERR, APP/TASK/deploy-to-postgresql)#
#2026 04 13 19:07:35.114#Z#DEBUG#be2d3d37-376b-11f1-938a-eeee0a8c9147.BTP_CI_CD_Deployment_CAPM-postgres-deployer#flowable-async-job-executor-thread-20398#
[PollExecuteTaskStatusExecution] c49c6f4e-6a21-4cf0-9f92-c125a8dc9d83 [2026-04-13T19:07:25.268861] at next (/home/vcap/app/node_modules/@sap/cds/lib/compile/to/sql.js:44:4) (STDERR, APP/TASK/deploy-to-postgresql)#
#2026 04 13 19:07:35.114#Z#DEBUG#be2d3d37-376b-11f1-938a-eeee0a8c9147.BTP_CI_CD_Deployment_CAPM-postgres-deployer#flowable-async-job-executor-thread-20398#
[PollExecuteTaskStatusExecution] c49c6f4e-6a21-4cf0-9f92-c125a8dc9d83 [2026-04-13T19:07:25.268867] at Function.cds_compile_to_deltaSql [as delta] (/home/vcap/app/node_modules/@sap/cds/lib/compile/to/sql.js:46:21) (STDERR, APP/TASK/deploy-to-postgresql)#
#2026 04 13 19:07:35.114#Z#DEBUG#be2d3d37-376b-11f1-938a-eeee0a8c9147.BTP_CI_CD_Deployment_CAPM-postgres-deployer#flowable-async-job-executor-thread-20398#
[PollExecuteTaskStatusExecution] c49c6f4e-6a21-4cf0-9f92-c125a8dc9d83 [2026-04-13T19:07:25.268872] at deploy.schema (/home/vcap/app/node_modules/@sap/cds/lib/dbs/cds-deploy.js:75:75) (STDERR, APP/TASK/deploy-to-postgresql)#
#2026 04 13 19:07:35.114#Z#DEBUG#be2d3d37-376b-11f1-938a-eeee0a8c9147.BTP_CI_CD_Deployment_CAPM-postgres-deployer#flowable-async-job-executor-thread-20398#
[PollExecuteTaskStatusExecution] c49c6f4e-6a21-4cf0-9f92-c125a8dc9d83 [2026-04-13T19:07:25.305654] npm notice (STDERR, APP/TASK/deploy-to-postgresql)#
#2026 04 13 19:07:35.114#Z#DEBUG#be2d3d37-376b-11f1-938a-eeee0a8c9147.BTP_CI_CD_Deployment_CAPM-postgres-deployer#flowable-async-job-executor-thread-20398#
[PollExecuteTaskStatusExecution] c49c6f4e-6a21-4cf0-9f92-c125a8dc9d83 [2026-04-13T19:07:25.305685] npm notice New major version of npm available! 10.9.4 -> 11.12.1 (STDERR, APP/TASK/deploy-to-postgresql)#
#2026 04 13 19:07:35.114#Z#DEBUG#be2d3d37-376b-11f1-938a-eeee0a8c9147.BTP_CI_CD_Deployment_CAPM-postgres-deployer#flowable-async-job-executor-thread-20398#
[PollExecuteTaskStatusExecution] c49c6f4e-6a21-4cf0-9f92-c125a8dc9d83 [2026-04-13T19:07:25.305691] npm notice Changelog: https://github.com/npm/cli/releases/tag/v11.12.1 (STDERR, APP/TASK/deploy-to-postgresql)#
#2026 04 13 19:07:35.114#Z#DEBUG#be2d3d37-376b-11f1-938a-eeee0a8c9147.BTP_CI_CD_Deployment_CAPM-postgres-deployer#flowable-async-job-executor-thread-20398#
[PollExecuteTaskStatusExecution] c49c6f4e-6a21-4cf0-9f92-c125a8dc9d83 [2026-04-13T19:07:25.305696] npm notice To update run: npm install -g npm@11.12.1 (STDERR, APP/TASK/deploy-to-postgresql)#
#2026 04 13 19:07:35.114#Z#DEBUG#be2d3d37-376b-11f1-938a-eeee0a8c9147.BTP_CI_CD_Deployment_CAPM-postgres-deployer#flowable-async-job-executor-thread-20398#
[PollExecuteTaskStatusExecution] c49c6f4e-6a21-4cf0-9f92-c125a8dc9d83 [2026-04-13T19:07:25.305699] npm notice (STDERR, APP/TASK/deploy-to-postgresql)#
#2026 04 13 19:07:35.114#Z#DEBUG#be2d3d37-376b-11f1-938a-eeee0a8c9147.BTP_CI_CD_Deployment_CAPM-postgres-deployer#flowable-async-job-executor-thread-20398#
[PollExecuteTaskStatusExecution] c49c6f4e-6a21-4cf0-9f92-c125a8dc9d83 [2026-04-13T19:07:25.386403] Exit status 1 (STDOUT, APP/TASK/deploy-to-postgresql)#
#2026 04 13 19:07:35.114#Z#DEBUG#be2d3d37-376b-11f1-938a-eeee0a8c9147.BTP_CI_CD_Deployment_CAPM-postgres-deployer#flowable-async-job-executor-thread-20398#
[PollExecuteTaskStatusExecution] c49c6f4e-6a21-4cf0-9f92-c125a8dc9d83 [2026-04-13T19:07:26.163468] Cell 77283d80-dfa7-40ba-ba4e-265aef112085 stopping instance edf39563-0ed8-426b-a517-9dc0197449d3 (STDOUT, CELL)#
#2026 04 13 19:07:35.114#Z#DEBUG#be2d3d37-376b-11f1-938a-eeee0a8c9147.BTP_CI_CD_Deployment_CAPM-postgres-deployer#flowable-async-job-executor-thread-20398#
[PollExecuteTaskStatusExecution] c49c6f4e-6a21-4cf0-9f92-c125a8dc9d83 [2026-04-13T19:07:26.163502] Cell 77283d80-dfa7-40ba-ba4e-265aef112085 destroying container for instance edf39563-0ed8-426b-a517-9dc0197449d3 (STDOUT, CELL)#
#2026 04 13 19:07:35.114#Z#DEBUG#be2d3d37-376b-11f1-938a-eeee0a8c9147.BTP_CI_CD_Deployment_CAPM-postgres-deployer#flowable-async-job-executor-thread-20398#
[PollExecuteTaskStatusExecution] c49c6f4e-6a21-4cf0-9f92-c125a8dc9d83 [2026-04-13T19:07:29.031027] Cell 77283d80-dfa7-40ba-ba4e-265aef112085 successfully destroyed container for instance edf39563-0ed8-426b-a517-9dc0197449d3 (STDOUT, CELL)#
#2026 04 13 19:07:45.177#Z#DEBUG#be2d3d37-376b-11f1-938a-eeee0a8c9147.BTP_CI_CD_Deployment_CAPM-postgres-deployer#flowable-async-job-executor-thread-20403#
[PollExecuteTaskStatusExecution] c49c6f4e-6a21-4cf0-9f92-c125a8dc9d83 [2026-04-13T19:07:24.715787] > start (STDOUT, APP/TASK/deploy-to-postgresql)#
#2026 04 13 19:07:45.178#Z#DEBUG#be2d3d37-376b-11f1-938a-eeee0a8c9147.BTP_CI_CD_Deployment_CAPM-postgres-deployer#flowable-async-job-executor-thread-20403#
[PollExecuteTaskStatusExecution] c49c6f4e-6a21-4cf0-9f92-c125a8dc9d83 [2026-04-13T19:07:24.715810] > cds-deploy (STDOUT, APP/TASK/deploy-to-postgresql)#
#2026 04 13 19:07:45.178#Z#DEBUG#be2d3d37-376b-11f1-938a-eeee0a8c9147.BTP_CI_CD_Deployment_CAPM-postgres-deployer#flowable-async-job-executor-thread-20403#
[PollExecuteTaskStatusExecution] c49c6f4e-6a21-4cf0-9f92-c125a8dc9d83 [2026-04-13T19:07:24.790646] Deploying with options: { (STDOUT, APP/TASK/deploy-to-postgresql)#
#2026 04 13 19:07:45.178#Z#DEBUG#be2d3d37-376b-11f1-938a-eeee0a8c9147.BTP_CI_CD_Deployment_CAPM-postgres-deployer#flowable-async-job-executor-thread-20403#
[PollExecuteTaskStatusExecution] c49c6f4e-6a21-4cf0-9f92-c125a8dc9d83 [2026-04-13T19:07:24.790662] impl: '@cap-js/postgres', (STDOUT, APP/TASK/deploy-to-postgresql)#
#2026 04 13 19:07:45.178#Z#DEBUG#be2d3d37-376b-11f1-938a-eeee0a8c9147.BTP_CI_CD_Deployment_CAPM-postgres-deployer#flowable-async-job-executor-thread-20403#
[PollExecuteTaskStatusExecution] c49c6f4e-6a21-4cf0-9f92-c125a8dc9d83 [2026-04-13T19:07:24.790666] kind: 'postgres', (STDOUT, APP/TASK/deploy-to-postgresql)#
#2026 04 13 19:07:45.178#Z#DEBUG#be2d3d37-376b-11f1-938a-eeee0a8c9147.BTP_CI_CD_Deployment_CAPM-postgres-deployer#flowable-async-job-executor-thread-20403#
[PollExecuteTaskStatusExecution] c49c6f4e-6a21-4cf0-9f92-c125a8dc9d83 [2026-04-13T19:07:24.790669] dialect: 'postgres', (STDOUT, APP/TASK/deploy-to-postgresql)#
#2026 04 13 19:07:45.178#Z#DEBUG#be2d3d37-376b-11f1-938a-eeee0a8c9147.BTP_CI_CD_Deployment_CAPM-postgres-deployer#flowable-async-job-executor-thread-20403#
[PollExecuteTaskStatusExecution] c49c6f4e-6a21-4cf0-9f92-c125a8dc9d83 [2026-04-13T19:07:24.790672] vcap: { label: 'postgresql-db' }, (STDOUT, APP/TASK/deploy-to-postgresql)#
#2026 04 13 19:07:45.178#Z#DEBUG#be2d3d37-376b-11f1-938a-eeee0a8c9147.BTP_CI_CD_Deployment_CAPM-postgres-deployer#flowable-async-job-executor-thread-20403#
[PollExecuteTaskStatusExecution] c49c6f4e-6a21-4cf0-9f92-c125a8dc9d83 [2026-04-13T19:07:24.790676] pool: { (STDOUT, APP/TASK/deploy-to-postgresql)#
#2026 04 13 19:07:45.178#Z#DEBUG#be2d3d37-376b-11f1-938a-eeee0a8c9147.BTP_CI_CD_Deployment_CAPM-postgres-deployer#flowable-async-job-executor-thread-20403#
[PollExecuteTaskStatusExecution] c49c6f4e-6a21-4cf0-9f92-c125a8dc9d83 [2026-04-13T19:07:24.790678] min: 0, (STDOUT, APP/TASK/deploy-to-postgresql)#
#2026 04 13 19:07:45.178#Z#DEBUG#be2d3d37-376b-11f1-938a-eeee0a8c9147.BTP_CI_CD_Deployment_CAPM-postgres-deployer#flowable-async-job-executor-thread-20403#
[PollExecuteTaskStatusExecution] c49c6f4e-6a21-4cf0-9f92-c125a8dc9d83 [2026-04-13T19:07:24.790680] max: 10, (STDOUT, APP/TASK/deploy-to-postgresql)#
#2026 04 13 19:07:45.178#Z#DEBUG#be2d3d37-376b-11f1-938a-eeee0a8c9147.BTP_CI_CD_Deployment_CAPM-postgres-deployer#flowable-async-job-executor-thread-20403#
[PollExecuteTaskStatusExecution] c49c6f4e-6a21-4cf0-9f92-c125a8dc9d83 [2026-04-13T19:07:24.790683] testOnBorrow: true, (STDOUT, APP/TASK/deploy-to-postgresql)#
#2026 04 13 19:07:45.178#Z#DEBUG#be2d3d37-376b-11f1-938a-eeee0a8c9147.BTP_CI_CD_Deployment_CAPM-postgres-deployer#flowable-async-job-executor-thread-20403#
[PollExecuteTaskStatusExecution] c49c6f4e-6a21-4cf0-9f92-c125a8dc9d83 [2026-04-13T19:07:24.790685] acquireTimeoutMillis: 1000, (STDOUT, APP/TASK/deploy-to-postgresql)#
#2026 04 13 19:07:45.178#Z#DEBUG#be2d3d37-376b-11f1-938a-eeee0a8c9147.BTP_CI_CD_Deployment_CAPM-postgres-deployer#flowable-async-job-executor-thread-20403#
[PollExecuteTaskStatusExecution] c49c6f4e-6a21-4cf0-9f92-c125a8dc9d83 [2026-04-13T19:07:24.790691] destroyTimeoutMillis: 1000 (STDOUT, APP/TASK/deploy-to-postgresql)#
#2026 04 13 19:07:45.178#Z#DEBUG#be2d3d37-376b-11f1-938a-eeee0a8c9147.BTP_CI_CD_Deployment_CAPM-postgres-deployer#flowable-async-job-executor-thread-20403#
[PollExecuteTaskStatusExecution] c49c6f4e-6a21-4cf0-9f92-c125a8dc9d83 [2026-04-13T19:07:24.790693] }, (STDOUT, APP/TASK/deploy-to-postgresql)#
#2026 04 13 19:07:45.178#Z#DEBUG#be2d3d37-376b-11f1-938a-eeee0a8c9147.BTP_CI_CD_Deployment_CAPM-postgres-deployer#flowable-async-job-executor-thread-20403#
[PollExecuteTaskStatusExecution] c49c6f4e-6a21-4cf0-9f92-c125a8dc9d83 [2026-04-13T19:07:24.790695] schema_evolution: 'auto', (STDOUT, APP/TASK/deploy-to-postgresql)#
#2026 04 13 19:07:45.178#Z#DEBUG#be2d3d37-376b-11f1-938a-eeee0a8c9147.BTP_CI_CD_Deployment_CAPM-postgres-deployer#flowable-async-job-executor-thread-20403#
[PollExecuteTaskStatusExecution] c49c6f4e-6a21-4cf0-9f92-c125a8dc9d83 [2026-04-13T19:07:24.790697] credentials: { (STDOUT, APP/TASK/deploy-to-postgresql)#
#2026 04 13 19:07:45.178#Z#DEBUG#be2d3d37-376b-11f1-938a-eeee0a8c9147.BTP_CI_CD_Deployment_CAPM-postgres-deployer#flowable-async-job-executor-thread-20403#
[PollExecuteTaskStatusExecution] c49c6f4e-6a21-4cf0-9f92-c125a8dc9d83 [2026-04-13T19:07:24.790703] username: '36c89beec156', (STDOUT, APP/TASK/deploy-to-postgresql)#
#2026 04 13 19:07:45.178#Z#DEBUG#be2d3d37-376b-11f1-938a-eeee0a8c9147.BTP_CI_CD_Deployment_CAPM-postgres-deployer#flowable-async-job-executor-thread-20403#
[PollExecuteTaskStatusExecution] c49c6f4e-6a21-4cf0-9f92-c125a8dc9d83 [2026-04-13T19:07:24.790705] password: '55e6938c7d414f3fb516545d23ad3', (STDOUT, APP/TASK/deploy-to-postgresql)#
#2026 04 13 19:07:45.178#Z#DEBUG#be2d3d37-376b-11f1-938a-eeee0a8c9147.BTP_CI_CD_Deployment_CAPM-postgres-deployer#flowable-async-job-executor-thread-20403#
[PollExecuteTaskStatusExecution] c49c6f4e-6a21-4cf0-9f92-c125a8dc9d83 [2026-04-13T19:07:24.790709] hostname: 'postgres-ba329acb-cb7e-475c-b74a-6a3daa78372b.cqryblsdrbcs.us-east-1.rds.amazonaws.com', (STDOUT, APP/TASK/deploy-to-postgresql)#
#2026 04 13 19:07:45.178#Z#DEBUG#be2d3d37-376b-11f1-938a-eeee0a8c9147.BTP_CI_CD_Deployment_CAPM-postgres-deployer#flowable-async-job-executor-thread-20403#
[PollExecuteTaskStatusExecution] c49c6f4e-6a21-4cf0-9f92-c125a8dc9d83 [2026-04-13T19:07:24.790711] dbname: 'BgEevKumUsMP', (STDOUT, APP/TASK/deploy-to-postgresql)#
#2026 04 13 19:07:45.178#Z#DEBUG#be2d3d37-376b-11f1-938a-eeee0a8c9147.BTP_CI_CD_Deployment_CAPM-postgres-deployer#flowable-async-job-executor-thread-20403#
[PollExecuteTaskStatusExecution] c49c6f4e-6a21-4cf0-9f92-c125a8dc9d83 [2026-04-13T19:07:24.790713] port: '6137', (STDOUT, APP/TASK/deploy-to-postgresql)#
#2026 04 13 19:07:45.178#Z#DEBUG#be2d3d37-376b-11f1-938a-eeee0a8c9147.BTP_CI_CD_Deployment_CAPM-postgres-deployer#flowable-async-job-executor-thread-20403#
[PollExecuteTaskStatusExecution] c49c6f4e-6a21-4cf0-9f92-c125a8dc9d83 [2026-04-13T19:07:24.790716] uri: 'postgres://36c89beec156:55e6938c7d414f3fb516545d23ad3@postgres-ba329acb-cb7e-475c-b74a-6a3daa78372b.cqryblsdrbcs.us-east-1.rds.amazonaws.com:6137/BgEevKumUsMP', (STDOUT, APP/TASK/deploy-to-postgresql)#
#2026 04 13 19:07:45.178#Z#DEBUG#be2d3d37-376b-11f1-938a-eeee0a8c9147.BTP_CI_CD_Deployment_CAPM-postgres-deployer#flowable-async-job-executor-thread-20403#
[PollExecuteTaskStatusExecution] c49c6f4e-6a21-4cf0-9f92-c125a8dc9d83 [2026-04-13T19:07:24.790718] urls: { (STDOUT, APP/TASK/deploy-to-postgresql)#
#2026 04 13 19:07:45.178#Z#DEBUG#be2d3d37-376b-11f1-938a-eeee0a8c9147.BTP_CI_CD_Deployment_CAPM-postgres-deployer#flowable-async-job-executor-thread-20403#
[PollExecuteTaskStatusExecution] c49c6f4e-6a21-4cf0-9f92-c125a8dc9d83 [2026-04-13T19:07:24.790723] api_server: 'https://api-backing-services.us10-001.data.services.cloud.sap' (STDOUT, APP/TASK/deploy-to-postgresql)#
#2026 04 13 19:07:45.178#Z#DEBUG#be2d3d37-376b-11f1-938a-eeee0a8c9147.BTP_CI_CD_Deployment_CAPM-postgres-deployer#flowable-async-job-executor-thread-20403#
[PollExecuteTaskStatusExecution] c49c6f4e-6a21-4cf0-9f92-c125a8dc9d83 [2026-04-13T19:07:24.790725] }, (STDOUT, APP/TASK/deploy-to-postgresql)#
#2026 04 13 19:07:45.178#Z#DEBUG#be2d3d37-376b-11f1-938a-eeee0a8c9147.BTP_CI_CD_Deployment_CAPM-postgres-deployer#flowable-async-job-executor-thread-20403#
[PollExecuteTaskStatusExecution] c49c6f4e-6a21-4cf0-9f92-c125a8dc9d83 [2026-04-13T19:07:24.790731] sslcert: '-----BEGIN CERTIFICATE-----\n' + (STDOUT, APP/TASK/deploy-to-postgresql)#
#2026 04 13 19:07:45.178#Z#DEBUG#be2d3d37-376b-11f1-938a-eeee0a8c9147.BTP_CI_CD_Deployment_CAPM-postgres-deployer#flowable-async-job-executor-thread-20403#
[PollExecuteTaskStatusExecution] c49c6f4e-6a21-4cf0-9f92-c125a8dc9d83 [2026-04-13T19:07:24.790734] 'MIID/zCCAuegAwIBAgIRAPVSMfFitmM5PhmbaOFoGfUwDQYJKoZIhvcNAQELBQAw\n' + (STDOUT, APP/TASK/deploy-to-postgresql)#
#2026 04 13 19:07:45.178#Z#DEBUG#be2d3d37-376b-11f1-938a-eeee0a8c9147.BTP_CI_CD_Deployment_CAPM-postgres-deployer#flowable-async-job-executor-thread-20403#
[PollExecuteTaskStatusExecution] c49c6f4e-6a21-4cf0-9f92-c125a8dc9d83 [2026-04-13T19:07:24.790737] 'gZcxCzAJBgNVBAYTAlVTMSIwIAYDVQQKDBlBbWF6b24gV2ViIFNlcnZpY2VzLCBJ\n' + (STDOUT, APP/TASK/deploy-to-postgresql)#
#2026 04 13 19:07:45.178#Z#DEBUG#be2d3d37-376b-11f1-938a-eeee0a8c9147.BTP_CI_CD_Deployment_CAPM-postgres-deployer#flowable-async-job-executor-thread-20403#
[PollExecuteTaskStatusExecution] c49c6f4e-6a21-4cf0-9f92-c125a8dc9d83 [2026-04-13T19:07:24.790739] 'bmMuMRMwEQYDVQQLDApBbWF6b24gUkRTMQswCQYDVQQIDAJXQTEwMC4GA1UEAwwn\n' + (STDOUT, APP/TASK/deploy-to-postgresql)#
#2026 04 13 19:07:45.178#Z#DEBUG#be2d3d37-376b-11f1-938a-eeee0a8c9147.BTP_CI_CD_Deployment_CAPM-postgres-deployer#flowable-async-job-executor-thread-20403#
[PollExecuteTaskStatusExecution] c49c6f4e-6a21-4cf0-9f92-c125a8dc9d83 [2026-04-13T19:07:24.790742] 'QW1hem9uIFJEUyB1cy1lYXN0LTEgUm9vdCBDQSBSU0EyMDQ4IEcxMRAwDgYDVQQH\n' + (STDOUT, APP/TASK/deploy-to-postgresql)#
#2026 04 13 19:07:45.178#Z#DEBUG#be2d3d37-376b-11f1-938a-eeee0a8c9147.BTP_CI_CD_Deployment_CAPM-postgres-deployer#flowable-async-job-executor-thread-20403#
[PollExecuteTaskStatusExecution] c49c6f4e-6a21-4cf0-9f92-c125a8dc9d83 [2026-04-13T19:07:24.790744] 'DAdTZWF0dGxlMCAXDTIxMDUyNTIyMzQ1N1oYDzIwNjEwNTI1MjMzNDU3WjCBlzEL\n' + (STDOUT, APP/TASK/deploy-to-postgresql)#
#2026 04 13 19:07:45.178#Z#DEBUG#be2d3d37-376b-11f1-938a-eeee0a8c9147.BTP_CI_CD_Deployment_CAPM-postgres-deployer#flowable-async-job-executor-thread-20403#
[PollExecuteTaskStatusExecution] c49c6f4e-6a21-4cf0-9f92-c125a8dc9d83 [2026-04-13T19:07:24.790746] 'MAkGA1UEBhMCVVMxIjAgBgNVBAoMGUFtYXpvbiBXZWIgU2VydmljZXMsIEluYy4x\n' + (STDOUT, APP/TASK/deploy-to-postgresql)#
#2026 04 13 19:07:45.178#Z#DEBUG#be2d3d37-376b-11f1-938a-eeee0a8c9147.BTP_CI_CD_Deployment_CAPM-postgres-deployer#flowable-async-job-executor-thread-20403#
[PollExecuteTaskStatusExecution] c49c6f4e-6a21-4cf0-9f92-c125a8dc9d83 [2026-04-13T19:07:24.790749] 'EzARBgNVBAsMCkFtYXpvbiBSRFMxCzAJBgNVBAgMAldBMTAwLgYDVQQDDCdBbWF6\n' + (STDOUT, APP/TASK/deploy-to-postgresql)#
#2026 04 13 19:07:45.178#Z#DEBUG#be2d3d37-376b-11f1-938a-eeee0a8c9147.BTP_CI_CD_Deployment_CAPM-postgres-deployer#flowable-async-job-executor-thread-20403#
[PollExecuteTaskStatusExecution] c49c6f4e-6a21-4cf0-9f92-c125a8dc9d83 [2026-04-13T19:07:24.790751] 'b24gUkRTIHVzLWVhc3QtMSBSb290IENBIFJTQTIwNDggRzExEDAOBgNVBAcMB1Nl\n' + (STDOUT, APP/TASK/deploy-to-postgresql)#
#2026 04 13 19:07:45.178#Z#DEBUG#be2d3d37-376b-11f1-938a-eeee0a8c9147.BTP_CI_CD_Deployment_CAPM-postgres-deployer#flowable-async-job-executor-thread-20403#
[PollExecuteTaskStatusExecution] c49c6f4e-6a21-4cf0-9f92-c125a8dc9d83 [2026-04-13T19:07:24.790753] 'YXR0bGUwggEiMA0GCSqGSIb3DQEBAQUAA4IBDwAwggEKAoIBAQDu9H7TBeGoDzMr\n' + (STDOUT, APP/TASK/deploy-to-postgresql)#
#2026 04 13 19:07:45.178#Z#DEBUG#be2d3d37-376b-11f1-938a-eeee0a8c9147.BTP_CI_CD_Deployment_CAPM-postgres-deployer#flowable-async-job-executor-thread-20403#
[PollExecuteTaskStatusExecution] c49c6f4e-6a21-4cf0-9f92-c125a8dc9d83 [2026-04-13T19:07:24.790755] 'dxN6H8COntJX4IR6dbyhnj5qMD4xl/IWvp50lt0VpmMd+z2PNZzx8RazeGC5IniV\n' + (STDOUT, APP/TASK/deploy-to-postgresql)#
#2026 04 13 19:07:45.178#Z#DEBUG#be2d3d37-376b-11f1-938a-eeee0a8c9147.BTP_CI_CD_Deployment_CAPM-postgres-deployer#flowable-async-job-executor-thread-20403#
[PollExecuteTaskStatusExecution] c49c6f4e-6a21-4cf0-9f92-c125a8dc9d83 [2026-04-13T19:07:24.790757] '5nrLg0AKWRQ2A/lGGXbUrGXCSe09brMQCxWBSIYe1WZZ1iU1IJ/6Bp4D2YEHpXrW\n' + (STDOUT, APP/TASK/deploy-to-postgresql)#
#2026 04 13 19:07:45.178#Z#DEBUG#be2d3d37-376b-11f1-938a-eeee0a8c9147.BTP_CI_CD_Deployment_CAPM-postgres-deployer#flowable-async-job-executor-thread-20403#
[PollExecuteTaskStatusExecution] c49c6f4e-6a21-4cf0-9f92-c125a8dc9d83 [2026-04-13T19:07:24.790763] 'bPkOq5x3YPcsoitgm1Xh8ygz6vb7PsvJvPbvRMnkDg5IqEThapPjmKb8ZJWyEFEE\n' + (STDOUT, APP/TASK/deploy-to-postgresql)#
#2026 04 13 19:07:45.178#Z#DEBUG#be2d3d37-376b-11f1-938a-eeee0a8c9147.BTP_CI_CD_Deployment_CAPM-postgres-deployer#flowable-async-job-executor-thread-20403#
[PollExecuteTaskStatusExecution] c49c6f4e-6a21-4cf0-9f92-c125a8dc9d83 [2026-04-13T19:07:24.790766] 'QRrkCIRueB1EqQtJw0fvP4PKDlCJAKBEs/y049FoOqYpT3pRy0WKqPhWve+hScMd\n' + (STDOUT, APP/TASK/deploy-to-postgresql)#
#2026 04 13 19:07:45.178#Z#DEBUG#be2d3d37-376b-11f1-938a-eeee0a8c9147.BTP_CI_CD_Deployment_CAPM-postgres-deployer#flowable-async-job-executor-thread-20403#
[PollExecuteTaskStatusExecution] c49c6f4e-6a21-4cf0-9f92-c125a8dc9d83 [2026-04-13T19:07:24.790769] '6obq8kxTFy1IHACjHc51nrGII5Bt76/MpTWhnJIJrCnq1/Uc3Qs8IVeb+sLaFC8K\n' + (STDOUT, APP/TASK/deploy-to-postgresql)#
#2026 04 13 19:07:45.178#Z#DEBUG#be2d3d37-376b-11f1-938a-eeee0a8c9147.BTP_CI_CD_Deployment_CAPM-postgres-deployer#flowable-async-job-executor-thread-20403#
[PollExecuteTaskStatusExecution] c49c6f4e-6a21-4cf0-9f92-c125a8dc9d83 [2026-04-13T19:07:24.790771] 'DI69Sw6bAgMBAAGjQjBAMA8GA1UdEwEB/wQFMAMBAf8wHQYDVR0OBBYEFE7PCopt\n' + (STDOUT, APP/TASK/deploy-to-postgresql)#
#2026 04 13 19:07:45.178#Z#DEBUG#be2d3d37-376b-11f1-938a-eeee0a8c9147.BTP_CI_CD_Deployment_CAPM-postgres-deployer#flowable-async-job-executor-thread-20403#
[PollExecuteTaskStatusExecution] c49c6f4e-6a21-4cf0-9f92-c125a8dc9d83 [2026-04-13T19:07:24.790776] 'lyOgtXX0Y1lObBUxuKaCMA4GA1UdDwEB/wQEAwIBhjANBgkqhkiG9w0BAQsFAAOC\n' + (STDOUT, APP/TASK/deploy-to-postgresql)#
#2026 04 13 19:07:45.178#Z#DEBUG#be2d3d37-376b-11f1-938a-eeee0a8c9147.BTP_CI_CD_Deployment_CAPM-postgres-deployer#flowable-async-job-executor-thread-20403#
[PollExecuteTaskStatusExecution] c49c6f4e-6a21-4cf0-9f92-c125a8dc9d83 [2026-04-13T19:07:24.790778] 'AQEAFj+bX8gLmMNefr5jRJfHjrL3iuZCjf7YEZgn89pS4z8408mjj9z6Q5D1H7yS\n' + (STDOUT, APP/TASK/deploy-to-postgresql)#
#2026 04 13 19:07:45.178#Z#DEBUG#be2d3d37-376b-11f1-938a-eeee0a8c9147.BTP_CI_CD_Deployment_CAPM-postgres-deployer#flowable-async-job-executor-thread-20403#
[PollExecuteTaskStatusExecution] c49c6f4e-6a21-4cf0-9f92-c125a8dc9d83 [2026-04-13T19:07:24.790780] 'jNETVV8QaJip1qyhh5gRzRaArgGAYvi2/r0zPsy+Tgf7v1KGL5Lh8NT8iCEGGXwF\n' + (STDOUT, APP/TASK/deploy-to-postgresql)#
#2026 04 13 19:07:45.178#Z#DEBUG#be2d3d37-376b-11f1-938a-eeee0a8c9147.BTP_CI_CD_Deployment_CAPM-postgres-deployer#flowable-async-job-executor-thread-20403#
[PollExecuteTaskStatusExecution] c49c6f4e-6a21-4cf0-9f92-c125a8dc9d83 [2026-04-13T19:07:24.790782] 'g3Ir+Nl3e+9XUp0eyyzBIjHtjLBm6yy8rGk9p6OtFDQnKF5OxwbAgip42CD75r/q\n' + (STDOUT, APP/TASK/deploy-to-postgresql)#
#2026 04 13 19:07:45.178#Z#DEBUG#be2d3d37-376b-11f1-938a-eeee0a8c9147.BTP_CI_CD_Deployment_CAPM-postgres-deployer#flowable-async-job-executor-thread-20403#
[PollExecuteTaskStatusExecution] c49c6f4e-6a21-4cf0-9f92-c125a8dc9d83 [2026-04-13T19:07:24.790805] 'p421maEDDvvRFR4D+99JZxgAYDBGqRRceUoe16qDzbMvlz0A9paCZFclxeftAxv6\n' + (STDOUT, APP/TASK/deploy-to-postgresql)#
#2026 04 13 19:07:45.178#Z#DEBUG#be2d3d37-376b-11f1-938a-eeee0a8c9147.BTP_CI_CD_Deployment_CAPM-postgres-deployer#flowable-async-job-executor-thread-20403#
[PollExecuteTaskStatusExecution] c49c6f4e-6a21-4cf0-9f92-c125a8dc9d83 [2026-04-13T19:07:24.790808] 'QlR5rItMz/XdzpBJUpYhdzM0gCzAzdQuVO5tjJxmXhkSMcDP+8Q+Uv6FA9k2VpUV\n' + (STDOUT, APP/TASK/deploy-to-postgresql)#
#2026 04 13 19:07:45.178#Z#DEBUG#be2d3d37-376b-11f1-938a-eeee0a8c9147.BTP_CI_CD_Deployment_CAPM-postgres-deployer#flowable-async-job-executor-thread-20403#
[PollExecuteTaskStatusExecution] c49c6f4e-6a21-4cf0-9f92-c125a8dc9d83 [2026-04-13T19:07:24.790810] 'E/O5jgpqUJJ2Hc/5rs9VkAPXeA==\n' + (STDOUT, APP/TASK/deploy-to-postgresql)#
#2026 04 13 19:07:45.178#Z#DEBUG#be2d3d37-376b-11f1-938a-eeee0a8c9147.BTP_CI_CD_Deployment_CAPM-postgres-deployer#flowable-async-job-executor-thread-20403#
[PollExecuteTaskStatusExecution] c49c6f4e-6a21-4cf0-9f92-c125a8dc9d83 [2026-04-13T19:07:24.790813] '-----END CERTIFICATE-----\n' + (STDOUT, APP/TASK/deploy-to-postgresql)#
#2026 04 13 19:07:45.178#Z#DEBUG#be2d3d37-376b-11f1-938a-eeee0a8c9147.BTP_CI_CD_Deployment_CAPM-postgres-deployer#flowable-async-job-executor-thread-20403#
[PollExecuteTaskStatusExecution] c49c6f4e-6a21-4cf0-9f92-c125a8dc9d83 [2026-04-13T19:07:24.790816] '-----BEGIN CERTIFICATE-----\n' + (STDOUT, APP/TASK/deploy-to-postgresql)#
#2026 04 13 19:07:45.178#Z#DEBUG#be2d3d37-376b-11f1-938a-eeee0a8c9147.BTP_CI_CD_Deployment_CAPM-postgres-deployer#flowable-async-job-executor-thread-20403#
[PollExecuteTaskStatusExecution] c49c6f4e-6a21-4cf0-9f92-c125a8dc9d83 [2026-04-13T19:07:24.790820] 'MIIF/jCCA+agAwIBAgIQaRHaEqqacXN20e8zZJtmDDANBgkqhkiG9w0BAQwFADCB\n' + (STDOUT, APP/TASK/deploy-to-postgresql)#
#2026 04 13 19:07:45.178#Z#DEBUG#be2d3d37-376b-11f1-938a-eeee0a8c9147.BTP_CI_CD_Deployment_CAPM-postgres-deployer#flowable-async-job-executor-thread-20403#
[PollExecuteTaskStatusExecution] c49c6f4e-6a21-4cf0-9f92-c125a8dc9d83 [2026-04-13T19:07:24.790822] 'lzELMAkGA1UEBhMCVVMxIjAgBgNVBAoMGUFtYXpvbiBXZWIgU2VydmljZXMsIElu\n' + (STDOUT, APP/TASK/deploy-to-postgresql)#
#2026 04 13 19:07:45.178#Z#DEBUG#be2d3d37-376b-11f1-938a-eeee0a8c9147.BTP_CI_CD_Deployment_CAPM-postgres-deployer#flowable-async-job-executor-thread-20403#
[PollExecuteTaskStatusExecution] c49c6f4e-6a21-4cf0-9f92-c125a8dc9d83 [2026-04-13T19:07:24.790825] 'Yy4xEzARBgNVBAsMCkFtYXpvbiBSRFMxCzAJBgNVBAgMAldBMTAwLgYDVQQDDCdB\n' + (STDOUT, APP/TASK/deploy-to-postgresql)#
#2026 04 13 19:07:45.178#Z#DEBUG#be2d3d37-376b-11f1-938a-eeee0a8c9147.BTP_CI_CD_Deployment_CAPM-postgres-deployer#flowable-async-job-executor-thread-20403#
[PollExecuteTaskStatusExecution] c49c6f4e-6a21-4cf0-9f92-c125a8dc9d83 [2026-04-13T19:07:24.790829] 'bWF6b24gUkRTIHVzLWVhc3QtMSBSb290IENBIFJTQTQwOTYgRzExEDAOBgNVBAcM\n' + (STDOUT, APP/TASK/deploy-to-postgresql)#
#2026 04 13 19:07:45.178#Z#DEBUG#be2d3d37-376b-11f1-938a-eeee0a8c9147.BTP_CI_CD_Deployment_CAPM-postgres-deployer#flowable-async-job-executor-thread-20403#
[PollExecuteTaskStatusExecution] c49c6f4e-6a21-4cf0-9f92-c125a8dc9d83 [2026-04-13T19:07:24.790833] 'B1NlYXR0bGUwIBcNMjEwNTI1MjIzODM1WhgPMjEyMTA1MjUyMzM4MzVaMIGXMQsw\n' + (STDOUT, APP/TASK/deploy-to-postgresql)#
#2026 04 13 19:07:45.178#Z#DEBUG#be2d3d37-376b-11f1-938a-eeee0a8c9147.BTP_CI_CD_Deployment_CAPM-postgres-deployer#flowable-async-job-executor-thread-20403#
[PollExecuteTaskStatusExecution] c49c6f4e-6a21-4cf0-9f92-c125a8dc9d83 [2026-04-13T19:07:24.790835] 'CQYDVQQGEwJVUzEiMCAGA1UECgwZQW1hem9uIFdlYiBTZXJ2aWNlcywgSW5jLjET\n' + (STDOUT, APP/TASK/deploy-to-postgresql)#
#2026 04 13 19:07:45.178#Z#DEBUG#be2d3d37-376b-11f1-938a-eeee0a8c9147.BTP_CI_CD_Deployment_CAPM-postgres-deployer#flowable-async-job-executor-thread-20403#
[PollExecuteTaskStatusExecution] c49c6f4e-6a21-4cf0-9f92-c125a8dc9d83 [2026-04-13T19:07:24.790838] 'MBEGA1UECwwKQW1hem9uIFJEUzELMAkGA1UECAwCV0ExMDAuBgNVBAMMJ0FtYXpv\n' + (STDOUT, APP/TASK/deploy-to-postgresql)#
#2026 04 13 19:07:45.178#Z#DEBUG#be2d3d37-376b-11f1-938a-eeee0a8c9147.BTP_CI_CD_Deployment_CAPM-postgres-deployer#flowable-async-job-executor-thread-20403#
[PollExecuteTaskStatusExecution] c49c6f4e-6a21-4cf0-9f92-c125a8dc9d83 [2026-04-13T19:07:24.790840] 'biBSRFMgdXMtZWFzdC0xIFJvb3QgQ0EgUlNBNDA5NiBHMTEQMA4GA1UEBwwHU2Vh\n' + (STDOUT, APP/TASK/deploy-to-postgresql)#
#2026 04 13 19:07:45.178#Z#DEBUG#be2d3d37-376b-11f1-938a-eeee0a8c9147.BTP_CI_CD_Deployment_CAPM-postgres-deployer#flowable-async-job-executor-thread-20403#
[PollExecuteTaskStatusExecution] c49c6f4e-6a21-4cf0-9f92-c125a8dc9d83 [2026-04-13T19:07:24.790842] 'dHRsZTCCAiIwDQYJKoZIhvcNAQEBBQADggIPADCCAgoCggIBAInfBCaHuvj6Rb5c\n' + (STDOUT, APP/TASK/deploy-to-postgresql)#
#2026 04 13 19:07:45.178#Z#DEBUG#be2d3d37-376b-11f1-938a-eeee0a8c9147.BTP_CI_CD_Deployment_CAPM-postgres-deployer#flowable-async-job-executor-thread-20403#
[PollExecuteTaskStatusExecution] c49c6f4e-6a21-4cf0-9f92-c125a8dc9d83 [2026-04-13T19:07:24.790846] 'L5Wmn1jv2PHtEGMHm+7Z8dYosdwouG8VG2A+BCYCZfij9lIGszrTXkY4O7vnXgru\n' + (STDOUT, APP/TASK/deploy-to-postgresql)#
#2026 04 13 19:07:45.178#Z#DEBUG#be2d3d37-376b-11f1-938a-eeee0a8c9147.BTP_CI_CD_Deployment_CAPM-postgres-deployer#flowable-async-job-executor-thread-20403#
[PollExecuteTaskStatusExecution] c49c6f4e-6a21-4cf0-9f92-c125a8dc9d83 [2026-04-13T19:07:24.790848] 'JUNdxh0Q3M83p4X+bg+gODUs3jf+Z3Oeq7nTOk/2UYvQLcxP4FEXILxDInbQFcIx\n' + (STDOUT, APP/TASK/deploy-to-postgresql)#
#2026 04 13 19:07:45.178#Z#DEBUG#be2d3d37-376b-11f1-938a-eeee0a8c9147.BTP_CI_CD_Deployment_CAPM-postgres-deployer#flowable-async-job-executor-thread-20403#
[PollExecuteTaskStatusExecution] c49c6f4e-6a21-4cf0-9f92-c125a8dc9d83 [2026-04-13T19:07:24.790850] 'yen1ESHggGrjEodgn6nbKQNRfIhjhW+TKYaewfsVWH7EF2pfj+cjbJ6njjgZ0/M9\n' + (STDOUT, APP/TASK/deploy-to-postgresql)#
#2026 04 13 19:07:45.178#Z#DEBUG#be2d3d37-376b-11f1-938a-eeee0a8c9147.BTP_CI_CD_Deployment_CAPM-postgres-deployer#flowable-async-job-executor-thread-20403#
[PollExecuteTaskStatusExecution] c49c6f4e-6a21-4cf0-9f92-c125a8dc9d83 [2026-04-13T19:07:24.790852] 'VZifJFBgat6XUTOf3jwHwkCBh7T6rDpgy19A61laImJCQhdTnHKvzTpxcxiLRh69\n' + (STDOUT, APP/TASK/deploy-to-postgresql)#
#2026 04 13 19:07:45.178#Z#DEBUG#be2d3d37-376b-11f1-938a-eeee0a8c9147.BTP_CI_CD_Deployment_CAPM-postgres-deployer#flowable-async-job-executor-thread-20403#
[PollExecuteTaskStatusExecution] c49c6f4e-6a21-4cf0-9f92-c125a8dc9d83 [2026-04-13T19:07:24.790854] 'ZObypR7W04OAUmFS88V7IotlPmCL8xf7kwxG+gQfvx31+A9IDMsiTqJ1Cc4fYEKg\n' + (STDOUT, APP/TASK/deploy-to-postgresql)#
#2026 04 13 19:07:45.178#Z#DEBUG#be2d3d37-376b-11f1-938a-eeee0a8c9147.BTP_CI_CD_Deployment_CAPM-postgres-deployer#flowable-async-job-executor-thread-20403#
[PollExecuteTaskStatusExecution] c49c6f4e-6a21-4cf0-9f92-c125a8dc9d83 [2026-04-13T19:07:24.790856] 'bL+Vo+2Ii4W2esCTGVYmHm73drznfeKwL+kmIC/Bq+DrZ+veTqKFYwSkpHRyJCEe\n' + (STDOUT, APP/TASK/deploy-to-postgresql)#
#2026 04 13 19:07:45.178#Z#DEBUG#be2d3d37-376b-11f1-938a-eeee0a8c9147.BTP_CI_CD_Deployment_CAPM-postgres-deployer#flowable-async-job-executor-thread-20403#
[PollExecuteTaskStatusExecution] c49c6f4e-6a21-4cf0-9f92-c125a8dc9d83 [2026-04-13T19:07:24.790858] 'U4Zym6POqQ/4LBSKwDUhWLJIlq99bjKX+hNTJykB+Lbcx0ScOP4IAZQoxmDxGWxN\n' + (STDOUT, APP/TASK/deploy-to-postgresql)#
#2026 04 13 19:07:45.178#Z#DEBUG#be2d3d37-376b-11f1-938a-eeee0a8c9147.BTP_CI_CD_Deployment_CAPM-postgres-deployer#flowable-async-job-executor-thread-20403#
[PollExecuteTaskStatusExecution] c49c6f4e-6a21-4cf0-9f92-c125a8dc9d83 [2026-04-13T19:07:24.790860] 'S+lQj+Cx2pwU3S/7+OxlRndZAX/FKgk7xSMkg88HykUZaZ/ozIiqJqSnGpgXCtED\n' + (STDOUT, APP/TASK/deploy-to-postgresql)#
#2026 04 13 19:07:45.178#Z#DEBUG#be2d3d37-376b-11f1-938a-eeee0a8c9147.BTP_CI_CD_Deployment_CAPM-postgres-deployer#flowable-async-job-executor-thread-20403#
[PollExecuteTaskStatusExecution] c49c6f4e-6a21-4cf0-9f92-c125a8dc9d83 [2026-04-13T19:07:24.790862] 'oQ4OJw5ozAr+/wudOawaMwUWQl5asD8fuy/hl5S1nv9XxIc842QJOtJFxhyeMIXt\n' + (STDOUT, APP/TASK/deploy-to-postgresql)#
#2026 04 13 19:07:45.178#Z#DEBUG#be2d3d37-376b-11f1-938a-eeee0a8c9147.BTP_CI_CD_Deployment_CAPM-postgres-deployer#flowable-async-job-executor-thread-20403#
[PollExecuteTaskStatusExecution] c49c6f4e-6a21-4cf0-9f92-c125a8dc9d83 [2026-04-13T19:07:24.790865] 'LVECVw/dPekhMjS3Zo3wwRgYbnKG7YXXT5WMxJEnHu8+cYpMiRClzq2BEP6/MtI2\n' + (STDOUT, APP/TASK/deploy-to-postgresql)#
#2026 04 13 19:07:45.178#Z#DEBUG#be2d3d37-376b-11f1-938a-eeee0a8c9147.BTP_CI_CD_Deployment_CAPM-postgres-deployer#flowable-async-job-executor-thread-20403#
[PollExecuteTaskStatusExecution] c49c6f4e-6a21-4cf0-9f92-c125a8dc9d83 [2026-04-13T19:07:24.790872] 'AZQQUFu2yFjRGL2OZA6IYjxnXYiRAgMBAAGjQjBAMA8GA1UdEwEB/wQFMAMBAf8w\n' + (STDOUT, APP/TASK/deploy-to-postgresql)#
#2026 04 13 19:07:45.178#Z#DEBUG#be2d3d37-376b-11f1-938a-eeee0a8c9147.BTP_CI_CD_Deployment_CAPM-postgres-deployer#flowable-async-job-executor-thread-20403#
[PollExecuteTaskStatusExecution] c49c6f4e-6a21-4cf0-9f92-c125a8dc9d83 [2026-04-13T19:07:24.790893] 'HQYDVR0OBBYEFADCcQCPX2HmkqQcmuHfiQ2jjqnrMA4GA1UdDwEB/wQEAwIBhjAN\n' + (STDOUT, APP/TASK/deploy-to-postgresql)#
#2026 04 13 19:07:45.178#Z#DEBUG#be2d3d37-376b-11f1-938a-eeee0a8c9147.BTP_CI_CD_Deployment_CAPM-postgres-deployer#flowable-async-job-executor-thread-20403#
[PollExecuteTaskStatusExecution] c49c6f4e-6a21-4cf0-9f92-c125a8dc9d83 [2026-04-13T19:07:24.790895] 'BgkqhkiG9w0BAQwFAAOCAgEASXkGQ2eUmudIKPeOIF7RBryCoPmMOsqP0+1qxF8l\n' + (STDOUT, APP/TASK/deploy-to-postgresql)#
#2026 04 13 19:07:45.178#Z#DEBUG#be2d3d37-376b-11f1-938a-eeee0a8c9147.BTP_CI_CD_Deployment_CAPM-postgres-deployer#flowable-async-job-executor-thread-20403#
[PollExecuteTaskStatusExecution] c49c6f4e-6a21-4cf0-9f92-c125a8dc9d83 [2026-04-13T19:07:24.790898] 'pGkwmrgNDGpmd9s0ArfIVBTc1jmpgB3oiRW9c6n2OmwBKL4UPuQ8O3KwSP0iD2sZ\n' + (STDOUT, APP/TASK/deploy-to-postgresql)#
#2026 04 13 19:07:45.178#Z#DEBUG#be2d3d37-376b-11f1-938a-eeee0a8c9147.BTP_CI_CD_Deployment_CAPM-postgres-deployer#flowable-async-job-executor-thread-20403#
[PollExecuteTaskStatusExecution] c49c6f4e-6a21-4cf0-9f92-c125a8dc9d83 [2026-04-13T19:07:24.790900] 'KMXoMEyphCEzW1I2GRvYDugL3Z9MWrnHkoaoH2l8YyTYvszTvdgxBPpM2x4pSkp+\n' + (STDOUT, APP/TASK/deploy-to-postgresql)#
#2026 04 13 19:07:45.178#Z#DEBUG#be2d3d37-376b-11f1-938a-eeee0a8c9147.BTP_CI_CD_Deployment_CAPM-postgres-deployer#flowable-async-job-executor-thread-20403#
[PollExecuteTaskStatusExecution] c49c6f4e-6a21-4cf0-9f92-c125a8dc9d83 [2026-04-13T19:07:24.790902] '76d4/eRpJ5mVuQ93nC+YG0wXCxSq63hX4kyZgPxgCdAA+qgFfKIGyNqUIqWgeyTP\n' + (STDOUT, APP/TASK/deploy-to-postgresql)#
#2026 04 13 19:07:45.178#Z#DEBUG#be2d3d37-376b-11f1-938a-eeee0a8c9147.BTP_CI_CD_Deployment_CAPM-postgres-deployer#flowable-async-job-executor-thread-20403#
[PollExecuteTaskStatusExecution] c49c6f4e-6a21-4cf0-9f92-c125a8dc9d83 [2026-04-13T19:07:24.790905] 'n5OgKaboYk2141Rf2hGMD3/hsGm0rrJh7g3C0ZirPws3eeJfulvAOIy2IZzqHUSY\n' + (STDOUT, APP/TASK/deploy-to-postgresql)#
#2026 04 13 19:07:45.178#Z#DEBUG#be2d3d37-376b-11f1-938a-eeee0a8c9147.BTP_CI_CD_Deployment_CAPM-postgres-deployer#flowable-async-job-executor-thread-20403#
[PollExecuteTaskStatusExecution] c49c6f4e-6a21-4cf0-9f92-c125a8dc9d83 [2026-04-13T19:07:24.790907] 'jkFzraz6LEH3IlArT3jUPvWKqvh2lJWnnp56aqxBR7qHH5voD49UpJWY1K0BjGnS\n' + (STDOUT, APP/TASK/deploy-to-postgresql)#
#2026 04 13 19:07:45.178#Z#DEBUG#be2d3d37-376b-11f1-938a-eeee0a8c9147.BTP_CI_CD_Deployment_CAPM-postgres-deployer#flowable-async-job-executor-thread-20403#
[PollExecuteTaskStatusExecution] c49c6f4e-6a21-4cf0-9f92-c125a8dc9d83 [2026-04-13T19:07:24.790910] 'OHcurpp0Yt/BIs4VZeWdCZwI7JaSeDcPMaMDBvND3Ia5Fga0thgYQTG6dE+N5fgF\n' + (STDOUT, APP/TASK/deploy-to-postgresql)#
#2026 04 13 19:07:45.178#Z#DEBUG#be2d3d37-376b-11f1-938a-eeee0a8c9147.BTP_CI_CD_Deployment_CAPM-postgres-deployer#flowable-async-job-executor-thread-20403#
[PollExecuteTaskStatusExecution] c49c6f4e-6a21-4cf0-9f92-c125a8dc9d83 [2026-04-13T19:07:24.790912] 'z+hRaujXO2nb0LmddVyvE8prYlWRMuYFv+Co8hcMdJ0lEZlfVNu0jbm9/GmwAZ+l\n' + (STDOUT, APP/TASK/deploy-to-postgresql)#
#2026 04 13 19:07:45.178#Z#DEBUG#be2d3d37-376b-11f1-938a-eeee0a8c9147.BTP_CI_CD_Deployment_CAPM-postgres-deployer#flowable-async-job-executor-thread-20403#
[PollExecuteTaskStatusExecution] c49c6f4e-6a21-4cf0-9f92-c125a8dc9d83 [2026-04-13T19:07:24.790914] '9umeYO9yz/uC7edC8XJBglMAKUmVK9wNtOckUWAcCfnPWYLbYa/PqtXBYcxrso5j\n' + (STDOUT, APP/TASK/deploy-to-postgresql)#
#2026 04 13 19:07:45.178#Z#DEBUG#be2d3d37-376b-11f1-938a-eeee0a8c9147.BTP_CI_CD_Deployment_CAPM-postgres-deployer#flowable-async-job-executor-thread-20403#
[PollExecuteTaskStatusExecution] c49c6f4e-6a21-4cf0-9f92-c125a8dc9d83 [2026-04-13T19:07:24.790916] 'iaS/A7iEW51uteHBGrViCy1afGG+hiUWwFlesli+Rq4dNstX3h6h2baWABaAxEVJ\n' + (STDOUT, APP/TASK/deploy-to-postgresql)#
#2026 04 13 19:07:45.178#Z#DEBUG#be2d3d37-376b-11f1-938a-eeee0a8c9147.BTP_CI_CD_Deployment_CAPM-postgres-deployer#flowable-async-job-executor-thread-20403#
[PollExecuteTaskStatusExecution] c49c6f4e-6a21-4cf0-9f92-c125a8dc9d83 [2026-04-13T19:07:24.790919] 'y1RnTQSz6mROT1VmZSgSVO37rgIyY0Hf0872ogcTS+FfvXgBxCxsNWEbiQ/XXva4\n' + (STDOUT, APP/TASK/deploy-to-postgresql)#
#2026 04 13 19:07:45.178#Z#DEBUG#be2d3d37-376b-11f1-938a-eeee0a8c9147.BTP_CI_CD_Deployment_CAPM-postgres-deployer#flowable-async-job-executor-thread-20403#
[PollExecuteTaskStatusExecution] c49c6f4e-6a21-4cf0-9f92-c125a8dc9d83 [2026-04-13T19:07:24.790922] '0Ws=\n' + (STDOUT, APP/TASK/deploy-to-postgresql)#
#2026 04 13 19:07:45.178#Z#DEBUG#be2d3d37-376b-11f1-938a-eeee0a8c9147.BTP_CI_CD_Deployment_CAPM-postgres-deployer#flowable-async-job-executor-thread-20403#
[PollExecuteTaskStatusExecution] c49c6f4e-6a21-4cf0-9f92-c125a8dc9d83 [2026-04-13T19:07:24.790924] '-----END CERTIFICATE-----\n' + (STDOUT, APP/TASK/deploy-to-postgresql)#
#2026 04 13 19:07:45.178#Z#DEBUG#be2d3d37-376b-11f1-938a-eeee0a8c9147.BTP_CI_CD_Deployment_CAPM-postgres-deployer#flowable-async-job-executor-thread-20403#
[PollExecuteTaskStatusExecution] c49c6f4e-6a21-4cf0-9f92-c125a8dc9d83 [2026-04-13T19:07:24.790927] '-----BEGIN CERTIFICATE-----\n' + (STDOUT, APP/TASK/deploy-to-postgresql)#
#2026 04 13 19:07:45.178#Z#DEBUG#be2d3d37-376b-11f1-938a-eeee0a8c9147.BTP_CI_CD_Deployment_CAPM-postgres-deployer#flowable-async-job-executor-thread-20403#
[PollExecuteTaskStatusExecution] c49c6f4e-6a21-4cf0-9f92-c125a8dc9d83 [2026-04-13T19:07:24.790932] 'MIICrjCCAjSgAwIBAgIRAPAlEk8VJPmEzVRRaWvTh2AwCgYIKoZIzj0EAwMwgZYx\n' + (STDOUT, APP/TASK/deploy-to-postgresql)#
#2026 04 13 19:07:45.178#Z#DEBUG#be2d3d37-376b-11f1-938a-eeee0a8c9147.BTP_CI_CD_Deployment_CAPM-postgres-deployer#flowable-async-job-executor-thread-20403#
[PollExecuteTaskStatusExecution] c49c6f4e-6a21-4cf0-9f92-c125a8dc9d83 [2026-04-13T19:07:24.790934] 'CzAJBgNVBAYTAlVTMSIwIAYDVQQKDBlBbWF6b24gV2ViIFNlcnZpY2VzLCBJbmMu\n' + (STDOUT, APP/TASK/deploy-to-postgresql)#
#2026 04 13 19:07:45.178#Z#DEBUG#be2d3d37-376b-11f1-938a-eeee0a8c9147.BTP_CI_CD_Deployment_CAPM-postgres-deployer#flowable-async-job-executor-thread-20403#
[PollExecuteTaskStatusExecution] c49c6f4e-6a21-4cf0-9f92-c125a8dc9d83 [2026-04-13T19:07:24.790936] 'MRMwEQYDVQQLDApBbWF6b24gUkRTMQswCQYDVQQIDAJXQTEvMC0GA1UEAwwmQW1h\n' + (STDOUT, APP/TASK/deploy-to-postgresql)#
#2026 04 13 19:07:45.178#Z#DEBUG#be2d3d37-376b-11f1-938a-eeee0a8c9147.BTP_CI_CD_Deployment_CAPM-postgres-deployer#flowable-async-job-executor-thread-20403#
[PollExecuteTaskStatusExecution] c49c6f4e-6a21-4cf0-9f92-c125a8dc9d83 [2026-04-13T19:07:24.790939] 'em9uIFJEUyB1cy1lYXN0LTEgUm9vdCBDQSBFQ0MzODQgRzExEDAOBgNVBAcMB1Nl\n' + (STDOUT, APP/TASK/deploy-to-postgresql)#
#2026 04 13 19:07:45.178#Z#DEBUG#be2d3d37-376b-11f1-938a-eeee0a8c9147.BTP_CI_CD_Deployment_CAPM-postgres-deployer#flowable-async-job-executor-thread-20403#
[PollExecuteTaskStatusExecution] c49c6f4e-6a21-4cf0-9f92-c125a8dc9d83 [2026-04-13T19:07:24.790942] 'YXR0bGUwIBcNMjEwNTI1MjI0MTU1WhgPMjEyMTA1MjUyMzQxNTVaMIGWMQswCQYD\n' + (STDOUT, APP/TASK/deploy-to-postgresql)#
#2026 04 13 19:07:45.178#Z#DEBUG#be2d3d37-376b-11f1-938a-eeee0a8c9147.BTP_CI_CD_Deployment_CAPM-postgres-deployer#flowable-async-job-executor-thread-20403#
[PollExecuteTaskStatusExecution] c49c6f4e-6a21-4cf0-9f92-c125a8dc9d83 [2026-04-13T19:07:24.790944] 'VQQGEwJVUzEiMCAGA1UECgwZQW1hem9uIFdlYiBTZXJ2aWNlcywgSW5jLjETMBEG\n' + (STDOUT, APP/TASK/deploy-to-postgresql)#
#2026 04 13 19:07:45.178#Z#DEBUG#be2d3d37-376b-11f1-938a-eeee0a8c9147.BTP_CI_CD_Deployment_CAPM-postgres-deployer#flowable-async-job-executor-thread-20403#
[PollExecuteTaskStatusExecution] c49c6f4e-6a21-4cf0-9f92-c125a8dc9d83 [2026-04-13T19:07:24.790947] 'A1UECwwKQW1hem9uIFJEUzELMAkGA1UECAwCV0ExLzAtBgNVBAMMJkFtYXpvbiBS\n' + (STDOUT, APP/TASK/deploy-to-postgresql)#
#2026 04 13 19:07:45.178#Z#DEBUG#be2d3d37-376b-11f1-938a-eeee0a8c9147.BTP_CI_CD_Deployment_CAPM-postgres-deployer#flowable-async-job-executor-thread-20403#
[PollExecuteTaskStatusExecution] c49c6f4e-6a21-4cf0-9f92-c125a8dc9d83 [2026-04-13T19:07:24.790949] 'RFMgdXMtZWFzdC0xIFJvb3QgQ0EgRUNDMzg0IEcxMRAwDgYDVQQHDAdTZWF0dGxl\n' + (STDOUT, APP/TASK/deploy-to-postgresql)#
#2026 04 13 19:07:45.178#Z#DEBUG#be2d3d37-376b-11f1-938a-eeee0a8c9147.BTP_CI_CD_Deployment_CAPM-postgres-deployer#flowable-async-job-executor-thread-20403#
[PollExecuteTaskStatusExecution] c49c6f4e-6a21-4cf0-9f92-c125a8dc9d83 [2026-04-13T19:07:24.790951] 'MHYwEAYHKoZIzj0CAQYFK4EEACIDYgAEx5xjrup8II4HOJw15NTnS3H5yMrQGlbj\n' + (STDOUT, APP/TASK/deploy-to-postgresql)#
#2026 04 13 19:07:45.178#Z#DEBUG#be2d3d37-376b-11f1-938a-eeee0a8c9147.BTP_CI_CD_Deployment_CAPM-postgres-deployer#flowable-async-job-executor-thread-20403#
[PollExecuteTaskStatusExecution] c49c6f4e-6a21-4cf0-9f92-c125a8dc9d83 [2026-04-13T19:07:24.790953] 'EDA5MMGnE9DmHp5dACIxmPXPMe/99nO7wNdl7G71OYPCgEvWm0FhdvVUeTb3LVnV\n' + (STDOUT, APP/TASK/deploy-to-postgresql)#
#2026 04 13 19:07:45.178#Z#DEBUG#be2d3d37-376b-11f1-938a-eeee0a8c9147.BTP_CI_CD_Deployment_CAPM-postgres-deployer#flowable-async-job-executor-thread-20403#
[PollExecuteTaskStatusExecution] c49c6f4e-6a21-4cf0-9f92-c125a8dc9d83 [2026-04-13T19:07:24.790956] 'BnaXt32Ek7/oxGk1T+Df03C+W0vmuJ+wo0IwQDAPBgNVHRMBAf8EBTADAQH/MB0G\n' + (STDOUT, APP/TASK/deploy-to-postgresql)#
#2026 04 13 19:07:45.178#Z#DEBUG#be2d3d37-376b-11f1-938a-eeee0a8c9147.BTP_CI_CD_Deployment_CAPM-postgres-deployer#flowable-async-job-executor-thread-20403#
[PollExecuteTaskStatusExecution] c49c6f4e-6a21-4cf0-9f92-c125a8dc9d83 [2026-04-13T19:07:24.790958] 'A1UdDgQWBBTGXmqBWN/1tkSea4pNw0oHrjk2UDAOBgNVHQ8BAf8EBAMCAYYwCgYI\n' + (STDOUT, APP/TASK/deploy-to-postgresql)#
#2026 04 13 19:07:45.178#Z#DEBUG#be2d3d37-376b-11f1-938a-eeee0a8c9147.BTP_CI_CD_Deployment_CAPM-postgres-deployer#flowable-async-job-executor-thread-20403#
[PollExecuteTaskStatusExecution] c49c6f4e-6a21-4cf0-9f92-c125a8dc9d83 [2026-04-13T19:07:24.790960] 'KoZIzj0EAwMDaAAwZQIxAIqqZWCSrIkZ7zsv/FygtAusW6yvlL935YAWYPVXU30m\n' + (STDOUT, APP/TASK/deploy-to-postgresql)#
#2026 04 13 19:07:45.178#Z#DEBUG#be2d3d37-376b-11f1-938a-eeee0a8c9147.BTP_CI_CD_Deployment_CAPM-postgres-deployer#flowable-async-job-executor-thread-20403#
[PollExecuteTaskStatusExecution] c49c6f4e-6a21-4cf0-9f92-c125a8dc9d83 [2026-04-13T19:07:24.790963] 'jkMFLM+/RJ9GMvnO8jHfCgIwB+whlkcItzE9CRQ6CsMo/d5cEHDUu/QW6jSIh9BR\n' + (STDOUT, APP/TASK/deploy-to-postgresql)#
#2026 04 13 19:07:45.178#Z#DEBUG#be2d3d37-376b-11f1-938a-eeee0a8c9147.BTP_CI_CD_Deployment_CAPM-postgres-deployer#flowable-async-job-executor-thread-20403#
[PollExecuteTaskStatusExecution] c49c6f4e-6a21-4cf0-9f92-c125a8dc9d83 [2026-04-13T19:07:24.790965] 'OGh9pTYPVkUbBiKPA7lVVhre\n' + (STDOUT, APP/TASK/deploy-to-postgresql)#
#2026 04 13 19:07:45.178#Z#DEBUG#be2d3d37-376b-11f1-938a-eeee0a8c9147.BTP_CI_CD_Deployment_CAPM-postgres-deployer#flowable-async-job-executor-thread-20403#
[PollExecuteTaskStatusExecution] c49c6f4e-6a21-4cf0-9f92-c125a8dc9d83 [2026-04-13T19:07:24.790967] '-----END CERTIFICATE-----\n', (STDOUT, APP/TASK/deploy-to-postgresql)#
#2026 04 13 19:07:45.178#Z#DEBUG#be2d3d37-376b-11f1-938a-eeee0a8c9147.BTP_CI_CD_Deployment_CAPM-postgres-deployer#flowable-async-job-executor-thread-20403#
[PollExecuteTaskStatusExecution] c49c6f4e-6a21-4cf0-9f92-c125a8dc9d83 [2026-04-13T19:07:24.790970] sslrootcert: '-----BEGIN CERTIFICATE-----\n' + (STDOUT, APP/TASK/deploy-to-postgresql)#
#2026 04 13 19:07:45.178#Z#DEBUG#be2d3d37-376b-11f1-938a-eeee0a8c9147.BTP_CI_CD_Deployment_CAPM-postgres-deployer#flowable-async-job-executor-thread-20403#
[PollExecuteTaskStatusExecution] c49c6f4e-6a21-4cf0-9f92-c125a8dc9d83 [2026-04-13T19:07:24.790974] 'MIID/zCCAuegAwIBAgIRAPVSMfFitmM5PhmbaOFoGfUwDQYJKoZIhvcNAQELBQAw\n' + (STDOUT, APP/TASK/deploy-to-postgresql)#
#2026 04 13 19:07:45.178#Z#DEBUG#be2d3d37-376b-11f1-938a-eeee0a8c9147.BTP_CI_CD_Deployment_CAPM-postgres-deployer#flowable-async-job-executor-thread-20403#
[PollExecuteTaskStatusExecution] c49c6f4e-6a21-4cf0-9f92-c125a8dc9d83 [2026-04-13T19:07:24.790977] 'gZcxCzAJBgNVBAYTAlVTMSIwIAYDVQQKDBlBbWF6b24gV2ViIFNlcnZpY2VzLCBJ\n' + (STDOUT, APP/TASK/deploy-to-postgresql)#
#2026 04 13 19:07:45.178#Z#DEBUG#be2d3d37-376b-11f1-938a-eeee0a8c9147.BTP_CI_CD_Deployment_CAPM-postgres-deployer#flowable-async-job-executor-thread-20403#
[PollExecuteTaskStatusExecution] c49c6f4e-6a21-4cf0-9f92-c125a8dc9d83 [2026-04-13T19:07:24.791952] 'bmMuMRMwEQYDVQQLDApBbWF6b24gUkRTMQswCQYDVQQIDAJXQTEwMC4GA1UEAwwn\n' + (STDOUT, APP/TASK/deploy-to-postgresql)#
#2026 04 13 19:07:45.178#Z#DEBUG#be2d3d37-376b-11f1-938a-eeee0a8c9147.BTP_CI_CD_Deployment_CAPM-postgres-deployer#flowable-async-job-executor-thread-20403#
[PollExecuteTaskStatusExecution] c49c6f4e-6a21-4cf0-9f92-c125a8dc9d83 [2026-04-13T19:07:24.791968] 'QW1hem9uIFJEUyB1cy1lYXN0LTEgUm9vdCBDQSBSU0EyMDQ4IEcxMRAwDgYDVQQH\n' + (STDOUT, APP/TASK/deploy-to-postgresql)#
#2026 04 13 19:07:45.178#Z#DEBUG#be2d3d37-376b-11f1-938a-eeee0a8c9147.BTP_CI_CD_Deployment_CAPM-postgres-deployer#flowable-async-job-executor-thread-20403#
[PollExecuteTaskStatusExecution] c49c6f4e-6a21-4cf0-9f92-c125a8dc9d83 [2026-04-13T19:07:24.791972] 'DAdTZWF0dGxlMCAXDTIxMDUyNTIyMzQ1N1oYDzIwNjEwNTI1MjMzNDU3WjCBlzEL\n' + (STDOUT, APP/TASK/deploy-to-postgresql)#
#2026 04 13 19:07:45.178#Z#DEBUG#be2d3d37-376b-11f1-938a-eeee0a8c9147.BTP_CI_CD_Deployment_CAPM-postgres-deployer#flowable-async-job-executor-thread-20403#
[PollExecuteTaskStatusExecution] c49c6f4e-6a21-4cf0-9f92-c125a8dc9d83 [2026-04-13T19:07:24.791975] 'MAkGA1UEBhMCVVMxIjAgBgNVBAoMGUFtYXpvbiBXZWIgU2VydmljZXMsIEluYy4x\n' + (STDOUT, APP/TASK/deploy-to-postgresql)#
#2026 04 13 19:07:45.178#Z#DEBUG#be2d3d37-376b-11f1-938a-eeee0a8c9147.BTP_CI_CD_Deployment_CAPM-postgres-deployer#flowable-async-job-executor-thread-20403#
[PollExecuteTaskStatusExecution] c49c6f4e-6a21-4cf0-9f92-c125a8dc9d83 [2026-04-13T19:07:24.791981] 'EzARBgNVBAsMCkFtYXpvbiBSRFMxCzAJBgNVBAgMAldBMTAwLgYDVQQDDCdBbWF6\n' + (STDOUT, APP/TASK/deploy-to-postgresql)#
#2026 04 13 19:07:45.178#Z#DEBUG#be2d3d37-376b-11f1-938a-eeee0a8c9147.BTP_CI_CD_Deployment_CAPM-postgres-deployer#flowable-async-job-executor-thread-20403#
[PollExecuteTaskStatusExecution] c49c6f4e-6a21-4cf0-9f92-c125a8dc9d83 [2026-04-13T19:07:24.791984] 'b24gUkRTIHVzLWVhc3QtMSBSb290IENBIFJTQTIwNDggRzExEDAOBgNVBAcMB1Nl\n' + (STDOUT, APP/TASK/deploy-to-postgresql)#
#2026 04 13 19:07:45.178#Z#DEBUG#be2d3d37-376b-11f1-938a-eeee0a8c9147.BTP_CI_CD_Deployment_CAPM-postgres-deployer#flowable-async-job-executor-thread-20403#
[PollExecuteTaskStatusExecution] c49c6f4e-6a21-4cf0-9f92-c125a8dc9d83 [2026-04-13T19:07:24.791989] 'YXR0bGUwggEiMA0GCSqGSIb3DQEBAQUAA4IBDwAwggEKAoIBAQDu9H7TBeGoDzMr\n' + (STDOUT, APP/TASK/deploy-to-postgresql)#
#2026 04 13 19:07:45.178#Z#DEBUG#be2d3d37-376b-11f1-938a-eeee0a8c9147.BTP_CI_CD_Deployment_CAPM-postgres-deployer#flowable-async-job-executor-thread-20403#
[PollExecuteTaskStatusExecution] c49c6f4e-6a21-4cf0-9f92-c125a8dc9d83 [2026-04-13T19:07:24.791992] 'dxN6H8COntJX4IR6dbyhnj5qMD4xl/IWvp50lt0VpmMd+z2PNZzx8RazeGC5IniV\n' + (STDOUT, APP/TASK/deploy-to-postgresql)#
#2026 04 13 19:07:45.178#Z#DEBUG#be2d3d37-376b-11f1-938a-eeee0a8c9147.BTP_CI_CD_Deployment_CAPM-postgres-deployer#flowable-async-job-executor-thread-20403#
[PollExecuteTaskStatusExecution] c49c6f4e-6a21-4cf0-9f92-c125a8dc9d83 [2026-04-13T19:07:24.791994] '5nrLg0AKWRQ2A/lGGXbUrGXCSe09brMQCxWBSIYe1WZZ1iU1IJ/6Bp4D2YEHpXrW\n' + (STDOUT, APP/TASK/deploy-to-postgresql)#
#2026 04 13 19:07:45.178#Z#DEBUG#be2d3d37-376b-11f1-938a-eeee0a8c9147.BTP_CI_CD_Deployment_CAPM-postgres-deployer#flowable-async-job-executor-thread-20403#
[PollExecuteTaskStatusExecution] c49c6f4e-6a21-4cf0-9f92-c125a8dc9d83 [2026-04-13T19:07:24.791996] 'bPkOq5x3YPcsoitgm1Xh8ygz6vb7PsvJvPbvRMnkDg5IqEThapPjmKb8ZJWyEFEE\n' + (STDOUT, APP/TASK/deploy-to-postgresql)#
#2026 04 13 19:07:45.178#Z#DEBUG#be2d3d37-376b-11f1-938a-eeee0a8c9147.BTP_CI_CD_Deployment_CAPM-postgres-deployer#flowable-async-job-executor-thread-20403#
[PollExecuteTaskStatusExecution] c49c6f4e-6a21-4cf0-9f92-c125a8dc9d83 [2026-04-13T19:07:24.791999] 'QRrkCIRueB1EqQtJw0fvP4PKDlCJAKBEs/y049FoOqYpT3pRy0WKqPhWve+hScMd\n' + (STDOUT, APP/TASK/deploy-to-postgresql)#
#2026 04 13 19:07:45.178#Z#DEBUG#be2d3d37-376b-11f1-938a-eeee0a8c9147.BTP_CI_CD_Deployment_CAPM-postgres-deployer#flowable-async-job-executor-thread-20403#
[PollExecuteTaskStatusExecution] c49c6f4e-6a21-4cf0-9f92-c125a8dc9d83 [2026-04-13T19:07:24.792001] '6obq8kxTFy1IHACjHc51nrGII5Bt76/MpTWhnJIJrCnq1/Uc3Qs8IVeb+sLaFC8K\n' + (STDOUT, APP/TASK/deploy-to-postgresql)#
#2026 04 13 19:07:45.178#Z#DEBUG#be2d3d37-376b-11f1-938a-eeee0a8c9147.BTP_CI_CD_Deployment_CAPM-postgres-deployer#flowable-async-job-executor-thread-20403#
[PollExecuteTaskStatusExecution] c49c6f4e-6a21-4cf0-9f92-c125a8dc9d83 [2026-04-13T19:07:24.792006] 'DI69Sw6bAgMBAAGjQjBAMA8GA1UdEwEB/wQFMAMBAf8wHQYDVR0OBBYEFE7PCopt\n' + (STDOUT, APP/TASK/deploy-to-postgresql)#
#2026 04 13 19:07:45.178#Z#DEBUG#be2d3d37-376b-11f1-938a-eeee0a8c9147.BTP_CI_CD_Deployment_CAPM-postgres-deployer#flowable-async-job-executor-thread-20403#
[PollExecuteTaskStatusExecution] c49c6f4e-6a21-4cf0-9f92-c125a8dc9d83 [2026-04-13T19:07:24.792008] 'lyOgtXX0Y1lObBUxuKaCMA4GA1UdDwEB/wQEAwIBhjANBgkqhkiG9w0BAQsFAAOC\n' + (STDOUT, APP/TASK/deploy-to-postgresql)#
#2026 04 13 19:07:45.178#Z#DEBUG#be2d3d37-376b-11f1-938a-eeee0a8c9147.BTP_CI_CD_Deployment_CAPM-postgres-deployer#flowable-async-job-executor-thread-20403#
[PollExecuteTaskStatusExecution] c49c6f4e-6a21-4cf0-9f92-c125a8dc9d83 [2026-04-13T19:07:24.792010] 'AQEAFj+bX8gLmMNefr5jRJfHjrL3iuZCjf7YEZgn89pS4z8408mjj9z6Q5D1H7yS\n' + (STDOUT, APP/TASK/deploy-to-postgresql)#
#2026 04 13 19:07:45.178#Z#DEBUG#be2d3d37-376b-11f1-938a-eeee0a8c9147.BTP_CI_CD_Deployment_CAPM-postgres-deployer#flowable-async-job-executor-thread-20403#
[PollExecuteTaskStatusExecution] c49c6f4e-6a21-4cf0-9f92-c125a8dc9d83 [2026-04-13T19:07:24.792015] 'jNETVV8QaJip1qyhh5gRzRaArgGAYvi2/r0zPsy+Tgf7v1KGL5Lh8NT8iCEGGXwF\n' + (STDOUT, APP/TASK/deploy-to-postgresql)#
#2026 04 13 19:07:45.178#Z#DEBUG#be2d3d37-376b-11f1-938a-eeee0a8c9147.BTP_CI_CD_Deployment_CAPM-postgres-deployer#flowable-async-job-executor-thread-20403#
[PollExecuteTaskStatusExecution] c49c6f4e-6a21-4cf0-9f92-c125a8dc9d83 [2026-04-13T19:07:24.792017] 'g3Ir+Nl3e+9XUp0eyyzBIjHtjLBm6yy8rGk9p6OtFDQnKF5OxwbAgip42CD75r/q\n' + (STDOUT, APP/TASK/deploy-to-postgresql)#
#2026 04 13 19:07:45.178#Z#DEBUG#be2d3d37-376b-11f1-938a-eeee0a8c9147.BTP_CI_CD_Deployment_CAPM-postgres-deployer#flowable-async-job-executor-thread-20403#
[PollExecuteTaskStatusExecution] c49c6f4e-6a21-4cf0-9f92-c125a8dc9d83 [2026-04-13T19:07:24.792019] 'p421maEDDvvRFR4D+99JZxgAYDBGqRRceUoe16qDzbMvlz0A9paCZFclxeftAxv6\n' + (STDOUT, APP/TASK/deploy-to-postgresql)#
#2026 04 13 19:07:45.178#Z#DEBUG#be2d3d37-376b-11f1-938a-eeee0a8c9147.BTP_CI_CD_Deployment_CAPM-postgres-deployer#flowable-async-job-executor-thread-20403#
[PollExecuteTaskStatusExecution] c49c6f4e-6a21-4cf0-9f92-c125a8dc9d83 [2026-04-13T19:07:24.792021] 'QlR5rItMz/XdzpBJUpYhdzM0gCzAzdQuVO5tjJxmXhkSMcDP+8Q+Uv6FA9k2VpUV\n' + (STDOUT, APP/TASK/deploy-to-postgresql)#
#2026 04 13 19:07:45.178#Z#DEBUG#be2d3d37-376b-11f1-938a-eeee0a8c9147.BTP_CI_CD_Deployment_CAPM-postgres-deployer#flowable-async-job-executor-thread-20403#
[PollExecuteTaskStatusExecution] c49c6f4e-6a21-4cf0-9f92-c125a8dc9d83 [2026-04-13T19:07:24.792024] 'E/O5jgpqUJJ2Hc/5rs9VkAPXeA==\n' + (STDOUT, APP/TASK/deploy-to-postgresql)#
#2026 04 13 19:07:45.178#Z#DEBUG#be2d3d37-376b-11f1-938a-eeee0a8c9147.BTP_CI_CD_Deployment_CAPM-postgres-deployer#flowable-async-job-executor-thread-20403#
[PollExecuteTaskStatusExecution] c49c6f4e-6a21-4cf0-9f92-c125a8dc9d83 [2026-04-13T19:07:24.792026] '-----END CERTIFICATE-----\n' + (STDOUT, APP/TASK/deploy-to-postgresql)#
#2026 04 13 19:07:45.178#Z#DEBUG#be2d3d37-376b-11f1-938a-eeee0a8c9147.BTP_CI_CD_Deployment_CAPM-postgres-deployer#flowable-async-job-executor-thread-20403#
[PollExecuteTaskStatusExecution] c49c6f4e-6a21-4cf0-9f92-c125a8dc9d83 [2026-04-13T19:07:24.792027] '-----BEGIN CERTIFICATE-----\n' + (STDOUT, APP/TASK/deploy-to-postgresql)#
#2026 04 13 19:07:45.178#Z#DEBUG#be2d3d37-376b-11f1-938a-eeee0a8c9147.BTP_CI_CD_Deployment_CAPM-postgres-deployer#flowable-async-job-executor-thread-20403#
[PollExecuteTaskStatusExecution] c49c6f4e-6a21-4cf0-9f92-c125a8dc9d83 [2026-04-13T19:07:24.792029] 'MIIF/jCCA+agAwIBAgIQaRHaEqqacXN20e8zZJtmDDANBgkqhkiG9w0BAQwFADCB\n' + (STDOUT, APP/TASK/deploy-to-postgresql)#
#2026 04 13 19:07:45.178#Z#DEBUG#be2d3d37-376b-11f1-938a-eeee0a8c9147.BTP_CI_CD_Deployment_CAPM-postgres-deployer#flowable-async-job-executor-thread-20403#
[PollExecuteTaskStatusExecution] c49c6f4e-6a21-4cf0-9f92-c125a8dc9d83 [2026-04-13T19:07:24.792086] 'lzELMAkGA1UEBhMCVVMxIjAgBgNVBAoMGUFtYXpvbiBXZWIgU2VydmljZXMsIElu\n' + (STDOUT, APP/TASK/deploy-to-postgresql)#
#2026 04 13 19:07:45.178#Z#DEBUG#be2d3d37-376b-11f1-938a-eeee0a8c9147.BTP_CI_CD_Deployment_CAPM-postgres-deployer#flowable-async-job-executor-thread-20403#
[PollExecuteTaskStatusExecution] c49c6f4e-6a21-4cf0-9f92-c125a8dc9d83 [2026-04-13T19:07:24.792113] 'Yy4xEzARBgNVBAsMCkFtYXpvbiBSRFMxCzAJBgNVBAgMAldBMTAwLgYDVQQDDCdB\n' + (STDOUT, APP/TASK/deploy-to-postgresql)#
#2026 04 13 19:07:45.178#Z#DEBUG#be2d3d37-376b-11f1-938a-eeee0a8c9147.BTP_CI_CD_Deployment_CAPM-postgres-deployer#flowable-async-job-executor-thread-20403#
[PollExecuteTaskStatusExecution] c49c6f4e-6a21-4cf0-9f92-c125a8dc9d83 [2026-04-13T19:07:24.792115] 'bWF6b24gUkRTIHVzLWVhc3QtMSBSb290IENBIFJTQTQwOTYgRzExEDAOBgNVBAcM\n' + (STDOUT, APP/TASK/deploy-to-postgresql)#
#2026 04 13 19:07:45.178#Z#DEBUG#be2d3d37-376b-11f1-938a-eeee0a8c9147.BTP_CI_CD_Deployment_CAPM-postgres-deployer#flowable-async-job-executor-thread-20403#
[PollExecuteTaskStatusExecution] c49c6f4e-6a21-4cf0-9f92-c125a8dc9d83 [2026-04-13T19:07:24.792118] 'B1NlYXR0bGUwIBcNMjEwNTI1MjIzODM1WhgPMjEyMTA1MjUyMzM4MzVaMIGXMQsw\n' + (STDOUT, APP/TASK/deploy-to-postgresql)#
#2026 04 13 19:07:45.178#Z#DEBUG#be2d3d37-376b-11f1-938a-eeee0a8c9147.BTP_CI_CD_Deployment_CAPM-postgres-deployer#flowable-async-job-executor-thread-20403#
[PollExecuteTaskStatusExecution] c49c6f4e-6a21-4cf0-9f92-c125a8dc9d83 [2026-04-13T19:07:24.792119] 'CQYDVQQGEwJVUzEiMCAGA1UECgwZQW1hem9uIFdlYiBTZXJ2aWNlcywgSW5jLjET\n' + (STDOUT, APP/TASK/deploy-to-postgresql)#
#2026 04 13 19:07:45.178#Z#DEBUG#be2d3d37-376b-11f1-938a-eeee0a8c9147.BTP_CI_CD_Deployment_CAPM-postgres-deployer#flowable-async-job-executor-thread-20403#
[PollExecuteTaskStatusExecution] c49c6f4e-6a21-4cf0-9f92-c125a8dc9d83 [2026-04-13T19:07:24.792121] 'MBEGA1UECwwKQW1hem9uIFJEUzELMAkGA1UECAwCV0ExMDAuBgNVBAMMJ0FtYXpv\n' + (STDOUT, APP/TASK/deploy-to-postgresql)#
#2026 04 13 19:07:45.178#Z#DEBUG#be2d3d37-376b-11f1-938a-eeee0a8c9147.BTP_CI_CD_Deployment_CAPM-postgres-deployer#flowable-async-job-executor-thread-20403#
[PollExecuteTaskStatusExecution] c49c6f4e-6a21-4cf0-9f92-c125a8dc9d83 [2026-04-13T19:07:24.792124] 'biBSRFMgdXMtZWFzdC0xIFJvb3QgQ0EgUlNBNDA5NiBHMTEQMA4GA1UEBwwHU2Vh\n' + (STDOUT, APP/TASK/deploy-to-postgresql)#
#2026 04 13 19:07:45.178#Z#DEBUG#be2d3d37-376b-11f1-938a-eeee0a8c9147.BTP_CI_CD_Deployment_CAPM-postgres-deployer#flowable-async-job-executor-thread-20403#
[PollExecuteTaskStatusExecution] c49c6f4e-6a21-4cf0-9f92-c125a8dc9d83 [2026-04-13T19:07:24.792126] 'dHRsZTCCAiIwDQYJKoZIhvcNAQEBBQADggIPADCCAgoCggIBAInfBCaHuvj6Rb5c\n' + (STDOUT, APP/TASK/deploy-to-postgresql)#
#2026 04 13 19:07:45.178#Z#DEBUG#be2d3d37-376b-11f1-938a-eeee0a8c9147.BTP_CI_CD_Deployment_CAPM-postgres-deployer#flowable-async-job-executor-thread-20403#
[PollExecuteTaskStatusExecution] c49c6f4e-6a21-4cf0-9f92-c125a8dc9d83 [2026-04-13T19:07:24.792128] 'L5Wmn1jv2PHtEGMHm+7Z8dYosdwouG8VG2A+BCYCZfij9lIGszrTXkY4O7vnXgru\n' + (STDOUT, APP/TASK/deploy-to-postgresql)#
#2026 04 13 19:07:45.178#Z#DEBUG#be2d3d37-376b-11f1-938a-eeee0a8c9147.BTP_CI_CD_Deployment_CAPM-postgres-deployer#flowable-async-job-executor-thread-20403#
[PollExecuteTaskStatusExecution] c49c6f4e-6a21-4cf0-9f92-c125a8dc9d83 [2026-04-13T19:07:24.792129] 'JUNdxh0Q3M83p4X+bg+gODUs3jf+Z3Oeq7nTOk/2UYvQLcxP4FEXILxDInbQFcIx\n' + (STDOUT, APP/TASK/deploy-to-postgresql)#
#2026 04 13 19:07:45.178#Z#DEBUG#be2d3d37-376b-11f1-938a-eeee0a8c9147.BTP_CI_CD_Deployment_CAPM-postgres-deployer#flowable-async-job-executor-thread-20403#
[PollExecuteTaskStatusExecution] c49c6f4e-6a21-4cf0-9f92-c125a8dc9d83 [2026-04-13T19:07:24.792131] 'yen1ESHggGrjEodgn6nbKQNRfIhjhW+TKYaewfsVWH7EF2pfj+cjbJ6njjgZ0/M9\n' + (STDOUT, APP/TASK/deploy-to-postgresql)#
#2026 04 13 19:07:45.178#Z#DEBUG#be2d3d37-376b-11f1-938a-eeee0a8c9147.BTP_CI_CD_Deployment_CAPM-postgres-deployer#flowable-async-job-executor-thread-20403#
[PollExecuteTaskStatusExecution] c49c6f4e-6a21-4cf0-9f92-c125a8dc9d83 [2026-04-13T19:07:24.792134] 'VZifJFBgat6XUTOf3jwHwkCBh7T6rDpgy19A61laImJCQhdTnHKvzTpxcxiLRh69\n' + (STDOUT, APP/TASK/deploy-to-postgresql)#
#2026 04 13 19:07:45.178#Z#DEBUG#be2d3d37-376b-11f1-938a-eeee0a8c9147.BTP_CI_CD_Deployment_CAPM-postgres-deployer#flowable-async-job-executor-thread-20403#
[PollExecuteTaskStatusExecution] c49c6f4e-6a21-4cf0-9f92-c125a8dc9d83 [2026-04-13T19:07:24.792136] 'ZObypR7W04OAUmFS88V7IotlPmCL8xf7kwxG+gQfvx31+A9IDMsiTqJ1Cc4fYEKg\n' + (STDOUT, APP/TASK/deploy-to-postgresql)#
#2026 04 13 19:07:45.178#Z#DEBUG#be2d3d37-376b-11f1-938a-eeee0a8c9147.BTP_CI_CD_Deployment_CAPM-postgres-deployer#flowable-async-job-executor-thread-20403#
[PollExecuteTaskStatusExecution] c49c6f4e-6a21-4cf0-9f92-c125a8dc9d83 [2026-04-13T19:07:24.792138] 'bL+Vo+2Ii4W2esCTGVYmHm73drznfeKwL+kmIC/Bq+DrZ+veTqKFYwSkpHRyJCEe\n' + (STDOUT, APP/TASK/deploy-to-postgresql)#
#2026 04 13 19:07:45.178#Z#DEBUG#be2d3d37-376b-11f1-938a-eeee0a8c9147.BTP_CI_CD_Deployment_CAPM-postgres-deployer#flowable-async-job-executor-thread-20403#
[PollExecuteTaskStatusExecution] c49c6f4e-6a21-4cf0-9f92-c125a8dc9d83 [2026-04-13T19:07:24.792139] 'U4Zym6POqQ/4LBSKwDUhWLJIlq99bjKX+hNTJykB+Lbcx0ScOP4IAZQoxmDxGWxN\n' + (STDOUT, APP/TASK/deploy-to-postgresql)#
#2026 04 13 19:07:45.178#Z#DEBUG#be2d3d37-376b-11f1-938a-eeee0a8c9147.BTP_CI_CD_Deployment_CAPM-postgres-deployer#flowable-async-job-executor-thread-20403#
[PollExecuteTaskStatusExecution] c49c6f4e-6a21-4cf0-9f92-c125a8dc9d83 [2026-04-13T19:07:24.792141] 'S+lQj+Cx2pwU3S/7+OxlRndZAX/FKgk7xSMkg88HykUZaZ/ozIiqJqSnGpgXCtED\n' + (STDOUT, APP/TASK/deploy-to-postgresql)#
#2026 04 13 19:07:45.178#Z#DEBUG#be2d3d37-376b-11f1-938a-eeee0a8c9147.BTP_CI_CD_Deployment_CAPM-postgres-deployer#flowable-async-job-executor-thread-20403#
[PollExecuteTaskStatusExecution] c49c6f4e-6a21-4cf0-9f92-c125a8dc9d83 [2026-04-13T19:07:24.792143] 'oQ4OJw5ozAr+/wudOawaMwUWQl5asD8fuy/hl5S1nv9XxIc842QJOtJFxhyeMIXt\n' + (STDOUT, APP/TASK/deploy-to-postgresql)#
#2026 04 13 19:07:45.178#Z#DEBUG#be2d3d37-376b-11f1-938a-eeee0a8c9147.BTP_CI_CD_Deployment_CAPM-postgres-deployer#flowable-async-job-executor-thread-20403#
[PollExecuteTaskStatusExecution] c49c6f4e-6a21-4cf0-9f92-c125a8dc9d83 [2026-04-13T19:07:24.792145] 'LVECVw/dPekhMjS3Zo3wwRgYbnKG7YXXT5WMxJEnHu8+cYpMiRClzq2BEP6/MtI2\n' + (STDOUT, APP/TASK/deploy-to-postgresql)#
#2026 04 13 19:07:45.178#Z#DEBUG#be2d3d37-376b-11f1-938a-eeee0a8c9147.BTP_CI_CD_Deployment_CAPM-postgres-deployer#flowable-async-job-executor-thread-20403#
[PollExecuteTaskStatusExecution] c49c6f4e-6a21-4cf0-9f92-c125a8dc9d83 [2026-04-13T19:07:24.792147] 'AZQQUFu2yFjRGL2OZA6IYjxnXYiRAgMBAAGjQjBAMA8GA1UdEwEB/wQFMAMBAf8w\n' + (STDOUT, APP/TASK/deploy-to-postgresql)#
#2026 04 13 19:07:45.178#Z#DEBUG#be2d3d37-376b-11f1-938a-eeee0a8c9147.BTP_CI_CD_Deployment_CAPM-postgres-deployer#flowable-async-job-executor-thread-20403#
[PollExecuteTaskStatusExecution] c49c6f4e-6a21-4cf0-9f92-c125a8dc9d83 [2026-04-13T19:07:24.792150] 'HQYDVR0OBBYEFADCcQCPX2HmkqQcmuHfiQ2jjqnrMA4GA1UdDwEB/wQEAwIBhjAN\n' + (STDOUT, APP/TASK/deploy-to-postgresql)#
#2026 04 13 19:07:45.178#Z#DEBUG#be2d3d37-376b-11f1-938a-eeee0a8c9147.BTP_CI_CD_Deployment_CAPM-postgres-deployer#flowable-async-job-executor-thread-20403#
[PollExecuteTaskStatusExecution] c49c6f4e-6a21-4cf0-9f92-c125a8dc9d83 [2026-04-13T19:07:24.792152] 'BgkqhkiG9w0BAQwFAAOCAgEASXkGQ2eUmudIKPeOIF7RBryCoPmMOsqP0+1qxF8l\n' + (STDOUT, APP/TASK/deploy-to-postgresql)#
#2026 04 13 19:07:45.178#Z#DEBUG#be2d3d37-376b-11f1-938a-eeee0a8c9147.BTP_CI_CD_Deployment_CAPM-postgres-deployer#flowable-async-job-executor-thread-20403#
[PollExecuteTaskStatusExecution] c49c6f4e-6a21-4cf0-9f92-c125a8dc9d83 [2026-04-13T19:07:24.792153] 'pGkwmrgNDGpmd9s0ArfIVBTc1jmpgB3oiRW9c6n2OmwBKL4UPuQ8O3KwSP0iD2sZ\n' + (STDOUT, APP/TASK/deploy-to-postgresql)#
#2026 04 13 19:07:45.178#Z#DEBUG#be2d3d37-376b-11f1-938a-eeee0a8c9147.BTP_CI_CD_Deployment_CAPM-postgres-deployer#flowable-async-job-executor-thread-20403#
[PollExecuteTaskStatusExecution] c49c6f4e-6a21-4cf0-9f92-c125a8dc9d83 [2026-04-13T19:07:24.792155] 'KMXoMEyphCEzW1I2GRvYDugL3Z9MWrnHkoaoH2l8YyTYvszTvdgxBPpM2x4pSkp+\n' + (STDOUT, APP/TASK/deploy-to-postgresql)#
#2026 04 13 19:07:45.178#Z#DEBUG#be2d3d37-376b-11f1-938a-eeee0a8c9147.BTP_CI_CD_Deployment_CAPM-postgres-deployer#flowable-async-job-executor-thread-20403#
[PollExecuteTaskStatusExecution] c49c6f4e-6a21-4cf0-9f92-c125a8dc9d83 [2026-04-13T19:07:24.792157] '76d4/eRpJ5mVuQ93nC+YG0wXCxSq63hX4kyZgPxgCdAA+qgFfKIGyNqUIqWgeyTP\n' + (STDOUT, APP/TASK/deploy-to-postgresql)#
#2026 04 13 19:07:45.178#Z#DEBUG#be2d3d37-376b-11f1-938a-eeee0a8c9147.BTP_CI_CD_Deployment_CAPM-postgres-deployer#flowable-async-job-executor-thread-20403#
[PollExecuteTaskStatusExecution] c49c6f4e-6a21-4cf0-9f92-c125a8dc9d83 [2026-04-13T19:07:24.792158] 'n5OgKaboYk2141Rf2hGMD3/hsGm0rrJh7g3C0ZirPws3eeJfulvAOIy2IZzqHUSY\n' + (STDOUT, APP/TASK/deploy-to-postgresql)#
#2026 04 13 19:07:45.178#Z#DEBUG#be2d3d37-376b-11f1-938a-eeee0a8c9147.BTP_CI_CD_Deployment_CAPM-postgres-deployer#flowable-async-job-executor-thread-20403#
[PollExecuteTaskStatusExecution] c49c6f4e-6a21-4cf0-9f92-c125a8dc9d83 [2026-04-13T19:07:24.792161] 'jkFzraz6LEH3IlArT3jUPvWKqvh2lJWnnp56aqxBR7qHH5voD49UpJWY1K0BjGnS\n' + (STDOUT, APP/TASK/deploy-to-postgresql)#
#2026 04 13 19:07:45.178#Z#DEBUG#be2d3d37-376b-11f1-938a-eeee0a8c9147.BTP_CI_CD_Deployment_CAPM-postgres-deployer#flowable-async-job-executor-thread-20403#
[PollExecuteTaskStatusExecution] c49c6f4e-6a21-4cf0-9f92-c125a8dc9d83 [2026-04-13T19:07:24.792163] 'OHcurpp0Yt/BIs4VZeWdCZwI7JaSeDcPMaMDBvND3Ia5Fga0thgYQTG6dE+N5fgF\n' + (STDOUT, APP/TASK/deploy-to-postgresql)#
#2026 04 13 19:07:45.178#Z#DEBUG#be2d3d37-376b-11f1-938a-eeee0a8c9147.BTP_CI_CD_Deployment_CAPM-postgres-deployer#flowable-async-job-executor-thread-20403#
[PollExecuteTaskStatusExecution] c49c6f4e-6a21-4cf0-9f92-c125a8dc9d83 [2026-04-13T19:07:24.792165] 'z+hRaujXO2nb0LmddVyvE8prYlWRMuYFv+Co8hcMdJ0lEZlfVNu0jbm9/GmwAZ+l\n' + (STDOUT, APP/TASK/deploy-to-postgresql)#
#2026 04 13 19:07:45.178#Z#DEBUG#be2d3d37-376b-11f1-938a-eeee0a8c9147.BTP_CI_CD_Deployment_CAPM-postgres-deployer#flowable-async-job-executor-thread-20403#
[PollExecuteTaskStatusExecution] c49c6f4e-6a21-4cf0-9f92-c125a8dc9d83 [2026-04-13T19:07:24.792167] '9umeYO9yz/uC7edC8XJBglMAKUmVK9wNtOckUWAcCfnPWYLbYa/PqtXBYcxrso5j\n' + (STDOUT, APP/TASK/deploy-to-postgresql)#
#2026 04 13 19:07:45.178#Z#DEBUG#be2d3d37-376b-11f1-938a-eeee0a8c9147.BTP_CI_CD_Deployment_CAPM-postgres-deployer#flowable-async-job-executor-thread-20403#
[PollExecuteTaskStatusExecution] c49c6f4e-6a21-4cf0-9f92-c125a8dc9d83 [2026-04-13T19:07:24.792168] 'iaS/A7iEW51uteHBGrViCy1afGG+hiUWwFlesli+Rq4dNstX3h6h2baWABaAxEVJ\n' + (STDOUT, APP/TASK/deploy-to-postgresql)#
#2026 04 13 19:07:45.178#Z#DEBUG#be2d3d37-376b-11f1-938a-eeee0a8c9147.BTP_CI_CD_Deployment_CAPM-postgres-deployer#flowable-async-job-executor-thread-20403#
[PollExecuteTaskStatusExecution] c49c6f4e-6a21-4cf0-9f92-c125a8dc9d83 [2026-04-13T19:07:24.792170] 'y1RnTQSz6mROT1VmZSgSVO37rgIyY0Hf0872ogcTS+FfvXgBxCxsNWEbiQ/XXva4\n' + (STDOUT, APP/TASK/deploy-to-postgresql)#
#2026 04 13 19:07:45.178#Z#DEBUG#be2d3d37-376b-11f1-938a-eeee0a8c9147.BTP_CI_CD_Deployment_CAPM-postgres-deployer#flowable-async-job-executor-thread-20403#
[PollExecuteTaskStatusExecution] c49c6f4e-6a21-4cf0-9f92-c125a8dc9d83 [2026-04-13T19:07:24.792174] '0Ws=\n' + (STDOUT, APP/TASK/deploy-to-postgresql)#
#2026 04 13 19:07:45.178#Z#DEBUG#be2d3d37-376b-11f1-938a-eeee0a8c9147.BTP_CI_CD_Deployment_CAPM-postgres-deployer#flowable-async-job-executor-thread-20403#
[PollExecuteTaskStatusExecution] c49c6f4e-6a21-4cf0-9f92-c125a8dc9d83 [2026-04-13T19:07:24.792176] '-----END CERTIFICATE-----\n' + (STDOUT, APP/TASK/deploy-to-postgresql)#
#2026 04 13 19:07:45.178#Z#DEBUG#be2d3d37-376b-11f1-938a-eeee0a8c9147.BTP_CI_CD_Deployment_CAPM-postgres-deployer#flowable-async-job-executor-thread-20403#
[PollExecuteTaskStatusExecution] c49c6f4e-6a21-4cf0-9f92-c125a8dc9d83 [2026-04-13T19:07:24.792179] '-----BEGIN CERTIFICATE-----\n' + (STDOUT, APP/TASK/deploy-to-postgresql)#
#2026 04 13 19:07:45.178#Z#DEBUG#be2d3d37-376b-11f1-938a-eeee0a8c9147.BTP_CI_CD_Deployment_CAPM-postgres-deployer#flowable-async-job-executor-thread-20403#
[PollExecuteTaskStatusExecution] c49c6f4e-6a21-4cf0-9f92-c125a8dc9d83 [2026-04-13T19:07:24.792181] 'MIICrjCCAjSgAwIBAgIRAPAlEk8VJPmEzVRRaWvTh2AwCgYIKoZIzj0EAwMwgZYx\n' + (STDOUT, APP/TASK/deploy-to-postgresql)#
#2026 04 13 19:07:45.178#Z#DEBUG#be2d3d37-376b-11f1-938a-eeee0a8c9147.BTP_CI_CD_Deployment_CAPM-postgres-deployer#flowable-async-job-executor-thread-20403#
[PollExecuteTaskStatusExecution] c49c6f4e-6a21-4cf0-9f92-c125a8dc9d83 [2026-04-13T19:07:24.792183] 'CzAJBgNVBAYTAlVTMSIwIAYDVQQKDBlBbWF6b24gV2ViIFNlcnZpY2VzLCBJbmMu\n' + (STDOUT, APP/TASK/deploy-to-postgresql)#
#2026 04 13 19:07:45.178#Z#DEBUG#be2d3d37-376b-11f1-938a-eeee0a8c9147.BTP_CI_CD_Deployment_CAPM-postgres-deployer#flowable-async-job-executor-thread-20403#
[PollExecuteTaskStatusExecution] c49c6f4e-6a21-4cf0-9f92-c125a8dc9d83 [2026-04-13T19:07:24.792185] 'MRMwEQYDVQQLDApBbWF6b24gUkRTMQswCQYDVQQIDAJXQTEvMC0GA1UEAwwmQW1h\n' + (STDOUT, APP/TASK/deploy-to-postgresql)#
#2026 04 13 19:07:45.178#Z#DEBUG#be2d3d37-376b-11f1-938a-eeee0a8c9147.BTP_CI_CD_Deployment_CAPM-postgres-deployer#flowable-async-job-executor-thread-20403#
[PollExecuteTaskStatusExecution] c49c6f4e-6a21-4cf0-9f92-c125a8dc9d83 [2026-04-13T19:07:24.792187] 'em9uIFJEUyB1cy1lYXN0LTEgUm9vdCBDQSBFQ0MzODQgRzExEDAOBgNVBAcMB1Nl\n' + (STDOUT, APP/TASK/deploy-to-postgresql)#
#2026 04 13 19:07:45.178#Z#DEBUG#be2d3d37-376b-11f1-938a-eeee0a8c9147.BTP_CI_CD_Deployment_CAPM-postgres-deployer#flowable-async-job-executor-thread-20403#
[PollExecuteTaskStatusExecution] c49c6f4e-6a21-4cf0-9f92-c125a8dc9d83 [2026-04-13T19:07:24.792188] 'YXR0bGUwIBcNMjEwNTI1MjI0MTU1WhgPMjEyMTA1MjUyMzQxNTVaMIGWMQswCQYD\n' + (STDOUT, APP/TASK/deploy-to-postgresql)#
#2026 04 13 19:07:45.178#Z#DEBUG#be2d3d37-376b-11f1-938a-eeee0a8c9147.BTP_CI_CD_Deployment_CAPM-postgres-deployer#flowable-async-job-executor-thread-20403#
[PollExecuteTaskStatusExecution] c49c6f4e-6a21-4cf0-9f92-c125a8dc9d83 [2026-04-13T19:07:24.792191] 'VQQGEwJVUzEiMCAGA1UECgwZQW1hem9uIFdlYiBTZXJ2aWNlcywgSW5jLjETMBEG\n' + (STDOUT, APP/TASK/deploy-to-postgresql)#
#2026 04 13 19:07:45.178#Z#DEBUG#be2d3d37-376b-11f1-938a-eeee0a8c9147.BTP_CI_CD_Deployment_CAPM-postgres-deployer#flowable-async-job-executor-thread-20403#
[PollExecuteTaskStatusExecution] c49c6f4e-6a21-4cf0-9f92-c125a8dc9d83 [2026-04-13T19:07:24.792193] 'A1UECwwKQW1hem9uIFJEUzELMAkGA1UECAwCV0ExLzAtBgNVBAMMJkFtYXpvbiBS\n' + (STDOUT, APP/TASK/deploy-to-postgresql)#
#2026 04 13 19:07:45.178#Z#DEBUG#be2d3d37-376b-11f1-938a-eeee0a8c9147.BTP_CI_CD_Deployment_CAPM-postgres-deployer#flowable-async-job-executor-thread-20403#
[PollExecuteTaskStatusExecution] c49c6f4e-6a21-4cf0-9f92-c125a8dc9d83 [2026-04-13T19:07:24.792195] 'RFMgdXMtZWFzdC0xIFJvb3QgQ0EgRUNDMzg0IEcxMRAwDgYDVQQHDAdTZWF0dGxl\n' + (STDOUT, APP/TASK/deploy-to-postgresql)#
#2026 04 13 19:07:45.178#Z#DEBUG#be2d3d37-376b-11f1-938a-eeee0a8c9147.BTP_CI_CD_Deployment_CAPM-postgres-deployer#flowable-async-job-executor-thread-20403#
[PollExecuteTaskStatusExecution] c49c6f4e-6a21-4cf0-9f92-c125a8dc9d83 [2026-04-13T19:07:24.792197] 'MHYwEAYHKoZIzj0CAQYFK4EEACIDYgAEx5xjrup8II4HOJw15NTnS3H5yMrQGlbj\n' + (STDOUT, APP/TASK/deploy-to-postgresql)#
#2026 04 13 19:07:45.178#Z#DEBUG#be2d3d37-376b-11f1-938a-eeee0a8c9147.BTP_CI_CD_Deployment_CAPM-postgres-deployer#flowable-async-job-executor-thread-20403#
[PollExecuteTaskStatusExecution] c49c6f4e-6a21-4cf0-9f92-c125a8dc9d83 [2026-04-13T19:07:24.792198] 'EDA5MMGnE9DmHp5dACIxmPXPMe/99nO7wNdl7G71OYPCgEvWm0FhdvVUeTb3LVnV\n' + (STDOUT, APP/TASK/deploy-to-postgresql)#
#2026 04 13 19:07:45.178#Z#DEBUG#be2d3d37-376b-11f1-938a-eeee0a8c9147.BTP_CI_CD_Deployment_CAPM-postgres-deployer#flowable-async-job-executor-thread-20403#
[PollExecuteTaskStatusExecution] c49c6f4e-6a21-4cf0-9f92-c125a8dc9d83 [2026-04-13T19:07:24.792200] 'BnaXt32Ek7/oxGk1T+Df03C+W0vmuJ+wo0IwQDAPBgNVHRMBAf8EBTADAQH/MB0G\n' + (STDOUT, APP/TASK/deploy-to-postgresql)#
#2026 04 13 19:07:45.178#Z#DEBUG#be2d3d37-376b-11f1-938a-eeee0a8c9147.BTP_CI_CD_Deployment_CAPM-postgres-deployer#flowable-async-job-executor-thread-20403#
[PollExecuteTaskStatusExecution] c49c6f4e-6a21-4cf0-9f92-c125a8dc9d83 [2026-04-13T19:07:24.792224] 'A1UdDgQWBBTGXmqBWN/1tkSea4pNw0oHrjk2UDAOBgNVHQ8BAf8EBAMCAYYwCgYI\n' + (STDOUT, APP/TASK/deploy-to-postgresql)#
#2026 04 13 19:07:45.178#Z#DEBUG#be2d3d37-376b-11f1-938a-eeee0a8c9147.BTP_CI_CD_Deployment_CAPM-postgres-deployer#flowable-async-job-executor-thread-20403#
[PollExecuteTaskStatusExecution] c49c6f4e-6a21-4cf0-9f92-c125a8dc9d83 [2026-04-13T19:07:24.792228] 'KoZIzj0EAwMDaAAwZQIxAIqqZWCSrIkZ7zsv/FygtAusW6yvlL935YAWYPVXU30m\n' + (STDOUT, APP/TASK/deploy-to-postgresql)#
#2026 04 13 19:07:45.178#Z#DEBUG#be2d3d37-376b-11f1-938a-eeee0a8c9147.BTP_CI_CD_Deployment_CAPM-postgres-deployer#flowable-async-job-executor-thread-20403#
[PollExecuteTaskStatusExecution] c49c6f4e-6a21-4cf0-9f92-c125a8dc9d83 [2026-04-13T19:07:24.792230] 'jkMFLM+/RJ9GMvnO8jHfCgIwB+whlkcItzE9CRQ6CsMo/d5cEHDUu/QW6jSIh9BR\n' + (STDOUT, APP/TASK/deploy-to-postgresql)#
#2026 04 13 19:07:45.178#Z#DEBUG#be2d3d37-376b-11f1-938a-eeee0a8c9147.BTP_CI_CD_Deployment_CAPM-postgres-deployer#flowable-async-job-executor-thread-20403#
[PollExecuteTaskStatusExecution] c49c6f4e-6a21-4cf0-9f92-c125a8dc9d83 [2026-04-13T19:07:24.792232] 'OGh9pTYPVkUbBiKPA7lVVhre\n' + (STDOUT, APP/TASK/deploy-to-postgresql)#
#2026 04 13 19:07:45.178#Z#DEBUG#be2d3d37-376b-11f1-938a-eeee0a8c9147.BTP_CI_CD_Deployment_CAPM-postgres-deployer#flowable-async-job-executor-thread-20403#
[PollExecuteTaskStatusExecution] c49c6f4e-6a21-4cf0-9f92-c125a8dc9d83 [2026-04-13T19:07:24.792233] '-----END CERTIFICATE-----\n' (STDOUT, APP/TASK/deploy-to-postgresql)#
#2026 04 13 19:07:45.178#Z#DEBUG#be2d3d37-376b-11f1-938a-eeee0a8c9147.BTP_CI_CD_Deployment_CAPM-postgres-deployer#flowable-async-job-executor-thread-20403#
[PollExecuteTaskStatusExecution] c49c6f4e-6a21-4cf0-9f92-c125a8dc9d83 [2026-04-13T19:07:24.792235] } (STDOUT, APP/TASK/deploy-to-postgresql)#
#2026 04 13 19:07:45.178#Z#DEBUG#be2d3d37-376b-11f1-938a-eeee0a8c9147.BTP_CI_CD_Deployment_CAPM-postgres-deployer#flowable-async-job-executor-thread-20403#
[PollExecuteTaskStatusExecution] c49c6f4e-6a21-4cf0-9f92-c125a8dc9d83 [2026-04-13T19:07:24.792237] } {} (STDOUT, APP/TASK/deploy-to-postgresql)#
#2026 04 13 19:07:45.178#Z#DEBUG#be2d3d37-376b-11f1-938a-eeee0a8c9147.BTP_CI_CD_Deployment_CAPM-postgres-deployer#flowable-async-job-executor-thread-20403#
[PollExecuteTaskStatusExecution] c49c6f4e-6a21-4cf0-9f92-c125a8dc9d83 [2026-04-13T19:07:25.267850] /> deployment to postgres-ba329acb-cb7e-475c-b74a-6a3daa78372b.cqryblsdrbcs.us-east-1.rds.amazonaws.com:6137 failed (STDOUT, APP/TASK/deploy-to-postgresql)#
#2026 04 13 19:07:45.178#Z#DEBUG#be2d3d37-376b-11f1-938a-eeee0a8c9147.BTP_CI_CD_Deployment_CAPM-postgres-deployer#flowable-async-job-executor-thread-20403#
[PollExecuteTaskStatusExecution] c49c6f4e-6a21-4cf0-9f92-c125a8dc9d83 [2026-04-13T19:07:25.268809] Error: CDS compilation failed (@sap/cds-compiler v6.8.0) (STDERR, APP/TASK/deploy-to-postgresql)#
#2026 04 13 19:07:45.178#Z#DEBUG#be2d3d37-376b-11f1-938a-eeee0a8c9147.BTP_CI_CD_Deployment_CAPM-postgres-deployer#flowable-async-job-executor-thread-20403#
[PollExecuteTaskStatusExecution] c49c6f4e-6a21-4cf0-9f92-c125a8dc9d83 [2026-04-13T19:07:25.268831] db/csn.json:4: Error: Dropping elements is not supported (in entity:“com.sap.GitDeployment.Project”/element:“projectName”) (STDERR, APP/TASK/deploy-to-postgresql)#
#2026 04 13 19:07:45.178#Z#DEBUG#be2d3d37-376b-11f1-938a-eeee0a8c9147.BTP_CI_CD_Deployment_CAPM-postgres-deployer#flowable-async-job-executor-thread-20403#
[PollExecuteTaskStatusExecution] c49c6f4e-6a21-4cf0-9f92-c125a8dc9d83 [2026-04-13T19:07:25.268839] at throwWithAnyError (/home/vcap/app/node_modules/@sap/cds-compiler/lib/base/messages.js:587:13) (STDERR, APP/TASK/deploy-to-postgresql)#
#2026 04 13 19:07:45.178#Z#DEBUG#be2d3d37-376b-11f1-938a-eeee0a8c9147.BTP_CI_CD_Deployment_CAPM-postgres-deployer#flowable-async-job-executor-thread-20403#
[PollExecuteTaskStatusExecution] c49c6f4e-6a21-4cf0-9f92-c125a8dc9d83 [2026-04-13T19:07:25.268847] at Proxy.toSqlDdl (/home/vcap/app/node_modules/@sap/cds-compiler/lib/render/toSql.js:311:3) (STDERR, APP/TASK/deploy-to-postgresql)#
#2026 04 13 19:07:45.178#Z#DEBUG#be2d3d37-376b-11f1-938a-eeee0a8c9147.BTP_CI_CD_Deployment_CAPM-postgres-deployer#flowable-async-job-executor-thread-20403#
[PollExecuteTaskStatusExecution] c49c6f4e-6a21-4cf0-9f92-c125a8dc9d83 [2026-04-13T19:07:25.268849] at sqlMigration (/home/vcap/app/node_modules/@sap/cds-compiler/lib/api/main.js:599:13) (STDERR, APP/TASK/deploy-to-postgresql)#
#2026 04 13 19:07:45.178#Z#DEBUG#be2d3d37-376b-11f1-938a-eeee0a8c9147.BTP_CI_CD_Deployment_CAPM-postgres-deployer#flowable-async-job-executor-thread-20403#
[PollExecuteTaskStatusExecution] c49c6f4e-6a21-4cf0-9f92-c125a8dc9d83 [2026-04-13T19:07:25.268852] at Function.api [as migration] (/home/vcap/app/node_modules/@sap/cds-compiler/lib/api/main.js:1178:22) (STDERR, APP/TASK/deploy-to-postgresql)#
#2026 04 13 19:07:45.178#Z#DEBUG#be2d3d37-376b-11f1-938a-eeee0a8c9147.BTP_CI_CD_Deployment_CAPM-postgres-deployer#flowable-async-job-executor-thread-20403#
[PollExecuteTaskStatusExecution] c49c6f4e-6a21-4cf0-9f92-c125a8dc9d83 [2026-04-13T19:07:25.268854] at Function.migration (/home/vcap/app/node_modules/@sap/cds-compiler/lib/main.js:147:41) (STDERR, APP/TASK/deploy-to-postgresql)#
#2026 04 13 19:07:45.178#Z#DEBUG#be2d3d37-376b-11f1-938a-eeee0a8c9147.BTP_CI_CD_Deployment_CAPM-postgres-deployer#flowable-async-job-executor-thread-20403#
[PollExecuteTaskStatusExecution] c49c6f4e-6a21-4cf0-9f92-c125a8dc9d83 [2026-04-13T19:07:25.268856] at Object.deltaSql (/home/vcap/app/node_modules/@sap/cds/lib/compile/cdsc.js:165:53) (STDERR, APP/TASK/deploy-to-postgresql)#
#2026 04 13 19:07:45.178#Z#DEBUG#be2d3d37-376b-11f1-938a-eeee0a8c9147.BTP_CI_CD_Deployment_CAPM-postgres-deployer#flowable-async-job-executor-thread-20403#
[PollExecuteTaskStatusExecution] c49c6f4e-6a21-4cf0-9f92-c125a8dc9d83 [2026-04-13T19:07:25.268859] at /home/vcap/app/node_modules/@sap/cds/lib/compile/to/sql.js:38:61 (STDERR, APP/TASK/deploy-to-postgresql)#
#2026 04 13 19:07:45.178#Z#DEBUG#be2d3d37-376b-11f1-938a-eeee0a8c9147.BTP_CI_CD_Deployment_CAPM-postgres-deployer#flowable-async-job-executor-thread-20403#
[PollExecuteTaskStatusExecution] c49c6f4e-6a21-4cf0-9f92-c125a8dc9d83 [2026-04-13T19:07:25.268861] at next (/home/vcap/app/node_modules/@sap/cds/lib/compile/to/sql.js:44:4) (STDERR, APP/TASK/deploy-to-postgresql)#
#2026 04 13 19:07:45.178#Z#DEBUG#be2d3d37-376b-11f1-938a-eeee0a8c9147.BTP_CI_CD_Deployment_CAPM-postgres-deployer#flowable-async-job-executor-thread-20403#
[PollExecuteTaskStatusExecution] c49c6f4e-6a21-4cf0-9f92-c125a8dc9d83 [2026-04-13T19:07:25.268867] at Function.cds_compile_to_deltaSql [as delta] (/home/vcap/app/node_modules/@sap/cds/lib/compile/to/sql.js:46:21) (STDERR, APP/TASK/deploy-to-postgresql)#
#2026 04 13 19:07:45.178#Z#DEBUG#be2d3d37-376b-11f1-938a-eeee0a8c9147.BTP_CI_CD_Deployment_CAPM-postgres-deployer#flowable-async-job-executor-thread-20403#
[PollExecuteTaskStatusExecution] c49c6f4e-6a21-4cf0-9f92-c125a8dc9d83 [2026-04-13T19:07:25.268872] at deploy.schema (/home/vcap/app/node_modules/@sap/cds/lib/dbs/cds-deploy.js:75:75) (STDERR, APP/TASK/deploy-to-postgresql)#
#2026 04 13 19:07:45.178#Z#DEBUG#be2d3d37-376b-11f1-938a-eeee0a8c9147.BTP_CI_CD_Deployment_CAPM-postgres-deployer#flowable-async-job-executor-thread-20403#
[PollExecuteTaskStatusExecution] c49c6f4e-6a21-4cf0-9f92-c125a8dc9d83 [2026-04-13T19:07:25.305654] npm notice (STDERR, APP/TASK/deploy-to-postgresql)#
#2026 04 13 19:07:45.178#Z#DEBUG#be2d3d37-376b-11f1-938a-eeee0a8c9147.BTP_CI_CD_Deployment_CAPM-postgres-deployer#flowable-async-job-executor-thread-20403#
[PollExecuteTaskStatusExecution] c49c6f4e-6a21-4cf0-9f92-c125a8dc9d83 [2026-04-13T19:07:25.305685] npm notice New major version of npm available! 10.9.4 -> 11.12.1 (STDERR, APP/TASK/deploy-to-postgresql)#
#2026 04 13 19:07:45.178#Z#DEBUG#be2d3d37-376b-11f1-938a-eeee0a8c9147.BTP_CI_CD_Deployment_CAPM-postgres-deployer#flowable-async-job-executor-thread-20403#
[PollExecuteTaskStatusExecution] c49c6f4e-6a21-4cf0-9f92-c125a8dc9d83 [2026-04-13T19:07:25.305691] npm notice Changelog: https://github.com/npm/cli/releases/tag/v11.12.1 (STDERR, APP/TASK/deploy-to-postgresql)#
#2026 04 13 19:07:45.178#Z#DEBUG#be2d3d37-376b-11f1-938a-eeee0a8c9147.BTP_CI_CD_Deployment_CAPM-postgres-deployer#flowable-async-job-executor-thread-20403#
[PollExecuteTaskStatusExecution] c49c6f4e-6a21-4cf0-9f92-c125a8dc9d83 [2026-04-13T19:07:25.305696] npm notice To update run: npm install -g npm@11.12.1 (STDERR, APP/TASK/deploy-to-postgresql)#
#2026 04 13 19:07:45.178#Z#DEBUG#be2d3d37-376b-11f1-938a-eeee0a8c9147.BTP_CI_CD_Deployment_CAPM-postgres-deployer#flowable-async-job-executor-thread-20403#
[PollExecuteTaskStatusExecution] c49c6f4e-6a21-4cf0-9f92-c125a8dc9d83 [2026-04-13T19:07:25.305699] npm notice (STDERR, APP/TASK/deploy-to-postgresql)#
#2026 04 13 19:07:45.178#Z#DEBUG#be2d3d37-376b-11f1-938a-eeee0a8c9147.BTP_CI_CD_Deployment_CAPM-postgres-deployer#flowable-async-job-executor-thread-20403#
[PollExecuteTaskStatusExecution] c49c6f4e-6a21-4cf0-9f92-c125a8dc9d83 [2026-04-13T19:07:25.386403] Exit status 1 (STDOUT, APP/TASK/deploy-to-postgresql)#
#2026 04 13 19:07:45.178#Z#DEBUG#be2d3d37-376b-11f1-938a-eeee0a8c9147.BTP_CI_CD_Deployment_CAPM-postgres-deployer#flowable-async-job-executor-thread-20403#
[PollExecuteTaskStatusExecution] c49c6f4e-6a21-4cf0-9f92-c125a8dc9d83 [2026-04-13T19:07:26.163468] Cell 77283d80-dfa7-40ba-ba4e-265aef112085 stopping instance edf39563-0ed8-426b-a517-9dc0197449d3 (STDOUT, CELL)#
#2026 04 13 19:07:45.178#Z#DEBUG#be2d3d37-376b-11f1-938a-eeee0a8c9147.BTP_CI_CD_Deployment_CAPM-postgres-deployer#flowable-async-job-executor-thread-20403#
[PollExecuteTaskStatusExecution] c49c6f4e-6a21-4cf0-9f92-c125a8dc9d83 [2026-04-13T19:07:26.163502] Cell 77283d80-dfa7-40ba-ba4e-265aef112085 destroying container for instance edf39563-0ed8-426b-a517-9dc0197449d3 (STDOUT, CELL)#
#2026 04 13 19:07:45.178#Z#DEBUG#be2d3d37-376b-11f1-938a-eeee0a8c9147.BTP_CI_CD_Deployment_CAPM-postgres-deployer#flowable-async-job-executor-thread-20403#
[PollExecuteTaskStatusExecution] c49c6f4e-6a21-4cf0-9f92-c125a8dc9d83 [2026-04-13T19:07:29.031027] Cell 77283d80-dfa7-40ba-ba4e-265aef112085 successfully destroyed container for instance edf39563-0ed8-426b-a517-9dc0197449d3 (STDOUT, CELL)#
#2026 04 13 19:07:45.178#Z#DEBUG#be2d3d37-376b-11f1-938a-eeee0a8c9147.BTP_CI_CD_Deployment_CAPM-postgres-deployer#flowable-async-job-executor-thread-20403#
[PollExecuteTaskStatusExecution] c49c6f4e-6a21-4cf0-9f92-c125a8dc9d83 [2026-04-13T19:07:36.578173] Cell c839c7b1-088e-41af-b9b7-66256aacd457 creating container for instance 9523588e-2bc4-426a-8dab-bd3c7436f810 (STDOUT, CELL)#
#2026 04 13 19:07:45.178#Z#DEBUG#be2d3d37-376b-11f1-938a-eeee0a8c9147.BTP_CI_CD_Deployment_CAPM-postgres-deployer#flowable-async-job-executor-thread-20403#
[PollExecuteTaskStatusExecution] c49c6f4e-6a21-4cf0-9f92-c125a8dc9d83 [2026-04-13T19:07:37.504146] Security group rules were updated (STDOUT, CELL)#
#2026 04 13 19:07:45.178#Z#DEBUG#be2d3d37-376b-11f1-938a-eeee0a8c9147.BTP_CI_CD_Deployment_CAPM-postgres-deployer#flowable-async-job-executor-thread-20403#
[PollExecuteTaskStatusExecution] c49c6f4e-6a21-4cf0-9f92-c125a8dc9d83 [2026-04-13T19:07:37.599225] Cell c839c7b1-088e-41af-b9b7-66256aacd457 successfully created container for instance 9523588e-2bc4-426a-8dab-bd3c7436f810 (STDOUT, CELL)#
#2026 04 13 19:07:45.178#Z#DEBUG#be2d3d37-376b-11f1-938a-eeee0a8c9147.BTP_CI_CD_Deployment_CAPM-postgres-deployer#flowable-async-job-executor-thread-20403#
[PollExecuteTaskStatusExecution] c49c6f4e-6a21-4cf0-9f92-c125a8dc9d83 [2026-04-13T19:07:43.023999] Invoking pre-start scripts. (STDOUT, APP/TASK/deploy-to-postgresql)#
#2026 04 13 19:07:45.178#Z#DEBUG#be2d3d37-376b-11f1-938a-eeee0a8c9147.BTP_CI_CD_Deployment_CAPM-postgres-deployer#flowable-async-job-executor-thread-20403#
[PollExecuteTaskStatusExecution] c49c6f4e-6a21-4cf0-9f92-c125a8dc9d83 [2026-04-13T19:07:43.249398] Invoking start command. (STDOUT, APP/TASK/deploy-to-postgresql)#
#2026 04 13 19:07:45.178#Z#DEBUG#be2d3d37-376b-11f1-938a-eeee0a8c9147.BTP_CI_CD_Deployment_CAPM-postgres-deployer#flowable-async-job-executor-thread-20403#
[PollExecuteTaskStatusExecution] c49c6f4e-6a21-4cf0-9f92-c125a8dc9d83 [2026-04-13T19:07:43.760519] > start (STDOUT, APP/TASK/deploy-to-postgresql)#
#2026 04 13 19:07:45.178#Z#DEBUG#be2d3d37-376b-11f1-938a-eeee0a8c9147.BTP_CI_CD_Deployment_CAPM-postgres-deployer#flowable-async-job-executor-thread-20403#
[PollExecuteTaskStatusExecution] c49c6f4e-6a21-4cf0-9f92-c125a8dc9d83 [2026-04-13T19:07:43.760551] > cds-deploy (STDOUT, APP/TASK/deploy-to-postgresql)#
#2026 04 13 19:07:45.178#Z#DEBUG#be2d3d37-376b-11f1-938a-eeee0a8c9147.BTP_CI_CD_Deployment_CAPM-postgres-deployer#flowable-async-job-executor-thread-20403#
[PollExecuteTaskStatusExecution] c49c6f4e-6a21-4cf0-9f92-c125a8dc9d83 [2026-04-13T19:07:43.858351] Deploying with options: { (STDOUT, APP/TASK/deploy-to-postgresql)#
#2026 04 13 19:07:45.178#Z#DEBUG#be2d3d37-376b-11f1-938a-eeee0a8c9147.BTP_CI_CD_Deployment_CAPM-postgres-deployer#flowable-async-job-executor-thread-20403#
[PollExecuteTaskStatusExecution] c49c6f4e-6a21-4cf0-9f92-c125a8dc9d83 [2026-04-13T19:07:43.858399] impl: '@cap-js/postgres', (STDOUT, APP/TASK/deploy-to-postgresql)#
#2026 04 13 19:07:45.178#Z#DEBUG#be2d3d37-376b-11f1-938a-eeee0a8c9147.BTP_CI_CD_Deployment_CAPM-postgres-deployer#flowable-async-job-executor-thread-20403#
[PollExecuteTaskStatusExecution] c49c6f4e-6a21-4cf0-9f92-c125a8dc9d83 [2026-04-13T19:07:43.858406] kind: 'postgres', (STDOUT, APP/TASK/deploy-to-postgresql)#
#2026 04 13 19:07:45.178#Z#DEBUG#be2d3d37-376b-11f1-938a-eeee0a8c9147.BTP_CI_CD_Deployment_CAPM-postgres-deployer#flowable-async-job-executor-thread-20403#
[PollExecuteTaskStatusExecution] c49c6f4e-6a21-4cf0-9f92-c125a8dc9d83 [2026-04-13T19:07:43.858408] dialect: 'postgres', (STDOUT, APP/TASK/deploy-to-postgresql)#
#2026 04 13 19:07:45.178#Z#DEBUG#be2d3d37-376b-11f1-938a-eeee0a8c9147.BTP_CI_CD_Deployment_CAPM-postgres-deployer#flowable-async-job-executor-thread-20403#
[PollExecuteTaskStatusExecution] c49c6f4e-6a21-4cf0-9f92-c125a8dc9d83 [2026-04-13T19:07:43.858415] vcap: { label: 'postgresql-db' }, (STDOUT, APP/TASK/deploy-to-postgresql)#
#2026 04 13 19:07:45.178#Z#DEBUG#be2d3d37-376b-11f1-938a-eeee0a8c9147.BTP_CI_CD_Deployment_CAPM-postgres-deployer#flowable-async-job-executor-thread-20403#
[PollExecuteTaskStatusExecution] c49c6f4e-6a21-4cf0-9f92-c125a8dc9d83 [2026-04-13T19:07:43.858420] pool: { (STDOUT, APP/TASK/deploy-to-postgresql)#
#2026 04 13 19:07:45.178#Z#DEBUG#be2d3d37-376b-11f1-938a-eeee0a8c9147.BTP_CI_CD_Deployment_CAPM-postgres-deployer#flowable-async-job-executor-thread-20403#
[PollExecuteTaskStatusExecution] c49c6f4e-6a21-4cf0-9f92-c125a8dc9d83 [2026-04-13T19:07:43.858422] min: 0, (STDOUT, APP/TASK/deploy-to-postgresql)#
#2026 04 13 19:07:45.178#Z#DEBUG#be2d3d37-376b-11f1-938a-eeee0a8c9147.BTP_CI_CD_Deployment_CAPM-postgres-deployer#flowable-async-job-executor-thread-20403#
[PollExecuteTaskStatusExecution] c49c6f4e-6a21-4cf0-9f92-c125a8dc9d83 [2026-04-13T19:07:43.858424] max: 10, (STDOUT, APP/TASK/deploy-to-postgresql)#
#2026 04 13 19:07:45.178#Z#DEBUG#be2d3d37-376b-11f1-938a-eeee0a8c9147.BTP_CI_CD_Deployment_CAPM-postgres-deployer#flowable-async-job-executor-thread-20403#
[PollExecuteTaskStatusExecution] c49c6f4e-6a21-4cf0-9f92-c125a8dc9d83 [2026-04-13T19:07:43.858429] testOnBorrow: true, (STDOUT, APP/TASK/deploy-to-postgresql)#
#2026 04 13 19:07:45.178#Z#DEBUG#be2d3d37-376b-11f1-938a-eeee0a8c9147.BTP_CI_CD_Deployment_CAPM-postgres-deployer#flowable-async-job-executor-thread-20403#
[PollExecuteTaskStatusExecution] c49c6f4e-6a21-4cf0-9f92-c125a8dc9d83 [2026-04-13T19:07:43.858431] acquireTimeoutMillis: 1000, (STDOUT, APP/TASK/deploy-to-postgresql)#
#2026 04 13 19:07:45.178#Z#DEBUG#be2d3d37-376b-11f1-938a-eeee0a8c9147.BTP_CI_CD_Deployment_CAPM-postgres-deployer#flowable-async-job-executor-thread-20403#
[PollExecuteTaskStatusExecution] c49c6f4e-6a21-4cf0-9f92-c125a8dc9d83 [2026-04-13T19:07:43.858434] destroyTimeoutMillis: 1000 (STDOUT, APP/TASK/deploy-to-postgresql)#
#2026 04 13 19:07:45.178#Z#DEBUG#be2d3d37-376b-11f1-938a-eeee0a8c9147.BTP_CI_CD_Deployment_CAPM-postgres-deployer#flowable-async-job-executor-thread-20403#
[PollExecuteTaskStatusExecution] c49c6f4e-6a21-4cf0-9f92-c125a8dc9d83 [2026-04-13T19:07:43.858436] }, (STDOUT, APP/TASK/deploy-to-postgresql)#
#2026 04 13 19:07:45.178#Z#DEBUG#be2d3d37-376b-11f1-938a-eeee0a8c9147.BTP_CI_CD_Deployment_CAPM-postgres-deployer#flowable-async-job-executor-thread-20403#
[PollExecuteTaskStatusExecution] c49c6f4e-6a21-4cf0-9f92-c125a8dc9d83 [2026-04-13T19:07:43.858438] schema_evolution: 'auto', (STDOUT, APP/TASK/deploy-to-postgresql)#
#2026 04 13 19:07:45.178#Z#DEBUG#be2d3d37-376b-11f1-938a-eeee0a8c9147.BTP_CI_CD_Deployment_CAPM-postgres-deployer#flowable-async-job-executor-thread-20403#
[PollExecuteTaskStatusExecution] c49c6f4e-6a21-4cf0-9f92-c125a8dc9d83 [2026-04-13T19:07:43.858440] credentials: { (STDOUT, APP/TASK/deploy-to-postgresql)#
#2026 04 13 19:07:45.178#Z#DEBUG#be2d3d37-376b-11f1-938a-eeee0a8c9147.BTP_CI_CD_Deployment_CAPM-postgres-deployer#flowable-async-job-executor-thread-20403#
[PollExecuteTaskStatusExecution] c49c6f4e-6a21-4cf0-9f92-c125a8dc9d83 [2026-04-13T19:07:43.858442] username: '36c89beec156', (STDOUT, APP/TASK/deploy-to-postgresql)#
#2026 04 13 19:07:45.178#Z#DEBUG#be2d3d37-376b-11f1-938a-eeee0a8c9147.BTP_CI_CD_Deployment_CAPM-postgres-deployer#flowable-async-job-executor-thread-20403#
[PollExecuteTaskStatusExecution] c49c6f4e-6a21-4cf0-9f92-c125a8dc9d83 [2026-04-13T19:07:43.858446] password: '55e6938c7d414f3fb516545d23ad3', (STDOUT, APP/TASK/deploy-to-postgresql)#
#2026 04 13 19:07:45.178#Z#DEBUG#be2d3d37-376b-11f1-938a-eeee0a8c9147.BTP_CI_CD_Deployment_CAPM-postgres-deployer#flowable-async-job-executor-thread-20403#
[PollExecuteTaskStatusExecution] c49c6f4e-6a21-4cf0-9f92-c125a8dc9d83 [2026-04-13T19:07:43.858454] hostname: 'postgres-ba329acb-cb7e-475c-b74a-6a3daa78372b.cqryblsdrbcs.us-east-1.rds.amazonaws.com', (STDOUT, APP/TASK/deploy-to-postgresql)#
#2026 04 13 19:07:45.178#Z#DEBUG#be2d3d37-376b-11f1-938a-eeee0a8c9147.BTP_CI_CD_Deployment_CAPM-postgres-deployer#flowable-async-job-executor-thread-20403#
[PollExecuteTaskStatusExecution] c49c6f4e-6a21-4cf0-9f92-c125a8dc9d83 [2026-04-13T19:07:43.858456] dbname: 'BgEevKumUsMP', (STDOUT, APP/TASK/deploy-to-postgresql)#
#2026 04 13 19:07:45.178#Z#DEBUG#be2d3d37-376b-11f1-938a-eeee0a8c9147.BTP_CI_CD_Deployment_CAPM-postgres-deployer#flowable-async-job-executor-thread-20403#
[PollExecuteTaskStatusExecution] c49c6f4e-6a21-4cf0-9f92-c125a8dc9d83 [2026-04-13T19:07:43.858458] port: '6137', (STDOUT, APP/TASK/deploy-to-postgresql)#
#2026 04 13 19:07:45.178#Z#DEBUG#be2d3d37-376b-11f1-938a-eeee0a8c9147.BTP_CI_CD_Deployment_CAPM-postgres-deployer#flowable-async-job-executor-thread-20403#
[PollExecuteTaskStatusExecution] c49c6f4e-6a21-4cf0-9f92-c125a8dc9d83 [2026-04-13T19:07:43.858468] uri: 'postgres://36c89beec156:55e6938c7d414f3fb516545d23ad3@postgres-ba329acb-cb7e-475c-b74a-6a3daa78372b.cqryblsdrbcs.us-east-1.rds.amazonaws.com:6137/BgEevKumUsMP', (STDOUT, APP/TASK/deploy-to-postgresql)#
#2026 04 13 19:07:45.178#Z#DEBUG#be2d3d37-376b-11f1-938a-eeee0a8c9147.BTP_CI_CD_Deployment_CAPM-postgres-deployer#flowable-async-job-executor-thread-20403#
[PollExecuteTaskStatusExecution] c49c6f4e-6a21-4cf0-9f92-c125a8dc9d83 [2026-04-13T19:07:43.858471] urls: { (STDOUT, APP/TASK/deploy-to-postgresql)#
#2026 04 13 19:07:45.178#Z#DEBUG#be2d3d37-376b-11f1-938a-eeee0a8c9147.BTP_CI_CD_Deployment_CAPM-postgres-deployer#flowable-async-job-executor-thread-20403#
[PollExecuteTaskStatusExecution] c49c6f4e-6a21-4cf0-9f92-c125a8dc9d83 [2026-04-13T19:07:43.858475] api_server: 'https://api-backing-services.us10-001.data.services.cloud.sap' (STDOUT, APP/TASK/deploy-to-postgresql)#
#2026 04 13 19:07:45.178#Z#DEBUG#be2d3d37-376b-11f1-938a-eeee0a8c9147.BTP_CI_CD_Deployment_CAPM-postgres-deployer#flowable-async-job-executor-thread-20403#
[PollExecuteTaskStatusExecution] c49c6f4e-6a21-4cf0-9f92-c125a8dc9d83 [2026-04-13T19:07:43.858477] }, (STDOUT, APP/TASK/deploy-to-postgresql)#
#2026 04 13 19:07:45.178#Z#DEBUG#be2d3d37-376b-11f1-938a-eeee0a8c9147.BTP_CI_CD_Deployment_CAPM-postgres-deployer#flowable-async-job-executor-thread-20403#
[PollExecuteTaskStatusExecution] c49c6f4e-6a21-4cf0-9f92-c125a8dc9d83 [2026-04-13T19:07:43.858479] sslcert: '-----BEGIN CERTIFICATE-----\n' + (STDOUT, APP/TASK/deploy-to-postgresql)#
#2026 04 13 19:07:45.178#Z#DEBUG#be2d3d37-376b-11f1-938a-eeee0a8c9147.BTP_CI_CD_Deployment_CAPM-postgres-deployer#flowable-async-job-executor-thread-20403#
[PollExecuteTaskStatusExecution] c49c6f4e-6a21-4cf0-9f92-c125a8dc9d83 [2026-04-13T19:07:43.858486] 'MIID/zCCAuegAwIBAgIRAPVSMfFitmM5PhmbaOFoGfUwDQYJKoZIhvcNAQELBQAw\n' + (STDOUT, APP/TASK/deploy-to-postgresql)#
#2026 04 13 19:07:45.178#Z#DEBUG#be2d3d37-376b-11f1-938a-eeee0a8c9147.BTP_CI_CD_Deployment_CAPM-postgres-deployer#flowable-async-job-executor-thread-20403#
[PollExecuteTaskStatusExecution] c49c6f4e-6a21-4cf0-9f92-c125a8dc9d83 [2026-04-13T19:07:43.858488] 'gZcxCzAJBgNVBAYTAlVTMSIwIAYDVQQKDBlBbWF6b24gV2ViIFNlcnZpY2VzLCBJ\n' + (STDOUT, APP/TASK/deploy-to-postgresql)#
#2026 04 13 19:07:45.178#Z#DEBUG#be2d3d37-376b-11f1-938a-eeee0a8c9147.BTP_CI_CD_Deployment_CAPM-postgres-deployer#flowable-async-job-executor-thread-20403#
[PollExecuteTaskStatusExecution] c49c6f4e-6a21-4cf0-9f92-c125a8dc9d83 [2026-04-13T19:07:43.858493] 'bmMuMRMwEQYDVQQLDApBbWF6b24gUkRTMQswCQYDVQQIDAJXQTEwMC4GA1UEAwwn\n' + (STDOUT, APP/TASK/deploy-to-postgresql)#
#2026 04 13 19:07:45.178#Z#DEBUG#be2d3d37-376b-11f1-938a-eeee0a8c9147.BTP_CI_CD_Deployment_CAPM-postgres-deployer#flowable-async-job-executor-thread-20403#
[PollExecuteTaskStatusExecution] c49c6f4e-6a21-4cf0-9f92-c125a8dc9d83 [2026-04-13T19:07:43.858495] 'QW1hem9uIFJEUyB1cy1lYXN0LTEgUm9vdCBDQSBSU0EyMDQ4IEcxMRAwDgYDVQQH\n' + (STDOUT, APP/TASK/deploy-to-postgresql)#
#2026 04 13 19:07:45.178#Z#DEBUG#be2d3d37-376b-11f1-938a-eeee0a8c9147.BTP_CI_CD_Deployment_CAPM-postgres-deployer#flowable-async-job-executor-thread-20403#
[PollExecuteTaskStatusExecution] c49c6f4e-6a21-4cf0-9f92-c125a8dc9d83 [2026-04-13T19:07:43.858497] 'DAdTZWF0dGxlMCAXDTIxMDUyNTIyMzQ1N1oYDzIwNjEwNTI1MjMzNDU3WjCBlzEL\n' + (STDOUT, APP/TASK/deploy-to-postgresql)#
#2026 04 13 19:07:45.178#Z#DEBUG#be2d3d37-376b-11f1-938a-eeee0a8c9147.BTP_CI_CD_Deployment_CAPM-postgres-deployer#flowable-async-job-executor-thread-20403#
[PollExecuteTaskStatusExecution] c49c6f4e-6a21-4cf0-9f92-c125a8dc9d83 [2026-04-13T19:07:43.858499] 'MAkGA1UEBhMCVVMxIjAgBgNVBAoMGUFtYXpvbiBXZWIgU2VydmljZXMsIEluYy4x\n' + (STDOUT, APP/TASK/deploy-to-postgresql)#
#2026 04 13 19:07:45.178#Z#DEBUG#be2d3d37-376b-11f1-938a-eeee0a8c9147.BTP_CI_CD_Deployment_CAPM-postgres-deployer#flowable-async-job-executor-thread-20403#
[PollExecuteTaskStatusExecution] c49c6f4e-6a21-4cf0-9f92-c125a8dc9d83 [2026-04-13T19:07:43.858502] 'EzARBgNVBAsMCkFtYXpvbiBSRFMxCzAJBgNVBAgMAldBMTAwLgYDVQQDDCdBbWF6\n' + (STDOUT, APP/TASK/deploy-to-postgresql)#
#2026 04 13 19:07:45.178#Z#DEBUG#be2d3d37-376b-11f1-938a-eeee0a8c9147.BTP_CI_CD_Deployment_CAPM-postgres-deployer#flowable-async-job-executor-thread-20403#
[PollExecuteTaskStatusExecution] c49c6f4e-6a21-4cf0-9f92-c125a8dc9d83 [2026-04-13T19:07:43.858504] 'b24gUkRTIHVzLWVhc3QtMSBSb290IENBIFJTQTIwNDggRzExEDAOBgNVBAcMB1Nl\n' + (STDOUT, APP/TASK/deploy-to-postgresql)#
#2026 04 13 19:07:45.178#Z#DEBUG#be2d3d37-376b-11f1-938a-eeee0a8c9147.BTP_CI_CD_Deployment_CAPM-postgres-deployer#flowable-async-job-executor-thread-20403#
[PollExecuteTaskStatusExecution] c49c6f4e-6a21-4cf0-9f92-c125a8dc9d83 [2026-04-13T19:07:43.858506] 'YXR0bGUwggEiMA0GCSqGSIb3DQEBAQUAA4IBDwAwggEKAoIBAQDu9H7TBeGoDzMr\n' + (STDOUT, APP/TASK/deploy-to-postgresql)#
#2026 04 13 19:07:45.178#Z#DEBUG#be2d3d37-376b-11f1-938a-eeee0a8c9147.BTP_CI_CD_Deployment_CAPM-postgres-deployer#flowable-async-job-executor-thread-20403#
[PollExecuteTaskStatusExecution] c49c6f4e-6a21-4cf0-9f92-c125a8dc9d83 [2026-04-13T19:07:43.858509] 'dxN6H8COntJX4IR6dbyhnj5qMD4xl/IWvp50lt0VpmMd+z2PNZzx8RazeGC5IniV\n' + (STDOUT, APP/TASK/deploy-to-postgresql)#
#2026 04 13 19:07:45.178#Z#DEBUG#be2d3d37-376b-11f1-938a-eeee0a8c9147.BTP_CI_CD_Deployment_CAPM-postgres-deployer#flowable-async-job-executor-thread-20403#
[PollExecuteTaskStatusExecution] c49c6f4e-6a21-4cf0-9f92-c125a8dc9d83 [2026-04-13T19:07:43.858511] '5nrLg0AKWRQ2A/lGGXbUrGXCSe09brMQCxWBSIYe1WZZ1iU1IJ/6Bp4D2YEHpXrW\n' + (STDOUT, APP/TASK/deploy-to-postgresql)#
#2026 04 13 19:07:45.178#Z#DEBUG#be2d3d37-376b-11f1-938a-eeee0a8c9147.BTP_CI_CD_Deployment_CAPM-postgres-deployer#flowable-async-job-executor-thread-20403#
[PollExecuteTaskStatusExecution] c49c6f4e-6a21-4cf0-9f92-c125a8dc9d83 [2026-04-13T19:07:43.858514] 'bPkOq5x3YPcsoitgm1Xh8ygz6vb7PsvJvPbvRMnkDg5IqEThapPjmKb8ZJWyEFEE\n' + (STDOUT, APP/TASK/deploy-to-postgresql)#
#2026 04 13 19:07:45.178#Z#DEBUG#be2d3d37-376b-11f1-938a-eeee0a8c9147.BTP_CI_CD_Deployment_CAPM-postgres-deployer#flowable-async-job-executor-thread-20403#
[PollExecuteTaskStatusExecution] c49c6f4e-6a21-4cf0-9f92-c125a8dc9d83 [2026-04-13T19:07:43.858516] 'QRrkCIRueB1EqQtJw0fvP4PKDlCJAKBEs/y049FoOqYpT3pRy0WKqPhWve+hScMd\n' + (STDOUT, APP/TASK/deploy-to-postgresql)#
#2026 04 13 19:07:45.178#Z#DEBUG#be2d3d37-376b-11f1-938a-eeee0a8c9147.BTP_CI_CD_Deployment_CAPM-postgres-deployer#flowable-async-job-executor-thread-20403#
[PollExecuteTaskStatusExecution] c49c6f4e-6a21-4cf0-9f92-c125a8dc9d83 [2026-04-13T19:07:43.858522] '6obq8kxTFy1IHACjHc51nrGII5Bt76/MpTWhnJIJrCnq1/Uc3Qs8IVeb+sLaFC8K\n' + (STDOUT, APP/TASK/deploy-to-postgresql)#
#2026 04 13 19:07:45.178#Z#DEBUG#be2d3d37-376b-11f1-938a-eeee0a8c9147.BTP_CI_CD_Deployment_CAPM-postgres-deployer#flowable-async-job-executor-thread-20403#
[PollExecuteTaskStatusExecution] c49c6f4e-6a21-4cf0-9f92-c125a8dc9d83 [2026-04-13T19:07:43.858524] 'DI69Sw6bAgMBAAGjQjBAMA8GA1UdEwEB/wQFMAMBAf8wHQYDVR0OBBYEFE7PCopt\n' + (STDOUT, APP/TASK/deploy-to-postgresql)#
#2026 04 13 19:07:45.178#Z#DEBUG#be2d3d37-376b-11f1-938a-eeee0a8c9147.BTP_CI_CD_Deployment_CAPM-postgres-deployer#flowable-async-job-executor-thread-20403#
[PollExecuteTaskStatusExecution] c49c6f4e-6a21-4cf0-9f92-c125a8dc9d83 [2026-04-13T19:07:43.858526] 'lyOgtXX0Y1lObBUxuKaCMA4GA1UdDwEB/wQEAwIBhjANBgkqhkiG9w0BAQsFAAOC\n' + (STDOUT, APP/TASK/deploy-to-postgresql)#
#2026 04 13 19:07:45.178#Z#DEBUG#be2d3d37-376b-11f1-938a-eeee0a8c9147.BTP_CI_CD_Deployment_CAPM-postgres-deployer#flowable-async-job-executor-thread-20403#
[PollExecuteTaskStatusExecution] c49c6f4e-6a21-4cf0-9f92-c125a8dc9d83 [2026-04-13T19:07:43.858531] 'AQEAFj+bX8gLmMNefr5jRJfHjrL3iuZCjf7YEZgn89pS4z8408mjj9z6Q5D1H7yS\n' + (STDOUT, APP/TASK/deploy-to-postgresql)#
#2026 04 13 19:07:45.179#Z#DEBUG#be2d3d37-376b-11f1-938a-eeee0a8c9147.BTP_CI_CD_Deployment_CAPM-postgres-deployer#flowable-async-job-executor-thread-20403#
[PollExecuteTaskStatusExecution] c49c6f4e-6a21-4cf0-9f92-c125a8dc9d83 [2026-04-13T19:07:43.858533] 'jNETVV8QaJip1qyhh5gRzRaArgGAYvi2/r0zPsy+Tgf7v1KGL5Lh8NT8iCEGGXwF\n' + (STDOUT, APP/TASK/deploy-to-postgresql)#
#2026 04 13 19:07:45.179#Z#DEBUG#be2d3d37-376b-11f1-938a-eeee0a8c9147.BTP_CI_CD_Deployment_CAPM-postgres-deployer#flowable-async-job-executor-thread-20403#
[PollExecuteTaskStatusExecution] c49c6f4e-6a21-4cf0-9f92-c125a8dc9d83 [2026-04-13T19:07:43.858539] 'g3Ir+Nl3e+9XUp0eyyzBIjHtjLBm6yy8rGk9p6OtFDQnKF5OxwbAgip42CD75r/q\n' + (STDOUT, APP/TASK/deploy-to-postgresql)#
#2026 04 13 19:07:45.179#Z#DEBUG#be2d3d37-376b-11f1-938a-eeee0a8c9147.BTP_CI_CD_Deployment_CAPM-postgres-deployer#flowable-async-job-executor-thread-20403#
[PollExecuteTaskStatusExecution] c49c6f4e-6a21-4cf0-9f92-c125a8dc9d83 [2026-04-13T19:07:43.858541] 'p421maEDDvvRFR4D+99JZxgAYDBGqRRceUoe16qDzbMvlz0A9paCZFclxeftAxv6\n' + (STDOUT, APP/TASK/deploy-to-postgresql)#
#2026 04 13 19:07:45.179#Z#DEBUG#be2d3d37-376b-11f1-938a-eeee0a8c9147.BTP_CI_CD_Deployment_CAPM-postgres-deployer#flowable-async-job-executor-thread-20403#
[PollExecuteTaskStatusExecution] c49c6f4e-6a21-4cf0-9f92-c125a8dc9d83 [2026-04-13T19:07:43.858547] 'QlR5rItMz/XdzpBJUpYhdzM0gCzAzdQuVO5tjJxmXhkSMcDP+8Q+Uv6FA9k2VpUV\n' + (STDOUT, APP/TASK/deploy-to-postgresql)#
#2026 04 13 19:07:45.179#Z#DEBUG#be2d3d37-376b-11f1-938a-eeee0a8c9147.BTP_CI_CD_Deployment_CAPM-postgres-deployer#flowable-async-job-executor-thread-20403#
[PollExecuteTaskStatusExecution] c49c6f4e-6a21-4cf0-9f92-c125a8dc9d83 [2026-04-13T19:07:43.858551] 'E/O5jgpqUJJ2Hc/5rs9VkAPXeA==\n' + (STDOUT, APP/TASK/deploy-to-postgresql)#
#2026 04 13 19:07:45.179#Z#DEBUG#be2d3d37-376b-11f1-938a-eeee0a8c9147.BTP_CI_CD_Deployment_CAPM-postgres-deployer#flowable-async-job-executor-thread-20403#
[PollExecuteTaskStatusExecution] c49c6f4e-6a21-4cf0-9f92-c125a8dc9d83 [2026-04-13T19:07:43.858553] '-----END CERTIFICATE-----\n' + (STDOUT, APP/TASK/deploy-to-postgresql)#
#2026 04 13 19:07:45.179#Z#DEBUG#be2d3d37-376b-11f1-938a-eeee0a8c9147.BTP_CI_CD_Deployment_CAPM-postgres-deployer#flowable-async-job-executor-thread-20403#
[PollExecuteTaskStatusExecution] c49c6f4e-6a21-4cf0-9f92-c125a8dc9d83 [2026-04-13T19:07:43.858556] '-----BEGIN CERTIFICATE-----\n' + (STDOUT, APP/TASK/deploy-to-postgresql)#
#2026 04 13 19:07:45.179#Z#DEBUG#be2d3d37-376b-11f1-938a-eeee0a8c9147.BTP_CI_CD_Deployment_CAPM-postgres-deployer#flowable-async-job-executor-thread-20403#
[PollExecuteTaskStatusExecution] c49c6f4e-6a21-4cf0-9f92-c125a8dc9d83 [2026-04-13T19:07:43.858561] 'MIIF/jCCA+agAwIBAgIQaRHaEqqacXN20e8zZJtmDDANBgkqhkiG9w0BAQwFADCB\n' + (STDOUT, APP/TASK/deploy-to-postgresql)#
#2026 04 13 19:07:45.179#Z#DEBUG#be2d3d37-376b-11f1-938a-eeee0a8c9147.BTP_CI_CD_Deployment_CAPM-postgres-deployer#flowable-async-job-executor-thread-20403#
[PollExecuteTaskStatusExecution] c49c6f4e-6a21-4cf0-9f92-c125a8dc9d83 [2026-04-13T19:07:43.858563] 'lzELMAkGA1UEBhMCVVMxIjAgBgNVBAoMGUFtYXpvbiBXZWIgU2VydmljZXMsIElu\n' + (STDOUT, APP/TASK/deploy-to-postgresql)#
#2026 04 13 19:07:45.179#Z#DEBUG#be2d3d37-376b-11f1-938a-eeee0a8c9147.BTP_CI_CD_Deployment_CAPM-postgres-deployer#flowable-async-job-executor-thread-20403#
[PollExecuteTaskStatusExecution] c49c6f4e-6a21-4cf0-9f92-c125a8dc9d83 [2026-04-13T19:07:43.858565] 'Yy4xEzARBgNVBAsMCkFtYXpvbiBSRFMxCzAJBgNVBAgMAldBMTAwLgYDVQQDDCdB\n' + (STDOUT, APP/TASK/deploy-to-postgresql)#
#2026 04 13 19:07:45.180#Z#DEBUG#be2d3d37-376b-11f1-938a-eeee0a8c9147.BTP_CI_CD_Deployment_CAPM-postgres-deployer#flowable-async-job-executor-thread-20403#
[PollExecuteTaskStatusExecution] c49c6f4e-6a21-4cf0-9f92-c125a8dc9d83 [2026-04-13T19:07:43.858569] 'bWF6b24gUkRTIHVzLWVhc3QtMSBSb290IENBIFJTQTQwOTYgRzExEDAOBgNVBAcM\n' + (STDOUT, APP/TASK/deploy-to-postgresql)#
#2026 04 13 19:07:45.180#Z#DEBUG#be2d3d37-376b-11f1-938a-eeee0a8c9147.BTP_CI_CD_Deployment_CAPM-postgres-deployer#flowable-async-job-executor-thread-20403#
[PollExecuteTaskStatusExecution] c49c6f4e-6a21-4cf0-9f92-c125a8dc9d83 [2026-04-13T19:07:43.858571] 'B1NlYXR0bGUwIBcNMjEwNTI1MjIzODM1WhgPMjEyMTA1MjUyMzM4MzVaMIGXMQsw\n' + (STDOUT, APP/TASK/deploy-to-postgresql)#
#2026 04 13 19:07:45.180#Z#DEBUG#be2d3d37-376b-11f1-938a-eeee0a8c9147.BTP_CI_CD_Deployment_CAPM-postgres-deployer#flowable-async-job-executor-thread-20403#
[PollExecuteTaskStatusExecution] c49c6f4e-6a21-4cf0-9f92-c125a8dc9d83 [2026-04-13T19:07:43.858572] 'CQYDVQQGEwJVUzEiMCAGA1UECgwZQW1hem9uIFdlYiBTZXJ2aWNlcywgSW5jLjET\n' + (STDOUT, APP/TASK/deploy-to-postgresql)#
#2026 04 13 19:07:45.180#Z#DEBUG#be2d3d37-376b-11f1-938a-eeee0a8c9147.BTP_CI_CD_Deployment_CAPM-postgres-deployer#flowable-async-job-executor-thread-20403#
[PollExecuteTaskStatusExecution] c49c6f4e-6a21-4cf0-9f92-c125a8dc9d83 [2026-04-13T19:07:43.858574] 'MBEGA1UECwwKQW1hem9uIFJEUzELMAkGA1UECAwCV0ExMDAuBgNVBAMMJ0FtYXpv\n' + (STDOUT, APP/TASK/deploy-to-postgresql)#
#2026 04 13 19:07:45.180#Z#DEBUG#be2d3d37-376b-11f1-938a-eeee0a8c9147.BTP_CI_CD_Deployment_CAPM-postgres-deployer#flowable-async-job-executor-thread-20403#
[PollExecuteTaskStatusExecution] c49c6f4e-6a21-4cf0-9f92-c125a8dc9d83 [2026-04-13T19:07:43.858579] 'biBSRFMgdXMtZWFzdC0xIFJvb3QgQ0EgUlNBNDA5NiBHMTEQMA4GA1UEBwwHU2Vh\n' + (STDOUT, APP/TASK/deploy-to-postgresql)#
#2026 04 13 19:07:45.180#Z#DEBUG#be2d3d37-376b-11f1-938a-eeee0a8c9147.BTP_CI_CD_Deployment_CAPM-postgres-deployer#flowable-async-job-executor-thread-20403#
[PollExecuteTaskStatusExecution] c49c6f4e-6a21-4cf0-9f92-c125a8dc9d83 [2026-04-13T19:07:43.858581] 'dHRsZTCCAiIwDQYJKoZIhvcNAQEBBQADggIPADCCAgoCggIBAInfBCaHuvj6Rb5c\n' + (STDOUT, APP/TASK/deploy-to-postgresql)#
#2026 04 13 19:07:45.180#Z#DEBUG#be2d3d37-376b-11f1-938a-eeee0a8c9147.BTP_CI_CD_Deployment_CAPM-postgres-deployer#flowable-async-job-executor-thread-20403#
[PollExecuteTaskStatusExecution] c49c6f4e-6a21-4cf0-9f92-c125a8dc9d83 [2026-04-13T19:07:43.858583] 'L5Wmn1jv2PHtEGMHm+7Z8dYosdwouG8VG2A+BCYCZfij9lIGszrTXkY4O7vnXgru\n' + (STDOUT, APP/TASK/deploy-to-postgresql)#
#2026 04 13 19:07:45.180#Z#DEBUG#be2d3d37-376b-11f1-938a-eeee0a8c9147.BTP_CI_CD_Deployment_CAPM-postgres-deployer#flowable-async-job-executor-thread-20403#
[PollExecuteTaskStatusExecution] c49c6f4e-6a21-4cf0-9f92-c125a8dc9d83 [2026-04-13T19:07:43.858585] 'JUNdxh0Q3M83p4X+bg+gODUs3jf+Z3Oeq7nTOk/2UYvQLcxP4FEXILxDInbQFcIx\n' + (STDOUT, APP/TASK/deploy-to-postgresql)#
#2026 04 13 19:07:45.180#Z#DEBUG#be2d3d37-376b-11f1-938a-eeee0a8c9147.BTP_CI_CD_Deployment_CAPM-postgres-deployer#flowable-async-job-executor-thread-20403#
[PollExecuteTaskStatusExecution] c49c6f4e-6a21-4cf0-9f92-c125a8dc9d83 [2026-04-13T19:07:43.858589] 'yen1ESHggGrjEodgn6nbKQNRfIhjhW+TKYaewfsVWH7EF2pfj+cjbJ6njjgZ0/M9\n' + (STDOUT, APP/TASK/deploy-to-postgresql)#
#2026 04 13 19:07:45.180#Z#DEBUG#be2d3d37-376b-11f1-938a-eeee0a8c9147.BTP_CI_CD_Deployment_CAPM-postgres-deployer#flowable-async-job-executor-thread-20403#
[PollExecuteTaskStatusExecution] c49c6f4e-6a21-4cf0-9f92-c125a8dc9d83 [2026-04-13T19:07:43.858591] 'VZifJFBgat6XUTOf3jwHwkCBh7T6rDpgy19A61laImJCQhdTnHKvzTpxcxiLRh69\n' + (STDOUT, APP/TASK/deploy-to-postgresql)#
#2026 04 13 19:07:45.180#Z#DEBUG#be2d3d37-376b-11f1-938a-eeee0a8c9147.BTP_CI_CD_Deployment_CAPM-postgres-deployer#flowable-async-job-executor-thread-20403#
[PollExecuteTaskStatusExecution] c49c6f4e-6a21-4cf0-9f92-c125a8dc9d83 [2026-04-13T19:07:43.858593] 'ZObypR7W04OAUmFS88V7IotlPmCL8xf7kwxG+gQfvx31+A9IDMsiTqJ1Cc4fYEKg\n' + (STDOUT, APP/TASK/deploy-to-postgresql)#
#2026 04 13 19:07:45.180#Z#DEBUG#be2d3d37-376b-11f1-938a-eeee0a8c9147.BTP_CI_CD_Deployment_CAPM-postgres-deployer#flowable-async-job-executor-thread-20403#
[PollExecuteTaskStatusExecution] c49c6f4e-6a21-4cf0-9f92-c125a8dc9d83 [2026-04-13T19:07:43.858596] 'bL+Vo+2Ii4W2esCTGVYmHm73drznfeKwL+kmIC/Bq+DrZ+veTqKFYwSkpHRyJCEe\n' + (STDOUT, APP/TASK/deploy-to-postgresql)#
#2026 04 13 19:07:45.180#Z#DEBUG#be2d3d37-376b-11f1-938a-eeee0a8c9147.BTP_CI_CD_Deployment_CAPM-postgres-deployer#flowable-async-job-executor-thread-20403#
[PollExecuteTaskStatusExecution] c49c6f4e-6a21-4cf0-9f92-c125a8dc9d83 [2026-04-13T19:07:43.858598] 'U4Zym6POqQ/4LBSKwDUhWLJIlq99bjKX+hNTJykB+Lbcx0ScOP4IAZQoxmDxGWxN\n' + (STDOUT, APP/TASK/deploy-to-postgresql)#
#2026 04 13 19:07:45.180#Z#DEBUG#be2d3d37-376b-11f1-938a-eeee0a8c9147.BTP_CI_CD_Deployment_CAPM-postgres-deployer#flowable-async-job-executor-thread-20403#
[PollExecuteTaskStatusExecution] c49c6f4e-6a21-4cf0-9f92-c125a8dc9d83 [2026-04-13T19:07:43.858600] 'S+lQj+Cx2pwU3S/7+OxlRndZAX/FKgk7xSMkg88HykUZaZ/ozIiqJqSnGpgXCtED\n' + (STDOUT, APP/TASK/deploy-to-postgresql)#
#2026 04 13 19:07:45.180#Z#DEBUG#be2d3d37-376b-11f1-938a-eeee0a8c9147.BTP_CI_CD_Deployment_CAPM-postgres-deployer#flowable-async-job-executor-thread-20403#
[PollExecuteTaskStatusExecution] c49c6f4e-6a21-4cf0-9f92-c125a8dc9d83 [2026-04-13T19:07:43.858605] 'oQ4OJw5ozAr+/wudOawaMwUWQl5asD8fuy/hl5S1nv9XxIc842QJOtJFxhyeMIXt\n' + (STDOUT, APP/TASK/deploy-to-postgresql)#
#2026 04 13 19:07:45.180#Z#DEBUG#be2d3d37-376b-11f1-938a-eeee0a8c9147.BTP_CI_CD_Deployment_CAPM-postgres-deployer#flowable-async-job-executor-thread-20403#
[PollExecuteTaskStatusExecution] c49c6f4e-6a21-4cf0-9f92-c125a8dc9d83 [2026-04-13T19:07:43.858610] 'LVECVw/dPekhMjS3Zo3wwRgYbnKG7YXXT5WMxJEnHu8+cYpMiRClzq2BEP6/MtI2\n' + (STDOUT, APP/TASK/deploy-to-postgresql)#
#2026 04 13 19:07:45.180#Z#DEBUG#be2d3d37-376b-11f1-938a-eeee0a8c9147.BTP_CI_CD_Deployment_CAPM-postgres-deployer#flowable-async-job-executor-thread-20403#
[PollExecuteTaskStatusExecution] c49c6f4e-6a21-4cf0-9f92-c125a8dc9d83 [2026-04-13T19:07:43.858623] 'AZQQUFu2yFjRGL2OZA6IYjxnXYiRAgMBAAGjQjBAMA8GA1UdEwEB/wQFMAMBAf8w\n' + (STDOUT, APP/TASK/deploy-to-postgresql)#
#2026 04 13 19:07:45.180#Z#DEBUG#be2d3d37-376b-11f1-938a-eeee0a8c9147.BTP_CI_CD_Deployment_CAPM-postgres-deployer#flowable-async-job-executor-thread-20403#
[PollExecuteTaskStatusExecution] c49c6f4e-6a21-4cf0-9f92-c125a8dc9d83 [2026-04-13T19:07:43.858626] 'HQYDVR0OBBYEFADCcQCPX2HmkqQcmuHfiQ2jjqnrMA4GA1UdDwEB/wQEAwIBhjAN\n' + (STDOUT, APP/TASK/deploy-to-postgresql)#
#2026 04 13 19:07:45.180#Z#DEBUG#be2d3d37-376b-11f1-938a-eeee0a8c9147.BTP_CI_CD_Deployment_CAPM-postgres-deployer#flowable-async-job-executor-thread-20403#
[PollExecuteTaskStatusExecution] c49c6f4e-6a21-4cf0-9f92-c125a8dc9d83 [2026-04-13T19:07:43.858629] 'BgkqhkiG9w0BAQwFAAOCAgEASXkGQ2eUmudIKPeOIF7RBryCoPmMOsqP0+1qxF8l\n' + (STDOUT, APP/TASK/deploy-to-postgresql)#
#2026 04 13 19:07:45.180#Z#DEBUG#be2d3d37-376b-11f1-938a-eeee0a8c9147.BTP_CI_CD_Deployment_CAPM-postgres-deployer#flowable-async-job-executor-thread-20403#
[PollExecuteTaskStatusExecution] c49c6f4e-6a21-4cf0-9f92-c125a8dc9d83 [2026-04-13T19:07:43.858630] 'pGkwmrgNDGpmd9s0ArfIVBTc1jmpgB3oiRW9c6n2OmwBKL4UPuQ8O3KwSP0iD2sZ\n' + (STDOUT, APP/TASK/deploy-to-postgresql)#
#2026 04 13 19:07:45.180#Z#DEBUG#be2d3d37-376b-11f1-938a-eeee0a8c9147.BTP_CI_CD_Deployment_CAPM-postgres-deployer#flowable-async-job-executor-thread-20403#
[PollExecuteTaskStatusExecution] c49c6f4e-6a21-4cf0-9f92-c125a8dc9d83 [2026-04-13T19:07:43.858632] 'KMXoMEyphCEzW1I2GRvYDugL3Z9MWrnHkoaoH2l8YyTYvszTvdgxBPpM2x4pSkp+\n' + (STDOUT, APP/TASK/deploy-to-postgresql)#
#2026 04 13 19:07:45.180#Z#DEBUG#be2d3d37-376b-11f1-938a-eeee0a8c9147.BTP_CI_CD_Deployment_CAPM-postgres-deployer#flowable-async-job-executor-thread-20403#
[PollExecuteTaskStatusExecution] c49c6f4e-6a21-4cf0-9f92-c125a8dc9d83 [2026-04-13T19:07:43.858634] '76d4/eRpJ5mVuQ93nC+YG0wXCxSq63hX4kyZgPxgCdAA+qgFfKIGyNqUIqWgeyTP\n' + (STDOUT, APP/TASK/deploy-to-postgresql)#
#2026 04 13 19:07:45.180#Z#DEBUG#be2d3d37-376b-11f1-938a-eeee0a8c9147.BTP_CI_CD_Deployment_CAPM-postgres-deployer#flowable-async-job-executor-thread-20403#
[PollExecuteTaskStatusExecution] c49c6f4e-6a21-4cf0-9f92-c125a8dc9d83 [2026-04-13T19:07:43.858643] 'n5OgKaboYk2141Rf2hGMD3/hsGm0rrJh7g3C0ZirPws3eeJfulvAOIy2IZzqHUSY\n' + (STDOUT, APP/TASK/deploy-to-postgresql)#
#2026 04 13 19:07:45.180#Z#DEBUG#be2d3d37-376b-11f1-938a-eeee0a8c9147.BTP_CI_CD_Deployment_CAPM-postgres-deployer#flowable-async-job-executor-thread-20403#
[PollExecuteTaskStatusExecution] c49c6f4e-6a21-4cf0-9f92-c125a8dc9d83 [2026-04-13T19:07:43.858649] 'jkFzraz6LEH3IlArT3jUPvWKqvh2lJWnnp56aqxBR7qHH5voD49UpJWY1K0BjGnS\n' + (STDOUT, APP/TASK/deploy-to-postgresql)#
#2026 04 13 19:07:45.180#Z#DEBUG#be2d3d37-376b-11f1-938a-eeee0a8c9147.BTP_CI_CD_Deployment_CAPM-postgres-deployer#flowable-async-job-executor-thread-20403#
[PollExecuteTaskStatusExecution] c49c6f4e-6a21-4cf0-9f92-c125a8dc9d83 [2026-04-13T19:07:43.858651] 'OHcurpp0Yt/BIs4VZeWdCZwI7JaSeDcPMaMDBvND3Ia5Fga0thgYQTG6dE+N5fgF\n' + (STDOUT, APP/TASK/deploy-to-postgresql)#
#2026 04 13 19:07:45.180#Z#DEBUG#be2d3d37-376b-11f1-938a-eeee0a8c9147.BTP_CI_CD_Deployment_CAPM-postgres-deployer#flowable-async-job-executor-thread-20403#
[PollExecuteTaskStatusExecution] c49c6f4e-6a21-4cf0-9f92-c125a8dc9d83 [2026-04-13T19:07:43.858653] 'z+hRaujXO2nb0LmddVyvE8prYlWRMuYFv+Co8hcMdJ0lEZlfVNu0jbm9/GmwAZ+l\n' + (STDOUT, APP/TASK/deploy-to-postgresql)#
#2026 04 13 19:07:45.180#Z#DEBUG#be2d3d37-376b-11f1-938a-eeee0a8c9147.BTP_CI_CD_Deployment_CAPM-postgres-deployer#flowable-async-job-executor-thread-20403#
[PollExecuteTaskStatusExecution] c49c6f4e-6a21-4cf0-9f92-c125a8dc9d83 [2026-04-13T19:07:43.858655] '9umeYO9yz/uC7edC8XJBglMAKUmVK9wNtOckUWAcCfnPWYLbYa/PqtXBYcxrso5j\n' + (STDOUT, APP/TASK/deploy-to-postgresql)#
#2026 04 13 19:07:45.180#Z#DEBUG#be2d3d37-376b-11f1-938a-eeee0a8c9147.BTP_CI_CD_Deployment_CAPM-postgres-deployer#flowable-async-job-executor-thread-20403#
[PollExecuteTaskStatusExecution] c49c6f4e-6a21-4cf0-9f92-c125a8dc9d83 [2026-04-13T19:07:43.858658] 'iaS/A7iEW51uteHBGrViCy1afGG+hiUWwFlesli+Rq4dNstX3h6h2baWABaAxEVJ\n' + (STDOUT, APP/TASK/deploy-to-postgresql)#
#2026 04 13 19:07:45.180#Z#DEBUG#be2d3d37-376b-11f1-938a-eeee0a8c9147.BTP_CI_CD_Deployment_CAPM-postgres-deployer#flowable-async-job-executor-thread-20403#
[PollExecuteTaskStatusExecution] c49c6f4e-6a21-4cf0-9f92-c125a8dc9d83 [2026-04-13T19:07:43.858660] 'y1RnTQSz6mROT1VmZSgSVO37rgIyY0Hf0872ogcTS+FfvXgBxCxsNWEbiQ/XXva4\n' + (STDOUT, APP/TASK/deploy-to-postgresql)#
#2026 04 13 19:07:45.180#Z#DEBUG#be2d3d37-376b-11f1-938a-eeee0a8c9147.BTP_CI_CD_Deployment_CAPM-postgres-deployer#flowable-async-job-executor-thread-20403#
[PollExecuteTaskStatusExecution] c49c6f4e-6a21-4cf0-9f92-c125a8dc9d83 [2026-04-13T19:07:43.858664] '0Ws=\n' + (STDOUT, APP/TASK/deploy-to-postgresql)#
#2026 04 13 19:07:45.180#Z#DEBUG#be2d3d37-376b-11f1-938a-eeee0a8c9147.BTP_CI_CD_Deployment_CAPM-postgres-deployer#flowable-async-job-executor-thread-20403#
[PollExecuteTaskStatusExecution] c49c6f4e-6a21-4cf0-9f92-c125a8dc9d83 [2026-04-13T19:07:43.858666] '-----END CERTIFICATE-----\n' + (STDOUT, APP/TASK/deploy-to-postgresql)#
#2026 04 13 19:07:45.180#Z#DEBUG#be2d3d37-376b-11f1-938a-eeee0a8c9147.BTP_CI_CD_Deployment_CAPM-postgres-deployer#flowable-async-job-executor-thread-20403#
[PollExecuteTaskStatusExecution] c49c6f4e-6a21-4cf0-9f92-c125a8dc9d83 [2026-04-13T19:07:43.858668] '-----BEGIN CERTIFICATE-----\n' + (STDOUT, APP/TASK/deploy-to-postgresql)#
#2026 04 13 19:07:45.180#Z#DEBUG#be2d3d37-376b-11f1-938a-eeee0a8c9147.BTP_CI_CD_Deployment_CAPM-postgres-deployer#flowable-async-job-executor-thread-20403#
[PollExecuteTaskStatusExecution] c49c6f4e-6a21-4cf0-9f92-c125a8dc9d83 [2026-04-13T19:07:43.858670] 'MIICrjCCAjSgAwIBAgIRAPAlEk8VJPmEzVRRaWvTh2AwCgYIKoZIzj0EAwMwgZYx\n' + (STDOUT, APP/TASK/deploy-to-postgresql)#
#2026 04 13 19:07:45.180#Z#DEBUG#be2d3d37-376b-11f1-938a-eeee0a8c9147.BTP_CI_CD_Deployment_CAPM-postgres-deployer#flowable-async-job-executor-thread-20403#
[PollExecuteTaskStatusExecution] c49c6f4e-6a21-4cf0-9f92-c125a8dc9d83 [2026-04-13T19:07:43.858672] 'CzAJBgNVBAYTAlVTMSIwIAYDVQQKDBlBbWF6b24gV2ViIFNlcnZpY2VzLCBJbmMu\n' + (STDOUT, APP/TASK/deploy-to-postgresql)#
#2026 04 13 19:07:45.180#Z#DEBUG#be2d3d37-376b-11f1-938a-eeee0a8c9147.BTP_CI_CD_Deployment_CAPM-postgres-deployer#flowable-async-job-executor-thread-20403#
[PollExecuteTaskStatusExecution] c49c6f4e-6a21-4cf0-9f92-c125a8dc9d83 [2026-04-13T19:07:43.858676] 'MRMwEQYDVQQLDApBbWF6b24gUkRTMQswCQYDVQQIDAJXQTEvMC0GA1UEAwwmQW1h\n' + (STDOUT, APP/TASK/deploy-to-postgresql)#
#2026 04 13 19:07:45.180#Z#DEBUG#be2d3d37-376b-11f1-938a-eeee0a8c9147.BTP_CI_CD_Deployment_CAPM-postgres-deployer#flowable-async-job-executor-thread-20403#
[PollExecuteTaskStatusExecution] c49c6f4e-6a21-4cf0-9f92-c125a8dc9d83 [2026-04-13T19:07:43.858679] 'em9uIFJEUyB1cy1lYXN0LTEgUm9vdCBDQSBFQ0MzODQgRzExEDAOBgNVBAcMB1Nl\n' + (STDOUT, APP/TASK/deploy-to-postgresql)#
#2026 04 13 19:07:45.180#Z#DEBUG#be2d3d37-376b-11f1-938a-eeee0a8c9147.BTP_CI_CD_Deployment_CAPM-postgres-deployer#flowable-async-job-executor-thread-20403#
[PollExecuteTaskStatusExecution] c49c6f4e-6a21-4cf0-9f92-c125a8dc9d83 [2026-04-13T19:07:43.858684] 'YXR0bGUwIBcNMjEwNTI1MjI0MTU1WhgPMjEyMTA1MjUyMzQxNTVaMIGWMQswCQYD\n' + (STDOUT, APP/TASK/deploy-to-postgresql)#
#2026 04 13 19:07:45.180#Z#DEBUG#be2d3d37-376b-11f1-938a-eeee0a8c9147.BTP_CI_CD_Deployment_CAPM-postgres-deployer#flowable-async-job-executor-thread-20403#
[PollExecuteTaskStatusExecution] c49c6f4e-6a21-4cf0-9f92-c125a8dc9d83 [2026-04-13T19:07:43.858686] 'VQQGEwJVUzEiMCAGA1UECgwZQW1hem9uIFdlYiBTZXJ2aWNlcywgSW5jLjETMBEG\n' + (STDOUT, APP/TASK/deploy-to-postgresql)#
#2026 04 13 19:07:45.180#Z#DEBUG#be2d3d37-376b-11f1-938a-eeee0a8c9147.BTP_CI_CD_Deployment_CAPM-postgres-deployer#flowable-async-job-executor-thread-20403#
[PollExecuteTaskStatusExecution] c49c6f4e-6a21-4cf0-9f92-c125a8dc9d83 [2026-04-13T19:07:43.858694] 'A1UECwwKQW1hem9uIFJEUzELMAkGA1UECAwCV0ExLzAtBgNVBAMMJkFtYXpvbiBS\n' + (STDOUT, APP/TASK/deploy-to-postgresql)#
#2026 04 13 19:07:45.180#Z#DEBUG#be2d3d37-376b-11f1-938a-eeee0a8c9147.BTP_CI_CD_Deployment_CAPM-postgres-deployer#flowable-async-job-executor-thread-20403#
[PollExecuteTaskStatusExecution] c49c6f4e-6a21-4cf0-9f92-c125a8dc9d83 [2026-04-13T19:07:43.858696] 'RFMgdXMtZWFzdC0xIFJvb3QgQ0EgRUNDMzg0IEcxMRAwDgYDVQQHDAdTZWF0dGxl\n' + (STDOUT, APP/TASK/deploy-to-postgresql)#
#2026 04 13 19:07:45.180#Z#DEBUG#be2d3d37-376b-11f1-938a-eeee0a8c9147.BTP_CI_CD_Deployment_CAPM-postgres-deployer#flowable-async-job-executor-thread-20403#
[PollExecuteTaskStatusExecution] c49c6f4e-6a21-4cf0-9f92-c125a8dc9d83 [2026-04-13T19:07:43.858698] 'MHYwEAYHKoZIzj0CAQYFK4EEACIDYgAEx5xjrup8II4HOJw15NTnS3H5yMrQGlbj\n' + (STDOUT, APP/TASK/deploy-to-postgresql)#
#2026 04 13 19:07:45.180#Z#DEBUG#be2d3d37-376b-11f1-938a-eeee0a8c9147.BTP_CI_CD_Deployment_CAPM-postgres-deployer#flowable-async-job-executor-thread-20403#
[PollExecuteTaskStatusExecution] c49c6f4e-6a21-4cf0-9f92-c125a8dc9d83 [2026-04-13T19:07:43.858700] 'EDA5MMGnE9DmHp5dACIxmPXPMe/99nO7wNdl7G71OYPCgEvWm0FhdvVUeTb3LVnV\n' + (STDOUT, APP/TASK/deploy-to-postgresql)#
#2026 04 13 19:07:45.180#Z#DEBUG#be2d3d37-376b-11f1-938a-eeee0a8c9147.BTP_CI_CD_Deployment_CAPM-postgres-deployer#flowable-async-job-executor-thread-20403#
[PollExecuteTaskStatusExecution] c49c6f4e-6a21-4cf0-9f92-c125a8dc9d83 [2026-04-13T19:07:43.858702] 'BnaXt32Ek7/oxGk1T+Df03C+W0vmuJ+wo0IwQDAPBgNVHRMBAf8EBTADAQH/MB0G\n' + (STDOUT, APP/TASK/deploy-to-postgresql)#
#2026 04 13 19:07:45.180#Z#DEBUG#be2d3d37-376b-11f1-938a-eeee0a8c9147.BTP_CI_CD_Deployment_CAPM-postgres-deployer#flowable-async-job-executor-thread-20403#
[PollExecuteTaskStatusExecution] c49c6f4e-6a21-4cf0-9f92-c125a8dc9d83 [2026-04-13T19:07:43.858714] 'A1UdDgQWBBTGXmqBWN/1tkSea4pNw0oHrjk2UDAOBgNVHQ8BAf8EBAMCAYYwCgYI\n' + (STDOUT, APP/TASK/deploy-to-postgresql)#
#2026 04 13 19:07:45.180#Z#DEBUG#be2d3d37-376b-11f1-938a-eeee0a8c9147.BTP_CI_CD_Deployment_CAPM-postgres-deployer#flowable-async-job-executor-thread-20403#
[PollExecuteTaskStatusExecution] c49c6f4e-6a21-4cf0-9f92-c125a8dc9d83 [2026-04-13T19:07:43.858716] 'KoZIzj0EAwMDaAAwZQIxAIqqZWCSrIkZ7zsv/FygtAusW6yvlL935YAWYPVXU30m\n' + (STDOUT, APP/TASK/deploy-to-postgresql)#
#2026 04 13 19:07:45.180#Z#DEBUG#be2d3d37-376b-11f1-938a-eeee0a8c9147.BTP_CI_CD_Deployment_CAPM-postgres-deployer#flowable-async-job-executor-thread-20403#
[PollExecuteTaskStatusExecution] c49c6f4e-6a21-4cf0-9f92-c125a8dc9d83 [2026-04-13T19:07:43.858718] 'jkMFLM+/RJ9GMvnO8jHfCgIwB+whlkcItzE9CRQ6CsMo/d5cEHDUu/QW6jSIh9BR\n' + (STDOUT, APP/TASK/deploy-to-postgresql)#
#2026 04 13 19:07:45.180#Z#DEBUG#be2d3d37-376b-11f1-938a-eeee0a8c9147.BTP_CI_CD_Deployment_CAPM-postgres-deployer#flowable-async-job-executor-thread-20403#
[PollExecuteTaskStatusExecution] c49c6f4e-6a21-4cf0-9f92-c125a8dc9d83 [2026-04-13T19:07:43.858719] 'OGh9pTYPVkUbBiKPA7lVVhre\n' + (STDOUT, APP/TASK/deploy-to-postgresql)#
#2026 04 13 19:07:45.180#Z#DEBUG#be2d3d37-376b-11f1-938a-eeee0a8c9147.BTP_CI_CD_Deployment_CAPM-postgres-deployer#flowable-async-job-executor-thread-20403#
[PollExecuteTaskStatusExecution] c49c6f4e-6a21-4cf0-9f92-c125a8dc9d83 [2026-04-13T19:07:43.858723] '-----END CERTIFICATE-----\n', (STDOUT, APP/TASK/deploy-to-postgresql)#
#2026 04 13 19:07:45.180#Z#DEBUG#be2d3d37-376b-11f1-938a-eeee0a8c9147.BTP_CI_CD_Deployment_CAPM-postgres-deployer#flowable-async-job-executor-thread-20403#
[PollExecuteTaskStatusExecution] c49c6f4e-6a21-4cf0-9f92-c125a8dc9d83 [2026-04-13T19:07:43.858728] sslrootcert: '-----BEGIN CERTIFICATE-----\n' + (STDOUT, APP/TASK/deploy-to-postgresql)#
#2026 04 13 19:07:45.180#Z#DEBUG#be2d3d37-376b-11f1-938a-eeee0a8c9147.BTP_CI_CD_Deployment_CAPM-postgres-deployer#flowable-async-job-executor-thread-20403#
[PollExecuteTaskStatusExecution] c49c6f4e-6a21-4cf0-9f92-c125a8dc9d83 [2026-04-13T19:07:43.858730] 'MIID/zCCAuegAwIBAgIRAPVSMfFitmM5PhmbaOFoGfUwDQYJKoZIhvcNAQELBQAw\n' + (STDOUT, APP/TASK/deploy-to-postgresql)#
#2026 04 13 19:07:45.180#Z#DEBUG#be2d3d37-376b-11f1-938a-eeee0a8c9147.BTP_CI_CD_Deployment_CAPM-postgres-deployer#flowable-async-job-executor-thread-20403#
[PollExecuteTaskStatusExecution] c49c6f4e-6a21-4cf0-9f92-c125a8dc9d83 [2026-04-13T19:07:43.858735] 'gZcxCzAJBgNVBAYTAlVTMSIwIAYDVQQKDBlBbWF6b24gV2ViIFNlcnZpY2VzLCBJ\n' + (STDOUT, APP/TASK/deploy-to-postgresql)#
#2026 04 13 19:07:45.180#Z#DEBUG#be2d3d37-376b-11f1-938a-eeee0a8c9147.BTP_CI_CD_Deployment_CAPM-postgres-deployer#flowable-async-job-executor-thread-20403#
[PollExecuteTaskStatusExecution] c49c6f4e-6a21-4cf0-9f92-c125a8dc9d83 [2026-04-13T19:07:43.858738] 'bmMuMRMwEQYDVQQLDApBbWF6b24gUkRTMQswCQYDVQQIDAJXQTEwMC4GA1UEAwwn\n' + (STDOUT, APP/TASK/deploy-to-postgresql)#
#2026 04 13 19:07:45.180#Z#DEBUG#be2d3d37-376b-11f1-938a-eeee0a8c9147.BTP_CI_CD_Deployment_CAPM-postgres-deployer#flowable-async-job-executor-thread-20403#
[PollExecuteTaskStatusExecution] c49c6f4e-6a21-4cf0-9f92-c125a8dc9d83 [2026-04-13T19:07:43.858740] 'QW1hem9uIFJEUyB1cy1lYXN0LTEgUm9vdCBDQSBSU0EyMDQ4IEcxMRAwDgYDVQQH\n' + (STDOUT, APP/TASK/deploy-to-postgresql)#
#2026 04 13 19:07:45.180#Z#DEBUG#be2d3d37-376b-11f1-938a-eeee0a8c9147.BTP_CI_CD_Deployment_CAPM-postgres-deployer#flowable-async-job-executor-thread-20403#
[PollExecuteTaskStatusExecution] c49c6f4e-6a21-4cf0-9f92-c125a8dc9d83 [2026-04-13T19:07:43.858742] 'DAdTZWF0dGxlMCAXDTIxMDUyNTIyMzQ1N1oYDzIwNjEwNTI1MjMzNDU3WjCBlzEL\n' + (STDOUT, APP/TASK/deploy-to-postgresql)#
#2026 04 13 19:07:45.180#Z#DEBUG#be2d3d37-376b-11f1-938a-eeee0a8c9147.BTP_CI_CD_Deployment_CAPM-postgres-deployer#flowable-async-job-executor-thread-20403#
[PollExecuteTaskStatusExecution] c49c6f4e-6a21-4cf0-9f92-c125a8dc9d83 [2026-04-13T19:07:43.858744] 'MAkGA1UEBhMCVVMxIjAgBgNVBAoMGUFtYXpvbiBXZWIgU2VydmljZXMsIEluYy4x\n' + (STDOUT, APP/TASK/deploy-to-postgresql)#
#2026 04 13 19:07:45.180#Z#DEBUG#be2d3d37-376b-11f1-938a-eeee0a8c9147.BTP_CI_CD_Deployment_CAPM-postgres-deployer#flowable-async-job-executor-thread-20403#
[PollExecuteTaskStatusExecution] c49c6f4e-6a21-4cf0-9f92-c125a8dc9d83 [2026-04-13T19:07:43.858746] 'EzARBgNVBAsMCkFtYXpvbiBSRFMxCzAJBgNVBAgMAldBMTAwLgYDVQQDDCdBbWF6\n' + (STDOUT, APP/TASK/deploy-to-postgresql)#
#2026 04 13 19:07:45.180#Z#DEBUG#be2d3d37-376b-11f1-938a-eeee0a8c9147.BTP_CI_CD_Deployment_CAPM-postgres-deployer#flowable-async-job-executor-thread-20403#
[PollExecuteTaskStatusExecution] c49c6f4e-6a21-4cf0-9f92-c125a8dc9d83 [2026-04-13T19:07:43.858749] 'b24gUkRTIHVzLWVhc3QtMSBSb290IENBIFJTQTIwNDggRzExEDAOBgNVBAcMB1Nl\n' + (STDOUT, APP/TASK/deploy-to-postgresql)#
#2026 04 13 19:07:45.180#Z#DEBUG#be2d3d37-376b-11f1-938a-eeee0a8c9147.BTP_CI_CD_Deployment_CAPM-postgres-deployer#flowable-async-job-executor-thread-20403#
[PollExecuteTaskStatusExecution] c49c6f4e-6a21-4cf0-9f92-c125a8dc9d83 [2026-04-13T19:07:43.858755] 'YXR0bGUwggEiMA0GCSqGSIb3DQEBAQUAA4IBDwAwggEKAoIBAQDu9H7TBeGoDzMr\n' + (STDOUT, APP/TASK/deploy-to-postgresql)#
#2026 04 13 19:07:45.180#Z#DEBUG#be2d3d37-376b-11f1-938a-eeee0a8c9147.BTP_CI_CD_Deployment_CAPM-postgres-deployer#flowable-async-job-executor-thread-20403#
[PollExecuteTaskStatusExecution] c49c6f4e-6a21-4cf0-9f92-c125a8dc9d83 [2026-04-13T19:07:43.858757] 'dxN6H8COntJX4IR6dbyhnj5qMD4xl/IWvp50lt0VpmMd+z2PNZzx8RazeGC5IniV\n' + (STDOUT, APP/TASK/deploy-to-postgresql)#
#2026 04 13 19:07:45.180#Z#DEBUG#be2d3d37-376b-11f1-938a-eeee0a8c9147.BTP_CI_CD_Deployment_CAPM-postgres-deployer#flowable-async-job-executor-thread-20403#
[PollExecuteTaskStatusExecution] c49c6f4e-6a21-4cf0-9f92-c125a8dc9d83 [2026-04-13T19:07:43.858759] '5nrLg0AKWRQ2A/lGGXbUrGXCSe09brMQCxWBSIYe1WZZ1iU1IJ/6Bp4D2YEHpXrW\n' + (STDOUT, APP/TASK/deploy-to-postgresql)#
#2026 04 13 19:07:45.180#Z#DEBUG#be2d3d37-376b-11f1-938a-eeee0a8c9147.BTP_CI_CD_Deployment_CAPM-postgres-deployer#flowable-async-job-executor-thread-20403#
[PollExecuteTaskStatusExecution] c49c6f4e-6a21-4cf0-9f92-c125a8dc9d83 [2026-04-13T19:07:43.858761] 'bPkOq5x3YPcsoitgm1Xh8ygz6vb7PsvJvPbvRMnkDg5IqEThapPjmKb8ZJWyEFEE\n' + (STDOUT, APP/TASK/deploy-to-postgresql)#
#2026 04 13 19:07:45.180#Z#DEBUG#be2d3d37-376b-11f1-938a-eeee0a8c9147.BTP_CI_CD_Deployment_CAPM-postgres-deployer#flowable-async-job-executor-thread-20403#
[PollExecuteTaskStatusExecution] c49c6f4e-6a21-4cf0-9f92-c125a8dc9d83 [2026-04-13T19:07:43.858763] 'QRrkCIRueB1EqQtJw0fvP4PKDlCJAKBEs/y049FoOqYpT3pRy0WKqPhWve+hScMd\n' + (STDOUT, APP/TASK/deploy-to-postgresql)#
#2026 04 13 19:07:45.180#Z#DEBUG#be2d3d37-376b-11f1-938a-eeee0a8c9147.BTP_CI_CD_Deployment_CAPM-postgres-deployer#flowable-async-job-executor-thread-20403#
[PollExecuteTaskStatusExecution] c49c6f4e-6a21-4cf0-9f92-c125a8dc9d83 [2026-04-13T19:07:43.858772] '6obq8kxTFy1IHACjHc51nrGII5Bt76/MpTWhnJIJrCnq1/Uc3Qs8IVeb+sLaFC8K\n' + (STDOUT, APP/TASK/deploy-to-postgresql)#
#2026 04 13 19:07:45.180#Z#DEBUG#be2d3d37-376b-11f1-938a-eeee0a8c9147.BTP_CI_CD_Deployment_CAPM-postgres-deployer#flowable-async-job-executor-thread-20403#
[PollExecuteTaskStatusExecution] c49c6f4e-6a21-4cf0-9f92-c125a8dc9d83 [2026-04-13T19:07:43.858775] 'DI69Sw6bAgMBAAGjQjBAMA8GA1UdEwEB/wQFMAMBAf8wHQYDVR0OBBYEFE7PCopt\n' + (STDOUT, APP/TASK/deploy-to-postgresql)#
#2026 04 13 19:07:45.180#Z#DEBUG#be2d3d37-376b-11f1-938a-eeee0a8c9147.BTP_CI_CD_Deployment_CAPM-postgres-deployer#flowable-async-job-executor-thread-20403#
[PollExecuteTaskStatusExecution] c49c6f4e-6a21-4cf0-9f92-c125a8dc9d83 [2026-04-13T19:07:43.858780] 'lyOgtXX0Y1lObBUxuKaCMA4GA1UdDwEB/wQEAwIBhjANBgkqhkiG9w0BAQsFAAOC\n' + (STDOUT, APP/TASK/deploy-to-postgresql)#
#2026 04 13 19:07:45.180#Z#DEBUG#be2d3d37-376b-11f1-938a-eeee0a8c9147.BTP_CI_CD_Deployment_CAPM-postgres-deployer#flowable-async-job-executor-thread-20403#
[PollExecuteTaskStatusExecution] c49c6f4e-6a21-4cf0-9f92-c125a8dc9d83 [2026-04-13T19:07:43.858782] 'AQEAFj+bX8gLmMNefr5jRJfHjrL3iuZCjf7YEZgn89pS4z8408mjj9z6Q5D1H7yS\n' + (STDOUT, APP/TASK/deploy-to-postgresql)#
#2026 04 13 19:07:45.180#Z#DEBUG#be2d3d37-376b-11f1-938a-eeee0a8c9147.BTP_CI_CD_Deployment_CAPM-postgres-deployer#flowable-async-job-executor-thread-20403#
[PollExecuteTaskStatusExecution] c49c6f4e-6a21-4cf0-9f92-c125a8dc9d83 [2026-04-13T19:07:43.858784] 'jNETVV8QaJip1qyhh5gRzRaArgGAYvi2/r0zPsy+Tgf7v1KGL5Lh8NT8iCEGGXwF\n' + (STDOUT, APP/TASK/deploy-to-postgresql)#
#2026 04 13 19:07:45.180#Z#DEBUG#be2d3d37-376b-11f1-938a-eeee0a8c9147.BTP_CI_CD_Deployment_CAPM-postgres-deployer#flowable-async-job-executor-thread-20403#
[PollExecuteTaskStatusExecution] c49c6f4e-6a21-4cf0-9f92-c125a8dc9d83 [2026-04-13T19:07:43.858786] 'g3Ir+Nl3e+9XUp0eyyzBIjHtjLBm6yy8rGk9p6OtFDQnKF5OxwbAgip42CD75r/q\n' + (STDOUT, APP/TASK/deploy-to-postgresql)#
#2026 04 13 19:07:45.180#Z#DEBUG#be2d3d37-376b-11f1-938a-eeee0a8c9147.BTP_CI_CD_Deployment_CAPM-postgres-deployer#flowable-async-job-executor-thread-20403#
[PollExecuteTaskStatusExecution] c49c6f4e-6a21-4cf0-9f92-c125a8dc9d83 [2026-04-13T19:07:43.858789] 'p421maEDDvvRFR4D+99JZxgAYDBGqRRceUoe16qDzbMvlz0A9paCZFclxeftAxv6\n' + (STDOUT, APP/TASK/deploy-to-postgresql)#
#2026 04 13 19:07:45.180#Z#DEBUG#be2d3d37-376b-11f1-938a-eeee0a8c9147.BTP_CI_CD_Deployment_CAPM-postgres-deployer#flowable-async-job-executor-thread-20403#
[PollExecuteTaskStatusExecution] c49c6f4e-6a21-4cf0-9f92-c125a8dc9d83 [2026-04-13T19:07:43.858790] 'QlR5rItMz/XdzpBJUpYhdzM0gCzAzdQuVO5tjJxmXhkSMcDP+8Q+Uv6FA9k2VpUV\n' + (STDOUT, APP/TASK/deploy-to-postgresql)#
#2026 04 13 19:07:45.180#Z#DEBUG#be2d3d37-376b-11f1-938a-eeee0a8c9147.BTP_CI_CD_Deployment_CAPM-postgres-deployer#flowable-async-job-executor-thread-20403#
[PollExecuteTaskStatusExecution] c49c6f4e-6a21-4cf0-9f92-c125a8dc9d83 [2026-04-13T19:07:43.858792] 'E/O5jgpqUJJ2Hc/5rs9VkAPXeA==\n' + (STDOUT, APP/TASK/deploy-to-postgresql)#
#2026 04 13 19:07:45.180#Z#DEBUG#be2d3d37-376b-11f1-938a-eeee0a8c9147.BTP_CI_CD_Deployment_CAPM-postgres-deployer#flowable-async-job-executor-thread-20403#
[PollExecuteTaskStatusExecution] c49c6f4e-6a21-4cf0-9f92-c125a8dc9d83 [2026-04-13T19:07:43.858796] '-----END CERTIFICATE-----\n' + (STDOUT, APP/TASK/deploy-to-postgresql)#
#2026 04 13 19:07:45.180#Z#DEBUG#be2d3d37-376b-11f1-938a-eeee0a8c9147.BTP_CI_CD_Deployment_CAPM-postgres-deployer#flowable-async-job-executor-thread-20403#
[PollExecuteTaskStatusExecution] c49c6f4e-6a21-4cf0-9f92-c125a8dc9d83 [2026-04-13T19:07:43.858798] '-----BEGIN CERTIFICATE-----\n' + (STDOUT, APP/TASK/deploy-to-postgresql)#
#2026 04 13 19:07:45.180#Z#DEBUG#be2d3d37-376b-11f1-938a-eeee0a8c9147.BTP_CI_CD_Deployment_CAPM-postgres-deployer#flowable-async-job-executor-thread-20403#
[PollExecuteTaskStatusExecution] c49c6f4e-6a21-4cf0-9f92-c125a8dc9d83 [2026-04-13T19:07:43.858800] 'MIIF/jCCA+agAwIBAgIQaRHaEqqacXN20e8zZJtmDDANBgkqhkiG9w0BAQwFADCB\n' + (STDOUT, APP/TASK/deploy-to-postgresql)#
#2026 04 13 19:07:45.180#Z#DEBUG#be2d3d37-376b-11f1-938a-eeee0a8c9147.BTP_CI_CD_Deployment_CAPM-postgres-deployer#flowable-async-job-executor-thread-20403#
[PollExecuteTaskStatusExecution] c49c6f4e-6a21-4cf0-9f92-c125a8dc9d83 [2026-04-13T19:07:43.858834] 'lzELMAkGA1UEBhMCVVMxIjAgBgNVBAoMGUFtYXpvbiBXZWIgU2VydmljZXMsIElu\n' + (STDOUT, APP/TASK/deploy-to-postgresql)#
#2026 04 13 19:07:45.180#Z#DEBUG#be2d3d37-376b-11f1-938a-eeee0a8c9147.BTP_CI_CD_Deployment_CAPM-postgres-deployer#flowable-async-job-executor-thread-20403#
[PollExecuteTaskStatusExecution] c49c6f4e-6a21-4cf0-9f92-c125a8dc9d83 [2026-04-13T19:07:43.858836] 'Yy4xEzARBgNVBAsMCkFtYXpvbiBSRFMxCzAJBgNVBAgMAldBMTAwLgYDVQQDDCdB\n' + (STDOUT, APP/TASK/deploy-to-postgresql)#
#2026 04 13 19:07:45.180#Z#DEBUG#be2d3d37-376b-11f1-938a-eeee0a8c9147.BTP_CI_CD_Deployment_CAPM-postgres-deployer#flowable-async-job-executor-thread-20403#
[PollExecuteTaskStatusExecution] c49c6f4e-6a21-4cf0-9f92-c125a8dc9d83 [2026-04-13T19:07:43.858838] 'bWF6b24gUkRTIHVzLWVhc3QtMSBSb290IENBIFJTQTQwOTYgRzExEDAOBgNVBAcM\n' + (STDOUT, APP/TASK/deploy-to-postgresql)#
#2026 04 13 19:07:45.180#Z#DEBUG#be2d3d37-376b-11f1-938a-eeee0a8c9147.BTP_CI_CD_Deployment_CAPM-postgres-deployer#flowable-async-job-executor-thread-20403#
[PollExecuteTaskStatusExecution] c49c6f4e-6a21-4cf0-9f92-c125a8dc9d83 [2026-04-13T19:07:43.858842] 'B1NlYXR0bGUwIBcNMjEwNTI1MjIzODM1WhgPMjEyMTA1MjUyMzM4MzVaMIGXMQsw\n' + (STDOUT, APP/TASK/deploy-to-postgresql)#
#2026 04 13 19:07:45.180#Z#DEBUG#be2d3d37-376b-11f1-938a-eeee0a8c9147.BTP_CI_CD_Deployment_CAPM-postgres-deployer#flowable-async-job-executor-thread-20403#
[PollExecuteTaskStatusExecution] c49c6f4e-6a21-4cf0-9f92-c125a8dc9d83 [2026-04-13T19:07:43.858848] 'CQYDVQQGEwJVUzEiMCAGA1UECgwZQW1hem9uIFdlYiBTZXJ2aWNlcywgSW5jLjET\n' + (STDOUT, APP/TASK/deploy-to-postgresql)#
#2026 04 13 19:07:45.180#Z#DEBUG#be2d3d37-376b-11f1-938a-eeee0a8c9147.BTP_CI_CD_Deployment_CAPM-postgres-deployer#flowable-async-job-executor-thread-20403#
[PollExecuteTaskStatusExecution] c49c6f4e-6a21-4cf0-9f92-c125a8dc9d83 [2026-04-13T19:07:43.858850] 'MBEGA1UECwwKQW1hem9uIFJEUzELMAkGA1UECAwCV0ExMDAuBgNVBAMMJ0FtYXpv\n' + (STDOUT, APP/TASK/deploy-to-postgresql)#
#2026 04 13 19:07:45.180#Z#DEBUG#be2d3d37-376b-11f1-938a-eeee0a8c9147.BTP_CI_CD_Deployment_CAPM-postgres-deployer#flowable-async-job-executor-thread-20403#
[PollExecuteTaskStatusExecution] c49c6f4e-6a21-4cf0-9f92-c125a8dc9d83 [2026-04-13T19:07:43.858852] 'biBSRFMgdXMtZWFzdC0xIFJvb3QgQ0EgUlNBNDA5NiBHMTEQMA4GA1UEBwwHU2Vh\n' + (STDOUT, APP/TASK/deploy-to-postgresql)#
#2026 04 13 19:07:45.180#Z#DEBUG#be2d3d37-376b-11f1-938a-eeee0a8c9147.BTP_CI_CD_Deployment_CAPM-postgres-deployer#flowable-async-job-executor-thread-20403#
[PollExecuteTaskStatusExecution] c49c6f4e-6a21-4cf0-9f92-c125a8dc9d83 [2026-04-13T19:07:43.858854] 'dHRsZTCCAiIwDQYJKoZIhvcNAQEBBQADggIPADCCAgoCggIBAInfBCaHuvj6Rb5c\n' + (STDOUT, APP/TASK/deploy-to-postgresql)#
#2026 04 13 19:07:45.180#Z#DEBUG#be2d3d37-376b-11f1-938a-eeee0a8c9147.BTP_CI_CD_Deployment_CAPM-postgres-deployer#flowable-async-job-executor-thread-20403#
[PollExecuteTaskStatusExecution] c49c6f4e-6a21-4cf0-9f92-c125a8dc9d83 [2026-04-13T19:07:43.858856] 'L5Wmn1jv2PHtEGMHm+7Z8dYosdwouG8VG2A+BCYCZfij9lIGszrTXkY4O7vnXgru\n' + (STDOUT, APP/TASK/deploy-to-postgresql)#
#2026 04 13 19:07:45.180#Z#DEBUG#be2d3d37-376b-11f1-938a-eeee0a8c9147.BTP_CI_CD_Deployment_CAPM-postgres-deployer#flowable-async-job-executor-thread-20403#
[PollExecuteTaskStatusExecution] c49c6f4e-6a21-4cf0-9f92-c125a8dc9d83 [2026-04-13T19:07:43.858876] 'JUNdxh0Q3M83p4X+bg+gODUs3jf+Z3Oeq7nTOk/2UYvQLcxP4FEXILxDInbQFcIx\n' + (STDOUT, APP/TASK/deploy-to-postgresql)#
#2026 04 13 19:07:45.180#Z#DEBUG#be2d3d37-376b-11f1-938a-eeee0a8c9147.BTP_CI_CD_Deployment_CAPM-postgres-deployer#flowable-async-job-executor-thread-20403#
[PollExecuteTaskStatusExecution] c49c6f4e-6a21-4cf0-9f92-c125a8dc9d83 [2026-04-13T19:07:43.858878] 'yen1ESHggGrjEodgn6nbKQNRfIhjhW+TKYaewfsVWH7EF2pfj+cjbJ6njjgZ0/M9\n' + (STDOUT, APP/TASK/deploy-to-postgresql)#
#2026 04 13 19:07:45.180#Z#DEBUG#be2d3d37-376b-11f1-938a-eeee0a8c9147.BTP_CI_CD_Deployment_CAPM-postgres-deployer#flowable-async-job-executor-thread-20403#
[PollExecuteTaskStatusExecution] c49c6f4e-6a21-4cf0-9f92-c125a8dc9d83 [2026-04-13T19:07:43.858883] 'VZifJFBgat6XUTOf3jwHwkCBh7T6rDpgy19A61laImJCQhdTnHKvzTpxcxiLRh69\n' + (STDOUT, APP/TASK/deploy-to-postgresql)#
#2026 04 13 19:07:45.180#Z#DEBUG#be2d3d37-376b-11f1-938a-eeee0a8c9147.BTP_CI_CD_Deployment_CAPM-postgres-deployer#flowable-async-job-executor-thread-20403#
[PollExecuteTaskStatusExecution] c49c6f4e-6a21-4cf0-9f92-c125a8dc9d83 [2026-04-13T19:07:43.858884] 'ZObypR7W04OAUmFS88V7IotlPmCL8xf7kwxG+gQfvx31+A9IDMsiTqJ1Cc4fYEKg\n' + (STDOUT, APP/TASK/deploy-to-postgresql)#
#2026 04 13 19:07:45.180#Z#DEBUG#be2d3d37-376b-11f1-938a-eeee0a8c9147.BTP_CI_CD_Deployment_CAPM-postgres-deployer#flowable-async-job-executor-thread-20403#
[PollExecuteTaskStatusExecution] c49c6f4e-6a21-4cf0-9f92-c125a8dc9d83 [2026-04-13T19:07:43.858887] 'bL+Vo+2Ii4W2esCTGVYmHm73drznfeKwL+kmIC/Bq+DrZ+veTqKFYwSkpHRyJCEe\n' + (STDOUT, APP/TASK/deploy-to-postgresql)#
#2026 04 13 19:07:45.180#Z#DEBUG#be2d3d37-376b-11f1-938a-eeee0a8c9147.BTP_CI_CD_Deployment_CAPM-postgres-deployer#flowable-async-job-executor-thread-20403#
[PollExecuteTaskStatusExecution] c49c6f4e-6a21-4cf0-9f92-c125a8dc9d83 [2026-04-13T19:07:43.858889] 'U4Zym6POqQ/4LBSKwDUhWLJIlq99bjKX+hNTJykB+Lbcx0ScOP4IAZQoxmDxGWxN\n' + (STDOUT, APP/TASK/deploy-to-postgresql)#
#2026 04 13 19:07:45.180#Z#DEBUG#be2d3d37-376b-11f1-938a-eeee0a8c9147.BTP_CI_CD_Deployment_CAPM-postgres-deployer#flowable-async-job-executor-thread-20403#
[PollExecuteTaskStatusExecution] c49c6f4e-6a21-4cf0-9f92-c125a8dc9d83 [2026-04-13T19:07:43.858890] 'S+lQj+Cx2pwU3S/7+OxlRndZAX/FKgk7xSMkg88HykUZaZ/ozIiqJqSnGpgXCtED\n' + (STDOUT, APP/TASK/deploy-to-postgresql)#
#2026 04 13 19:07:45.180#Z#DEBUG#be2d3d37-376b-11f1-938a-eeee0a8c9147.BTP_CI_CD_Deployment_CAPM-postgres-deployer#flowable-async-job-executor-thread-20403#
[PollExecuteTaskStatusExecution] c49c6f4e-6a21-4cf0-9f92-c125a8dc9d83 [2026-04-13T19:07:43.858892] 'oQ4OJw5ozAr+/wudOawaMwUWQl5asD8fuy/hl5S1nv9XxIc842QJOtJFxhyeMIXt\n' + (STDOUT, APP/TASK/deploy-to-postgresql)#
#2026 04 13 19:07:45.180#Z#DEBUG#be2d3d37-376b-11f1-938a-eeee0a8c9147.BTP_CI_CD_Deployment_CAPM-postgres-deployer#flowable-async-job-executor-thread-20403#
[PollExecuteTaskStatusExecution] c49c6f4e-6a21-4cf0-9f92-c125a8dc9d83 [2026-04-13T19:07:43.858894] 'LVECVw/dPekhMjS3Zo3wwRgYbnKG7YXXT5WMxJEnHu8+cYpMiRClzq2BEP6/MtI2\n' + (STDOUT, APP/TASK/deploy-to-postgresql)#
#2026 04 13 19:07:45.180#Z#DEBUG#be2d3d37-376b-11f1-938a-eeee0a8c9147.BTP_CI_CD_Deployment_CAPM-postgres-deployer#flowable-async-job-executor-thread-20403#
[PollExecuteTaskStatusExecution] c49c6f4e-6a21-4cf0-9f92-c125a8dc9d83 [2026-04-13T19:07:43.858900] 'AZQQUFu2yFjRGL2OZA6IYjxnXYiRAgMBAAGjQjBAMA8GA1UdEwEB/wQFMAMBAf8w\n' + (STDOUT, APP/TASK/deploy-to-postgresql)#
#2026 04 13 19:07:45.180#Z#DEBUG#be2d3d37-376b-11f1-938a-eeee0a8c9147.BTP_CI_CD_Deployment_CAPM-postgres-deployer#flowable-async-job-executor-thread-20403#
[PollExecuteTaskStatusExecution] c49c6f4e-6a21-4cf0-9f92-c125a8dc9d83 [2026-04-13T19:07:43.858902] 'HQYDVR0OBBYEFADCcQCPX2HmkqQcmuHfiQ2jjqnrMA4GA1UdDwEB/wQEAwIBhjAN\n' + (STDOUT, APP/TASK/deploy-to-postgresql)#
#2026 04 13 19:07:45.180#Z#DEBUG#be2d3d37-376b-11f1-938a-eeee0a8c9147.BTP_CI_CD_Deployment_CAPM-postgres-deployer#flowable-async-job-executor-thread-20403#
[PollExecuteTaskStatusExecution] c49c6f4e-6a21-4cf0-9f92-c125a8dc9d83 [2026-04-13T19:07:43.858904] 'BgkqhkiG9w0BAQwFAAOCAgEASXkGQ2eUmudIKPeOIF7RBryCoPmMOsqP0+1qxF8l\n' + (STDOUT, APP/TASK/deploy-to-postgresql)#
#2026 04 13 19:07:45.180#Z#DEBUG#be2d3d37-376b-11f1-938a-eeee0a8c9147.BTP_CI_CD_Deployment_CAPM-postgres-deployer#flowable-async-job-executor-thread-20403#
[PollExecuteTaskStatusExecution] c49c6f4e-6a21-4cf0-9f92-c125a8dc9d83 [2026-04-13T19:07:43.858907] 'pGkwmrgNDGpmd9s0ArfIVBTc1jmpgB3oiRW9c6n2OmwBKL4UPuQ8O3KwSP0iD2sZ\n' + (STDOUT, APP/TASK/deploy-to-postgresql)#
#2026 04 13 19:07:45.180#Z#DEBUG#be2d3d37-376b-11f1-938a-eeee0a8c9147.BTP_CI_CD_Deployment_CAPM-postgres-deployer#flowable-async-job-executor-thread-20403#
[PollExecuteTaskStatusExecution] c49c6f4e-6a21-4cf0-9f92-c125a8dc9d83 [2026-04-13T19:07:43.858909] 'KMXoMEyphCEzW1I2GRvYDugL3Z9MWrnHkoaoH2l8YyTYvszTvdgxBPpM2x4pSkp+\n' + (STDOUT, APP/TASK/deploy-to-postgresql)#
#2026 04 13 19:07:45.180#Z#DEBUG#be2d3d37-376b-11f1-938a-eeee0a8c9147.BTP_CI_CD_Deployment_CAPM-postgres-deployer#flowable-async-job-executor-thread-20403#
[PollExecuteTaskStatusExecution] c49c6f4e-6a21-4cf0-9f92-c125a8dc9d83 [2026-04-13T19:07:43.858911] '76d4/eRpJ5mVuQ93nC+YG0wXCxSq63hX4kyZgPxgCdAA+qgFfKIGyNqUIqWgeyTP\n' + (STDOUT, APP/TASK/deploy-to-postgresql)#
#2026 04 13 19:07:45.180#Z#DEBUG#be2d3d37-376b-11f1-938a-eeee0a8c9147.BTP_CI_CD_Deployment_CAPM-postgres-deployer#flowable-async-job-executor-thread-20403#
[PollExecuteTaskStatusExecution] c49c6f4e-6a21-4cf0-9f92-c125a8dc9d83 [2026-04-13T19:07:43.858913] 'n5OgKaboYk2141Rf2hGMD3/hsGm0rrJh7g3C0ZirPws3eeJfulvAOIy2IZzqHUSY\n' + (STDOUT, APP/TASK/deploy-to-postgresql)#
#2026 04 13 19:07:45.180#Z#DEBUG#be2d3d37-376b-11f1-938a-eeee0a8c9147.BTP_CI_CD_Deployment_CAPM-postgres-deployer#flowable-async-job-executor-thread-20403#
[PollExecuteTaskStatusExecution] c49c6f4e-6a21-4cf0-9f92-c125a8dc9d83 [2026-04-13T19:07:43.858918] 'jkFzraz6LEH3IlArT3jUPvWKqvh2lJWnnp56aqxBR7qHH5voD49UpJWY1K0BjGnS\n' + (STDOUT, APP/TASK/deploy-to-postgresql)#
#2026 04 13 19:07:45.180#Z#DEBUG#be2d3d37-376b-11f1-938a-eeee0a8c9147.BTP_CI_CD_Deployment_CAPM-postgres-deployer#flowable-async-job-executor-thread-20403#
[PollExecuteTaskStatusExecution] c49c6f4e-6a21-4cf0-9f92-c125a8dc9d83 [2026-04-13T19:07:43.858921] 'OHcurpp0Yt/BIs4VZeWdCZwI7JaSeDcPMaMDBvND3Ia5Fga0thgYQTG6dE+N5fgF\n' + (STDOUT, APP/TASK/deploy-to-postgresql)#
#2026 04 13 19:07:45.180#Z#DEBUG#be2d3d37-376b-11f1-938a-eeee0a8c9147.BTP_CI_CD_Deployment_CAPM-postgres-deployer#flowable-async-job-executor-thread-20403#
[PollExecuteTaskStatusExecution] c49c6f4e-6a21-4cf0-9f92-c125a8dc9d83 [2026-04-13T19:07:43.858924] 'z+hRaujXO2nb0LmddVyvE8prYlWRMuYFv+Co8hcMdJ0lEZlfVNu0jbm9/GmwAZ+l\n' + (STDOUT, APP/TASK/deploy-to-postgresql)#
#2026 04 13 19:07:45.180#Z#DEBUG#be2d3d37-376b-11f1-938a-eeee0a8c9147.BTP_CI_CD_Deployment_CAPM-postgres-deployer#flowable-async-job-executor-thread-20403#
[PollExecuteTaskStatusExecution] c49c6f4e-6a21-4cf0-9f92-c125a8dc9d83 [2026-04-13T19:07:43.858926] '9umeYO9yz/uC7edC8XJBglMAKUmVK9wNtOckUWAcCfnPWYLbYa/PqtXBYcxrso5j\n' + (STDOUT, APP/TASK/deploy-to-postgresql)#
#2026 04 13 19:07:45.180#Z#DEBUG#be2d3d37-376b-11f1-938a-eeee0a8c9147.BTP_CI_CD_Deployment_CAPM-postgres-deployer#flowable-async-job-executor-thread-20403#
[PollExecuteTaskStatusExecution] c49c6f4e-6a21-4cf0-9f92-c125a8dc9d83 [2026-04-13T19:07:43.858934] 'iaS/A7iEW51uteHBGrViCy1afGG+hiUWwFlesli+Rq4dNstX3h6h2baWABaAxEVJ\n' + (STDOUT, APP/TASK/deploy-to-postgresql)#
#2026 04 13 19:07:45.180#Z#DEBUG#be2d3d37-376b-11f1-938a-eeee0a8c9147.BTP_CI_CD_Deployment_CAPM-postgres-deployer#flowable-async-job-executor-thread-20403#
[PollExecuteTaskStatusExecution] c49c6f4e-6a21-4cf0-9f92-c125a8dc9d83 [2026-04-13T19:07:43.858936] 'y1RnTQSz6mROT1VmZSgSVO37rgIyY0Hf0872ogcTS+FfvXgBxCxsNWEbiQ/XXva4\n' + (STDOUT, APP/TASK/deploy-to-postgresql)#
#2026 04 13 19:07:45.180#Z#DEBUG#be2d3d37-376b-11f1-938a-eeee0a8c9147.BTP_CI_CD_Deployment_CAPM-postgres-deployer#flowable-async-job-executor-thread-20403#
[PollExecuteTaskStatusExecution] c49c6f4e-6a21-4cf0-9f92-c125a8dc9d83 [2026-04-13T19:07:43.858938] '0Ws=\n' + (STDOUT, APP/TASK/deploy-to-postgresql)#
#2026 04 13 19:07:45.180#Z#DEBUG#be2d3d37-376b-11f1-938a-eeee0a8c9147.BTP_CI_CD_Deployment_CAPM-postgres-deployer#flowable-async-job-executor-thread-20403#
[PollExecuteTaskStatusExecution] c49c6f4e-6a21-4cf0-9f92-c125a8dc9d83 [2026-04-13T19:07:43.858946] '-----END CERTIFICATE-----\n' + (STDOUT, APP/TASK/deploy-to-postgresql)#
#2026 04 13 19:07:45.180#Z#DEBUG#be2d3d37-376b-11f1-938a-eeee0a8c9147.BTP_CI_CD_Deployment_CAPM-postgres-deployer#flowable-async-job-executor-thread-20403#
[PollExecuteTaskStatusExecution] c49c6f4e-6a21-4cf0-9f92-c125a8dc9d83 [2026-04-13T19:07:43.858948] '-----BEGIN CERTIFICATE-----\n' + (STDOUT, APP/TASK/deploy-to-postgresql)#
#2026 04 13 19:07:45.180#Z#DEBUG#be2d3d37-376b-11f1-938a-eeee0a8c9147.BTP_CI_CD_Deployment_CAPM-postgres-deployer#flowable-async-job-executor-thread-20403#
[PollExecuteTaskStatusExecution] c49c6f4e-6a21-4cf0-9f92-c125a8dc9d83 [2026-04-13T19:07:43.858950] 'MIICrjCCAjSgAwIBAgIRAPAlEk8VJPmEzVRRaWvTh2AwCgYIKoZIzj0EAwMwgZYx\n' + (STDOUT, APP/TASK/deploy-to-postgresql)#
#2026 04 13 19:07:45.180#Z#DEBUG#be2d3d37-376b-11f1-938a-eeee0a8c9147.BTP_CI_CD_Deployment_CAPM-postgres-deployer#flowable-async-job-executor-thread-20403#
[PollExecuteTaskStatusExecution] c49c6f4e-6a21-4cf0-9f92-c125a8dc9d83 [2026-04-13T19:07:43.858952] 'CzAJBgNVBAYTAlVTMSIwIAYDVQQKDBlBbWF6b24gV2ViIFNlcnZpY2VzLCBJbmMu\n' + (STDOUT, APP/TASK/deploy-to-postgresql)#
#2026 04 13 19:07:45.180#Z#DEBUG#be2d3d37-376b-11f1-938a-eeee0a8c9147.BTP_CI_CD_Deployment_CAPM-postgres-deployer#flowable-async-job-executor-thread-20403#
[PollExecuteTaskStatusExecution] c49c6f4e-6a21-4cf0-9f92-c125a8dc9d83 [2026-04-13T19:07:43.858954] 'MRMwEQYDVQQLDApBbWF6b24gUkRTMQswCQYDVQQIDAJXQTEvMC0GA1UEAwwmQW1h\n' + (STDOUT, APP/TASK/deploy-to-postgresql)#
#2026 04 13 19:07:45.180#Z#DEBUG#be2d3d37-376b-11f1-938a-eeee0a8c9147.BTP_CI_CD_Deployment_CAPM-postgres-deployer#flowable-async-job-executor-thread-20403#
[PollExecuteTaskStatusExecution] c49c6f4e-6a21-4cf0-9f92-c125a8dc9d83 [2026-04-13T19:07:43.858956] 'em9uIFJEUyB1cy1lYXN0LTEgUm9vdCBDQSBFQ0MzODQgRzExEDAOBgNVBAcMB1Nl\n' + (STDOUT, APP/TASK/deploy-to-postgresql)#
#2026 04 13 19:07:45.180#Z#DEBUG#be2d3d37-376b-11f1-938a-eeee0a8c9147.BTP_CI_CD_Deployment_CAPM-postgres-deployer#flowable-async-job-executor-thread-20403#
[PollExecuteTaskStatusExecution] c49c6f4e-6a21-4cf0-9f92-c125a8dc9d83 [2026-04-13T19:07:43.858958] 'YXR0bGUwIBcNMjEwNTI1MjI0MTU1WhgPMjEyMTA1MjUyMzQxNTVaMIGWMQswCQYD\n' + (STDOUT, APP/TASK/deploy-to-postgresql)#
#2026 04 13 19:07:45.180#Z#DEBUG#be2d3d37-376b-11f1-938a-eeee0a8c9147.BTP_CI_CD_Deployment_CAPM-postgres-deployer#flowable-async-job-executor-thread-20403#
[PollExecuteTaskStatusExecution] c49c6f4e-6a21-4cf0-9f92-c125a8dc9d83 [2026-04-13T19:07:43.858962] 'VQQGEwJVUzEiMCAGA1UECgwZQW1hem9uIFdlYiBTZXJ2aWNlcywgSW5jLjETMBEG\n' + (STDOUT, APP/TASK/deploy-to-postgresql)#
#2026 04 13 19:07:45.180#Z#DEBUG#be2d3d37-376b-11f1-938a-eeee0a8c9147.BTP_CI_CD_Deployment_CAPM-postgres-deployer#flowable-async-job-executor-thread-20403#
[PollExecuteTaskStatusExecution] c49c6f4e-6a21-4cf0-9f92-c125a8dc9d83 [2026-04-13T19:07:43.858964] 'A1UECwwKQW1hem9uIFJEUzELMAkGA1UECAwCV0ExLzAtBgNVBAMMJkFtYXpvbiBS\n' + (STDOUT, APP/TASK/deploy-to-postgresql)#
#2026 04 13 19:07:45.180#Z#DEBUG#be2d3d37-376b-11f1-938a-eeee0a8c9147.BTP_CI_CD_Deployment_CAPM-postgres-deployer#flowable-async-job-executor-thread-20403#
[PollExecuteTaskStatusExecution] c49c6f4e-6a21-4cf0-9f92-c125a8dc9d83 [2026-04-13T19:07:43.858966] 'RFMgdXMtZWFzdC0xIFJvb3QgQ0EgRUNDMzg0IEcxMRAwDgYDVQQHDAdTZWF0dGxl\n' + (STDOUT, APP/TASK/deploy-to-postgresql)#
#2026 04 13 19:07:45.180#Z#DEBUG#be2d3d37-376b-11f1-938a-eeee0a8c9147.BTP_CI_CD_Deployment_CAPM-postgres-deployer#flowable-async-job-executor-thread-20403#
[PollExecuteTaskStatusExecution] c49c6f4e-6a21-4cf0-9f92-c125a8dc9d83 [2026-04-13T19:07:43.858968] 'MHYwEAYHKoZIzj0CAQYFK4EEACIDYgAEx5xjrup8II4HOJw15NTnS3H5yMrQGlbj\n' + (STDOUT, APP/TASK/deploy-to-postgresql)#
#2026 04 13 19:07:45.180#Z#DEBUG#be2d3d37-376b-11f1-938a-eeee0a8c9147.BTP_CI_CD_Deployment_CAPM-postgres-deployer#flowable-async-job-executor-thread-20403#
[PollExecuteTaskStatusExecution] c49c6f4e-6a21-4cf0-9f92-c125a8dc9d83 [2026-04-13T19:07:43.858970] 'EDA5MMGnE9DmHp5dACIxmPXPMe/99nO7wNdl7G71OYPCgEvWm0FhdvVUeTb3LVnV\n' + (STDOUT, APP/TASK/deploy-to-postgresql)#
#2026 04 13 19:07:45.180#Z#DEBUG#be2d3d37-376b-11f1-938a-eeee0a8c9147.BTP_CI_CD_Deployment_CAPM-postgres-deployer#flowable-async-job-executor-thread-20403#
[PollExecuteTaskStatusExecution] c49c6f4e-6a21-4cf0-9f92-c125a8dc9d83 [2026-04-13T19:07:43.858972] 'BnaXt32Ek7/oxGk1T+Df03C+W0vmuJ+wo0IwQDAPBgNVHRMBAf8EBTADAQH/MB0G\n' + (STDOUT, APP/TASK/deploy-to-postgresql)#
#2026 04 13 19:07:45.180#Z#DEBUG#be2d3d37-376b-11f1-938a-eeee0a8c9147.BTP_CI_CD_Deployment_CAPM-postgres-deployer#flowable-async-job-executor-thread-20403#
[PollExecuteTaskStatusExecution] c49c6f4e-6a21-4cf0-9f92-c125a8dc9d83 [2026-04-13T19:07:43.858974] 'A1UdDgQWBBTGXmqBWN/1tkSea4pNw0oHrjk2UDAOBgNVHQ8BAf8EBAMCAYYwCgYI\n' + (STDOUT, APP/TASK/deploy-to-postgresql)#
#2026 04 13 19:07:45.180#Z#DEBUG#be2d3d37-376b-11f1-938a-eeee0a8c9147.BTP_CI_CD_Deployment_CAPM-postgres-deployer#flowable-async-job-executor-thread-20403#
[PollExecuteTaskStatusExecution] c49c6f4e-6a21-4cf0-9f92-c125a8dc9d83 [2026-04-13T19:07:43.858977] 'KoZIzj0EAwMDaAAwZQIxAIqqZWCSrIkZ7zsv/FygtAusW6yvlL935YAWYPVXU30m\n' + (STDOUT, APP/TASK/deploy-to-postgresql)#
#2026 04 13 19:07:45.180#Z#DEBUG#be2d3d37-376b-11f1-938a-eeee0a8c9147.BTP_CI_CD_Deployment_CAPM-postgres-deployer#flowable-async-job-executor-thread-20403#
[PollExecuteTaskStatusExecution] c49c6f4e-6a21-4cf0-9f92-c125a8dc9d83 [2026-04-13T19:07:43.858979] 'jkMFLM+/RJ9GMvnO8jHfCgIwB+whlkcItzE9CRQ6CsMo/d5cEHDUu/QW6jSIh9BR\n' + (STDOUT, APP/TASK/deploy-to-postgresql)#
#2026 04 13 19:07:45.180#Z#DEBUG#be2d3d37-376b-11f1-938a-eeee0a8c9147.BTP_CI_CD_Deployment_CAPM-postgres-deployer#flowable-async-job-executor-thread-20403#
[PollExecuteTaskStatusExecution] c49c6f4e-6a21-4cf0-9f92-c125a8dc9d83 [2026-04-13T19:07:43.858982] 'OGh9pTYPVkUbBiKPA7lVVhre\n' + (STDOUT, APP/TASK/deploy-to-postgresql)#
#2026 04 13 19:07:45.180#Z#DEBUG#be2d3d37-376b-11f1-938a-eeee0a8c9147.BTP_CI_CD_Deployment_CAPM-postgres-deployer#flowable-async-job-executor-thread-20403#
[PollExecuteTaskStatusExecution] c49c6f4e-6a21-4cf0-9f92-c125a8dc9d83 [2026-04-13T19:07:43.858984] '-----END CERTIFICATE-----\n' (STDOUT, APP/TASK/deploy-to-postgresql)#
#2026 04 13 19:07:45.180#Z#DEBUG#be2d3d37-376b-11f1-938a-eeee0a8c9147.BTP_CI_CD_Deployment_CAPM-postgres-deployer#flowable-async-job-executor-thread-20403#
[PollExecuteTaskStatusExecution] c49c6f4e-6a21-4cf0-9f92-c125a8dc9d83 [2026-04-13T19:07:43.858986] } (STDOUT, APP/TASK/deploy-to-postgresql)#
#2026 04 13 19:07:45.180#Z#DEBUG#be2d3d37-376b-11f1-938a-eeee0a8c9147.BTP_CI_CD_Deployment_CAPM-postgres-deployer#flowable-async-job-executor-thread-20403#
[PollExecuteTaskStatusExecution] c49c6f4e-6a21-4cf0-9f92-c125a8dc9d83 [2026-04-13T19:07:43.858988] } {} (STDOUT, APP/TASK/deploy-to-postgresql)#
#2026 04 13 19:07:45.180#Z#DEBUG#be2d3d37-376b-11f1-938a-eeee0a8c9147.BTP_CI_CD_Deployment_CAPM-postgres-deployer#flowable-async-job-executor-thread-20403#
[PollExecuteTaskStatusExecution] c49c6f4e-6a21-4cf0-9f92-c125a8dc9d83 [2026-04-13T19:07:44.460910] /> deployment to postgres-ba329acb-cb7e-475c-b74a-6a3daa78372b.cqryblsdrbcs.us-east-1.rds.amazonaws.com:6137 failed (STDOUT, APP/TASK/deploy-to-postgresql)#
#2026 04 13 19:07:45.180#Z#DEBUG#be2d3d37-376b-11f1-938a-eeee0a8c9147.BTP_CI_CD_Deployment_CAPM-postgres-deployer#flowable-async-job-executor-thread-20403#
[PollExecuteTaskStatusExecution] c49c6f4e-6a21-4cf0-9f92-c125a8dc9d83 [2026-04-13T19:07:44.461981] Error: CDS compilation failed (@sap/cds-compiler v6.8.0) (STDERR, APP/TASK/deploy-to-postgresql)#
#2026 04 13 19:07:45.180#Z#DEBUG#be2d3d37-376b-11f1-938a-eeee0a8c9147.BTP_CI_CD_Deployment_CAPM-postgres-deployer#flowable-async-job-executor-thread-20403#
[PollExecuteTaskStatusExecution] c49c6f4e-6a21-4cf0-9f92-c125a8dc9d83 [2026-04-13T19:07:44.462017] db/csn.json:4: Error: Dropping elements is not supported (in entity:“com.sap.GitDeployment.Project”/element:“projectName”) (STDERR, APP/TASK/deploy-to-postgresql)#
#2026 04 13 19:07:45.180#Z#DEBUG#be2d3d37-376b-11f1-938a-eeee0a8c9147.BTP_CI_CD_Deployment_CAPM-postgres-deployer#flowable-async-job-executor-thread-20403#
[PollExecuteTaskStatusExecution] c49c6f4e-6a21-4cf0-9f92-c125a8dc9d83 [2026-04-13T19:07:44.462023] at throwWithAnyError (/home/vcap/app/node_modules/@sap/cds-compiler/lib/base/messages.js:587:13) (STDERR, APP/TASK/deploy-to-postgresql)#
#2026 04 13 19:07:45.180#Z#DEBUG#be2d3d37-376b-11f1-938a-eeee0a8c9147.BTP_CI_CD_Deployment_CAPM-postgres-deployer#flowable-async-job-executor-thread-20403#
[PollExecuteTaskStatusExecution] c49c6f4e-6a21-4cf0-9f92-c125a8dc9d83 [2026-04-13T19:07:44.462026] at Proxy.toSqlDdl (/home/vcap/app/node_modules/@sap/cds-compiler/lib/render/toSql.js:311:3) (STDERR, APP/TASK/deploy-to-postgresql)#
#2026 04 13 19:07:45.180#Z#DEBUG#be2d3d37-376b-11f1-938a-eeee0a8c9147.BTP_CI_CD_Deployment_CAPM-postgres-deployer#flowable-async-job-executor-thread-20403#
[PollExecuteTaskStatusExecution] c49c6f4e-6a21-4cf0-9f92-c125a8dc9d83 [2026-04-13T19:07:44.462028] at sqlMigration (/home/vcap/app/node_modules/@sap/cds-compiler/lib/api/main.js:599:13) (STDERR, APP/TASK/deploy-to-postgresql)#
#2026 04 13 19:07:45.180#Z#DEBUG#be2d3d37-376b-11f1-938a-eeee0a8c9147.BTP_CI_CD_Deployment_CAPM-postgres-deployer#flowable-async-job-executor-thread-20403#
[PollExecuteTaskStatusExecution] c49c6f4e-6a21-4cf0-9f92-c125a8dc9d83 [2026-04-13T19:07:44.462039] at Function.api [as migration] (/home/vcap/app/node_modules/@sap/cds-compiler/lib/api/main.js:1178:22) (STDERR, APP/TASK/deploy-to-postgresql)#
#2026 04 13 19:07:45.180#Z#DEBUG#be2d3d37-376b-11f1-938a-eeee0a8c9147.BTP_CI_CD_Deployment_CAPM-postgres-deployer#flowable-async-job-executor-thread-20403#
[PollExecuteTaskStatusExecution] c49c6f4e-6a21-4cf0-9f92-c125a8dc9d83 [2026-04-13T19:07:44.462044] at Function.migration (/home/vcap/app/node_modules/@sap/cds-compiler/lib/main.js:147:41) (STDERR, APP/TASK/deploy-to-postgresql)#
#2026 04 13 19:07:45.180#Z#DEBUG#be2d3d37-376b-11f1-938a-eeee0a8c9147.BTP_CI_CD_Deployment_CAPM-postgres-deployer#flowable-async-job-executor-thread-20403#
[PollExecuteTaskStatusExecution] c49c6f4e-6a21-4cf0-9f92-c125a8dc9d83 [2026-04-13T19:07:44.462050] at Object.deltaSql (/home/vcap/app/node_modules/@sap/cds/lib/compile/cdsc.js:165:53) (STDERR, APP/TASK/deploy-to-postgresql)#
#2026 04 13 19:07:45.180#Z#DEBUG#be2d3d37-376b-11f1-938a-eeee0a8c9147.BTP_CI_CD_Deployment_CAPM-postgres-deployer#flowable-async-job-executor-thread-20403#
[PollExecuteTaskStatusExecution] c49c6f4e-6a21-4cf0-9f92-c125a8dc9d83 [2026-04-13T19:07:44.462057] at /home/vcap/app/node_modules/@sap/cds/lib/compile/to/sql.js:38:61 (STDERR, APP/TASK/deploy-to-postgresql)#
#2026 04 13 19:07:45.180#Z#DEBUG#be2d3d37-376b-11f1-938a-eeee0a8c9147.BTP_CI_CD_Deployment_CAPM-postgres-deployer#flowable-async-job-executor-thread-20403#
[PollExecuteTaskStatusExecution] c49c6f4e-6a21-4cf0-9f92-c125a8dc9d83 [2026-04-13T19:07:44.462068] at next (/home/vcap/app/node_modules/@sap/cds/lib/compile/to/sql.js:44:4) (STDERR, APP/TASK/deploy-to-postgresql)#
#2026 04 13 19:07:45.180#Z#DEBUG#be2d3d37-376b-11f1-938a-eeee0a8c9147.BTP_CI_CD_Deployment_CAPM-postgres-deployer#flowable-async-job-executor-thread-20403#
[PollExecuteTaskStatusExecution] c49c6f4e-6a21-4cf0-9f92-c125a8dc9d83 [2026-04-13T19:07:44.462071] at Function.cds_compile_to_deltaSql [as delta] (/home/vcap/app/node_modules/@sap/cds/lib/compile/to/sql.js:46:21) (STDERR, APP/TASK/deploy-to-postgresql)#
#2026 04 13 19:07:45.180#Z#DEBUG#be2d3d37-376b-11f1-938a-eeee0a8c9147.BTP_CI_CD_Deployment_CAPM-postgres-deployer#flowable-async-job-executor-thread-20403#
[PollExecuteTaskStatusExecution] c49c6f4e-6a21-4cf0-9f92-c125a8dc9d83 [2026-04-13T19:07:44.462074] at deploy.schema (/home/vcap/app/node_modules/@sap/cds/lib/dbs/cds-deploy.js:75:75) (STDERR, APP/TASK/deploy-to-postgresql)#
#2026 04 13 19:07:45.180#Z#DEBUG#be2d3d37-376b-11f1-938a-eeee0a8c9147.BTP_CI_CD_Deployment_CAPM-postgres-deployer#flowable-async-job-executor-thread-20403#
[PollExecuteTaskStatusExecution] c49c6f4e-6a21-4cf0-9f92-c125a8dc9d83 [2026-04-13T19:07:44.486195] npm notice (STDERR, APP/TASK/deploy-to-postgresql)#
#2026 04 13 19:07:45.180#Z#DEBUG#be2d3d37-376b-11f1-938a-eeee0a8c9147.BTP_CI_CD_Deployment_CAPM-postgres-deployer#flowable-async-job-executor-thread-20403#
[PollExecuteTaskStatusExecution] c49c6f4e-6a21-4cf0-9f92-c125a8dc9d83 [2026-04-13T19:07:44.486224] npm notice New major version of npm available! 10.9.4 -> 11.12.1 (STDERR, APP/TASK/deploy-to-postgresql)#
#2026 04 13 19:07:45.180#Z#DEBUG#be2d3d37-376b-11f1-938a-eeee0a8c9147.BTP_CI_CD_Deployment_CAPM-postgres-deployer#flowable-async-job-executor-thread-20403#
[PollExecuteTaskStatusExecution] c49c6f4e-6a21-4cf0-9f92-c125a8dc9d83 [2026-04-13T19:07:44.486229] npm notice Changelog: https://github.com/npm/cli/releases/tag/v11.12.1 (STDERR, APP/TASK/deploy-to-postgresql)#
#2026 04 13 19:07:45.180#Z#DEBUG#be2d3d37-376b-11f1-938a-eeee0a8c9147.BTP_CI_CD_Deployment_CAPM-postgres-deployer#flowable-async-job-executor-thread-20403#
[PollExecuteTaskStatusExecution] c49c6f4e-6a21-4cf0-9f92-c125a8dc9d83 [2026-04-13T19:07:44.486231] npm notice To update run: npm install -g npm@11.12.1 (STDERR, APP/TASK/deploy-to-postgresql)#
#2026 04 13 19:07:45.180#Z#DEBUG#be2d3d37-376b-11f1-938a-eeee0a8c9147.BTP_CI_CD_Deployment_CAPM-postgres-deployer#flowable-async-job-executor-thread-20403#
[PollExecuteTaskStatusExecution] c49c6f4e-6a21-4cf0-9f92-c125a8dc9d83 [2026-04-13T19:07:44.486233] npm notice (STDERR, APP/TASK/deploy-to-postgresql)#
#2026 04 13 19:07:45.180#Z#DEBUG#be2d3d37-376b-11f1-938a-eeee0a8c9147.BTP_CI_CD_Deployment_CAPM-postgres-deployer#flowable-async-job-executor-thread-20403#
[PollExecuteTaskStatusExecution] c49c6f4e-6a21-4cf0-9f92-c125a8dc9d83 [2026-04-13T19:07:44.572991] Exit status 1 (STDOUT, APP/TASK/deploy-to-postgresql)#
#2026 04 13 19:07:55.213#Z#DEBUG#be2d3d37-376b-11f1-938a-eeee0a8c9147.BTP_CI_CD_Deployment_CAPM-postgres-deployer#flowable-async-job-executor-thread-16251#
[PollExecuteTaskStatusExecution] c49c6f4e-6a21-4cf0-9f92-c125a8dc9d83 [2026-04-13T19:07:45.113130] Cell c839c7b1-088e-41af-b9b7-66256aacd457 stopping instance 9523588e-2bc4-426a-8dab-bd3c7436f810 (STDOUT, CELL)#
#2026 04 13 19:07:55.213#Z#DEBUG#be2d3d37-376b-11f1-938a-eeee0a8c9147.BTP_CI_CD_Deployment_CAPM-postgres-deployer#flowable-async-job-executor-thread-16251#
[PollExecuteTaskStatusExecution] c49c6f4e-6a21-4cf0-9f92-c125a8dc9d83 [2026-04-13T19:07:45.113184] Cell c839c7b1-088e-41af-b9b7-66256aacd457 destroying container for instance 9523588e-2bc4-426a-8dab-bd3c7436f810 (STDOUT, CELL)#
#2026 04 13 19:07:55.213#Z#DEBUG#be2d3d37-376b-11f1-938a-eeee0a8c9147.BTP_CI_CD_Deployment_CAPM-postgres-deployer#flowable-async-job-executor-thread-16251#
[PollExecuteTaskStatusExecution] c49c6f4e-6a21-4cf0-9f92-c125a8dc9d83 [2026-04-13T19:07:47.947683] Cell c839c7b1-088e-41af-b9b7-66256aacd457 successfully destroyed container for instance 9523588e-2bc4-426a-8dab-bd3c7436f810 (STDOUT, CELL)#
