#2026 04 13 19:05:31.686#Z#INFO#be2d3d37-376b-11f1-938a-eeee0a8c9147.OPERATION#http-nio-0.0.0.0-8080-exec-3#
[XS2StartProcessListener] Operation ID: be2d3d37-376b-11f1-938a-eeee0a8c9147#
#2026 04 13 19:05:31.712#Z#DEBUG#be2d3d37-376b-11f1-938a-eeee0a8c9147.OPERATION#http-nio-0.0.0.0-8080-exec-3#
[XS2StartProcessListener] Process environment: {
  "SKIP_SSL_VALIDATION" : "false",
  "FLOWABLE_JOB_EXECUTOR_MAX_THREADS" : "32",
  "VERSION" : "2.43.0",
  "BASIC_AUTH_ENABLED" : "true",
  "FLOWABLE_JOB_EXECUTOR_QUEUE_CAPACITY" : "16",
  "FLOWABLE_JOB_EXECUTOR_CORE_THREADS" : "8"
}#
#2026 04 13 19:05:31.712#Z#DEBUG#be2d3d37-376b-11f1-938a-eeee0a8c9147.OPERATION#http-nio-0.0.0.0-8080-exec-3#
[XS2StartProcessListener] Current user: kumarp@terralink-global.com#
#2026 04 13 19:05:31.712#Z#DEBUG#be2d3d37-376b-11f1-938a-eeee0a8c9147.OPERATION#http-nio-0.0.0.0-8080-exec-3#
[XS2StartProcessListener] Client space: dev#
#2026 04 13 19:05:31.712#Z#DEBUG#be2d3d37-376b-11f1-938a-eeee0a8c9147.OPERATION#http-nio-0.0.0.0-8080-exec-3#
[XS2StartProcessListener] Client organization: 582fef10trial#
#2026 04 13 19:05:31.712#Z#INFO#be2d3d37-376b-11f1-938a-eeee0a8c9147.OPERATION#http-nio-0.0.0.0-8080-exec-3#
[XS2StartProcessListener] Process variables: {
  "keepFiles" : false,
  "skipAppDigestCalculation" : false,
  "abortOnError" : false,
  "mtaId" : "BTP_CI_CD_Deployment_CAPM",
  "noFailOnMissingPermissions" : false,
  "isSecurityEnabled" : false,
  "apiRequestPath" : "https://deploy-service.cf.us10-001.hana.ondemand.com/api/v1/spaces/811bddec-c6a1-40f6-88ee-deeab5d43e93/operations",
  "deleteServiceBrokers" : false,
  "appArchiveId" : "62bb56d8-335c-417d-9e08-87f841d653c6",
  "isDisposableUserProvidedServiceEnabled" : false,
  "deleteServiceKeys" : false,
  "noRestartSubscribedApps" : false,
  "noStart" : false,
  "deleteServices" : false
}#
#2026 04 13 19:05:31.774#Z#DEBUG#be2d3d37-376b-11f1-938a-eeee0a8c9147.OPERATION#flowable-async-job-executor-thread-13946#
[ValidateDeployParametersStep] Executing task "validateParametersTask" of process "be2d3d5d-376b-11f1-938a-eeee0a8c9147"...#
#2026 04 13 19:05:31.774#Z#DEBUG#be2d3d37-376b-11f1-938a-eeee0a8c9147.OPERATION#flowable-async-job-executor-thread-13946#
[ValidateDeployParametersStep] Validating parameters...#
#2026 04 13 19:05:31.776#Z#INFO#be2d3d37-376b-11f1-938a-eeee0a8c9147.OPERATION#flowable-async-job-executor-thread-13946#
[ValidateDeployParametersStep] Size of mtars is 21,022,371 and size of extension descriptors is 0#
#2026 04 13 19:05:31.810#Z#INFO#be2d3d37-376b-11f1-938a-eeee0a8c9147.OPERATION#flowable-async-job-executor-thread-13946#
[ValidateDeployParametersStep] Archive was not split! Total size in bytes: 21,022,371#
#2026 04 13 19:05:31.810#Z#INFO#be2d3d37-376b-11f1-938a-eeee0a8c9147.OPERATION#flowable-async-job-executor-thread-13946#
[ValidateDeployParametersStep] Deploying in org "582fef10trial" and space "dev"#
#2026 04 13 19:05:31.821#Z#DEBUG#be2d3d37-376b-11f1-938a-eeee0a8c9147.OPERATION#flowable-async-job-executor-thread-13946#
[ValidateDeployParametersStep] Parameters validated#
#2026 04 13 19:05:31.821#Z#DEBUG#be2d3d37-376b-11f1-938a-eeee0a8c9147.OPERATION#flowable-async-job-executor-thread-13946#
Step "Validate Parameters" finished#
#2026 04 13 19:05:31.864#Z#DEBUG#be2d3d37-376b-11f1-938a-eeee0a8c9147.OPERATION#flowable-async-job-executor-thread-13947#
[DeleteRemainingFileParts] Executing task "deleteRemainingFileParts" of process "be2d3d5d-376b-11f1-938a-eeee0a8c9147"...#
#2026 04 13 19:05:31.865#Z#DEBUG#be2d3d37-376b-11f1-938a-eeee0a8c9147.OPERATION#flowable-async-job-executor-thread-13947#
Step "Delete Remaining File Parts" finished#
#2026 04 13 19:05:31.905#Z#DEBUG#be2d3d37-376b-11f1-938a-eeee0a8c9147.OPERATION#flowable-async-job-executor-thread-13948#
[XS2ProcessMtaArchiveStep] Executing task "processArchiveTask" of process "be2d3d5d-376b-11f1-938a-eeee0a8c9147"...#
#2026 04 13 19:05:31.906#Z#DEBUG#be2d3d37-376b-11f1-938a-eeee0a8c9147.OPERATION#flowable-async-job-executor-thread-13948#
[XS2ProcessMtaArchiveStep] Processing MTA archive...#
#2026 04 13 19:05:31.906#Z#DEBUG#be2d3d37-376b-11f1-938a-eeee0a8c9147.OPERATION#flowable-async-job-executor-thread-13948#
[XS2ProcessMtaArchiveStep] MTA Archive ID: 62bb56d8-335c-417d-9e08-87f841d653c6#
#2026 04 13 19:05:32.201#Z#DEBUG#be2d3d37-376b-11f1-938a-eeee0a8c9147.OPERATION#flowable-async-job-executor-thread-13948#
[XS2ProcessMtaArchiveStep] MTA Descriptor length: 2,352#
#2026 04 13 19:05:32.201#Z#DEBUG#be2d3d37-376b-11f1-938a-eeee0a8c9147.OPERATION#flowable-async-job-executor-thread-13948#
[XS2ProcessMtaArchiveStep] MTA Archive Modules: [BTP_CI_CD_Deployment_CAPM-approuter, BTP_CI_CD_Deployment_CAPM-postgres-deployer, BTP_CI_CD_Deployment_CAPM-srv]#
#2026 04 13 19:05:32.201#Z#DEBUG#be2d3d37-376b-11f1-938a-eeee0a8c9147.OPERATION#flowable-async-job-executor-thread-13948#
[XS2ProcessMtaArchiveStep] MTA Archive Requires: []#
#2026 04 13 19:05:32.201#Z#DEBUG#be2d3d37-376b-11f1-938a-eeee0a8c9147.OPERATION#flowable-async-job-executor-thread-13948#
[XS2ProcessMtaArchiveStep] MTA Archive Resources: [BTP_CI_CD_Deployment_CAPM-auth]#
#2026 04 13 19:05:32.216#Z#DEBUG#be2d3d37-376b-11f1-938a-eeee0a8c9147.OPERATION#flowable-async-job-executor-thread-13948#
[XS2ProcessMtaArchiveStep] MTA archive processed#
#2026 04 13 19:05:32.216#Z#DEBUG#be2d3d37-376b-11f1-938a-eeee0a8c9147.OPERATION#flowable-async-job-executor-thread-13948#
Step "Process Archive" finished#
#2026 04 13 19:05:32.275#Z#DEBUG#be2d3d37-376b-11f1-938a-eeee0a8c9147.OPERATION#flowable-async-job-executor-thread-13951#
[ProcessMtaExtensionDescriptorsStep] Executing task "processExtensionDescriptorsTask" of process "be2d3d5d-376b-11f1-938a-eeee0a8c9147"...#
#2026 04 13 19:05:32.277#Z#DEBUG#be2d3d37-376b-11f1-938a-eeee0a8c9147.OPERATION#flowable-async-job-executor-thread-13951#
[ProcessMtaExtensionDescriptorsStep] Processing MTA extension descriptors...#
#2026 04 13 19:05:32.279#Z#DEBUG#be2d3d37-376b-11f1-938a-eeee0a8c9147.OPERATION#flowable-async-job-executor-thread-13951#
[ProcessMtaExtensionDescriptorsStep] Provided extension descriptors: [ ]#
#2026 04 13 19:05:32.279#Z#DEBUG#be2d3d37-376b-11f1-938a-eeee0a8c9147.OPERATION#flowable-async-job-executor-thread-13951#
[ProcessMtaExtensionDescriptorsStep] No extension descriptors in use#
#2026 04 13 19:05:32.279#Z#DEBUG#be2d3d37-376b-11f1-938a-eeee0a8c9147.OPERATION#flowable-async-job-executor-thread-13951#
[ProcessMtaExtensionDescriptorsStep] MTA extension descriptors processed#
#2026 04 13 19:05:32.279#Z#DEBUG#be2d3d37-376b-11f1-938a-eeee0a8c9147.OPERATION#flowable-async-job-executor-thread-13951#
Step "Process Extension Descriptors" finished#
#2026 04 13 19:05:32.325#Z#DEBUG#be2d3d37-376b-11f1-938a-eeee0a8c9147.OPERATION#flowable-async-job-executor-thread-13951#
[XS2DetectMtaSchemaVersionStep] Executing task "detectSchemaVersionTask" of process "be2d3d5d-376b-11f1-938a-eeee0a8c9147"...#
#2026 04 13 19:05:32.327#Z#DEBUG#be2d3d37-376b-11f1-938a-eeee0a8c9147.OPERATION#flowable-async-job-executor-thread-13951#
[XS2DetectMtaSchemaVersionStep] Detecting MTA major schema version...#
#2026 04 13 19:05:32.331#Z#INFO#be2d3d37-376b-11f1-938a-eeee0a8c9147.OPERATION#flowable-async-job-executor-thread-13951#
[XS2DetectMtaSchemaVersionStep] Detected MTA schema version: "3"#
#2026 04 13 19:05:32.339#Z#DEBUG#be2d3d37-376b-11f1-938a-eeee0a8c9147.OPERATION#flowable-async-job-executor-thread-13951#
Step "Detect Schema Version" finished#
#2026 04 13 19:05:32.384#Z#DEBUG#be2d3d37-376b-11f1-938a-eeee0a8c9147.OPERATION#flowable-async-job-executor-thread-13951#
[MergeDescriptorsStep] Executing task "mergeDescriptorsTask" of process "be2d3d5d-376b-11f1-938a-eeee0a8c9147"...#
#2026 04 13 19:05:32.385#Z#DEBUG#be2d3d37-376b-11f1-938a-eeee0a8c9147.OPERATION#flowable-async-job-executor-thread-13951#
[MergeDescriptorsStep] Validating and merging descriptors...#
#2026 04 13 19:05:32.389#Z#DEBUG#be2d3d37-376b-11f1-938a-eeee0a8c9147.OPERATION#flowable-async-job-executor-thread-13951#
[MergeDescriptorsStep] Merged deployment descriptor: {
  "majorSchemaVersion" : 3,
  "schemaVersion" : "3.3.0",
  "id" : "BTP_CI_CD_Deployment_CAPM",
  "version" : "1.0.0",
  "modules" : [ {
    "majorSchemaVersion" : 3,
    "name" : "BTP_CI_CD_Deployment_CAPM-srv",
    "type" : "javascript.nodejs",
    "path" : "BTP_CI_CD_Deployment_CAPM-srv",
    "properties" : { },
    "parameters" : {
      "readiness-health-check-http-endpoint" : "/health",
      "readiness-health-check-type" : "http",
      "buildpack" : "nodejs_buildpack",
      "instances" : 1
    },
    "requiredDependencies" : [ {
      "majorSchemaVersion" : 3,
      "name" : "BTP_CI_CD_Deployment_CAPM-postgres",
      "properties" : { },
      "parameters" : { },
      "propertiesMetadata" : {
        "metadata" : { }
      },
      "parametersMetadata" : {
        "metadata" : { }
      }
    }, {
      "majorSchemaVersion" : 3,
      "name" : "********",
      "properties" : { },
      "parameters" : { },
      "propertiesMetadata" : {
        "metadata" : { }
      },
      "parametersMetadata" : {
        "metadata" : { }
      }
    }, {
      "majorSchemaVersion" : 3,
      "name" : "BTP_CI_CD_Deployment_CAPM-destination",
      "properties" : { },
      "parameters" : { },
      "propertiesMetadata" : {
        "metadata" : { }
      },
      "parametersMetadata" : {
        "metadata" : { }
      }
    }, {
      "majorSchemaVersion" : 3,
      "name" : "BTP_CI_CD_Deployment_CAPM-connectivity",
      "properties" : { },
      "parameters" : { },
      "propertiesMetadata" : {
        "metadata" : { }
      },
      "parametersMetadata" : {
        "metadata" : { }
      }
    } ],
    "providedDependencies" : [ {
      "majorSchemaVersion" : 3,
      "name" : "srv-api",
      "isPublic" : false,
      "properties" : {
        "srv-url" : "${default-url}"
      },
      "parameters" : { },
      "propertiesMetadata" : {
        "metadata" : { }
      },
      "parametersMetadata" : {
        "metadata" : { }
      }
    }, {
      "majorSchemaVersion" : 3,
      "name" : "BTP_CI_CD_Deployment_CAPM-srv",
      "isPublic" : false,
      "properties" : { },
      "parameters" : { },
      "propertiesMetadata" : {
        "metadata" : { }
      },
      "parametersMetadata" : {
        "metadata" : { }
      }
    } ],
    "propertiesMetadata" : {
      "metadata" : { }
    },
    "parametersMetadata" : {
      "metadata" : { }
    },
    "hooks" : [ ]
  }, {
    "majorSchemaVersion" : 3,
    "name" : "BTP_CI_CD_Deployment_CAPM-postgres-deployer",
    "type" : "javascript.nodejs",
    "path" : "BTP_CI_CD_Deployment_CAPM-postgres-deployer",
    "properties" : { },
    "parameters" : {
      "buildpack" : "nodejs_buildpack",
      "no-route" : true,
      "tasks" : [ {
        "command" : "npm start",
        "name" : "deploy-to-postgresql"
      } ],
      "no-start" : true
    },
    "requiredDependencies" : [ {
      "majorSchemaVersion" : 3,
      "name" : "BTP_CI_CD_Deployment_CAPM-postgres",
      "properties" : { },
      "parameters" : { },
      "propertiesMetadata" : {
        "metadata" : { }
      },
      "parametersMetadata" : {
        "metadata" : { }
      }
    } ],
    "providedDependencies" : [ {
      "majorSchemaVersion" : 3,
      "name" : "BTP_CI_CD_Deployment_CAPM-postgres-deployer",
      "isPublic" : false,
      "properties" : { },
      "parameters" : { },
      "propertiesMetadata" : {
        "metadata" : { }
      },
      "parametersMetadata" : {
        "metadata" : { }
      }
    } ],
    "propertiesMetadata" : {
      "metadata" : { }
    },
    "parametersMetadata" : {
      "metadata" : { }
    },
    "hooks" : [ ]
  }, {
    "majorSchemaVersion" : 3,
    "name" : "BTP_CI_CD_Deployment_CAPM-approuter",
    "type" : "javascript.nodejs",
    "path" : "BTP_CI_CD_Deployment_CAPM-approuter",
    "properties" : { },
    "parameters" : {
      "disk-quota" : "256M",
      "keep-existing-routes" : true,
      "memory" : "256M"
    },
    "requiredDependencies" : [ {
      "majorSchemaVersion" : 3,
      "name" : "srv-api",
      "group" : "destinations",
      "properties" : {
        "name" : "srv-api",
        "forwardAuthToken" : "********",
        "url" : "~{srv-url}"
      },
      "parameters" : { },
      "propertiesMetadata" : {
        "metadata" : { }
      },
      "parametersMetadata" : {
        "metadata" : { }
      }
    }, {
      "majorSchemaVersion" : 3,
      "name" : "********",
      "properties" : { },
      "parameters" : { },
      "propertiesMetadata" : {
        "metadata" : { }
      },
      "parametersMetadata" : {
        "metadata" : { }
      }
    } ],
    "providedDependencies" : [ {
      "majorSchemaVersion" : 3,
      "name" : "app-api",
      "isPublic" : false,
      "properties" : {
        "app-protocol" : "${protocol}",
        "app-uri" : "${default-uri}"
      },
      "parameters" : { },
      "propertiesMetadata" : {
        "metadata" : { }
      },
      "parametersMetadata" : {
        "metadata" : { }
      }
    }, {
      "majorSchemaVersion" : 3,
      "name" : "BTP_CI_CD_Deployment_CAPM-approuter",
      "isPublic" : false,
      "properties" : { },
      "parameters" : { },
      "propertiesMetadata" : {
        "metadata" : { }
      },
      "parametersMetadata" : {
        "metadata" : { }
      }
    } ],
    "propertiesMetadata" : {
      "metadata" : { }
    },
    "parametersMetadata" : {
      "metadata" : { }
    },
    "hooks" : [ ]
  } ],
  "resources" : [ {
    "majorSchemaVersion" : 3,
    "name" : "BTP_CI_CD_Deployment_CAPM-postgres",
    "type" : "org.cloudfoundry.existing-service",
    "properties" : { },
    "parameters" : {
      "type" : "existing-service",
      "service-name" : "PostgreSQLInstance"
    },
    "isActive" : true,
    "isOptional" : false,
    "propertiesMetadata" : {
      "metadata" : { }
    },
    "parametersMetadata" : {
      "metadata" : { }
    },
    "requiredDependencies" : [ ],
    "processedAfter" : [ ]
  }, {
    "majorSchemaVersion" : 3,
    "name" : "********",
    "type" : "org.cloudfoundry.managed-service",
    "properties" : { },
    "parameters" : {
      "path" : "./xs-security.json",
      "service-plan" : "application",
      "type" : "managed-service",
      "config" : {
        "tenant-mode" : "dedicated",
        "xsappname" : "BTP_CI_CD_Deployment_CAPM"
      },
      "service" : "xsuaa"
    },
    "isActive" : true,
    "isOptional" : false,
    "propertiesMetadata" : {
      "metadata" : { }
    },
    "parametersMetadata" : {
      "metadata" : { }
    },
    "requiredDependencies" : [ ],
    "processedAfter" : [ ]
  }, {
    "majorSchemaVersion" : 3,
    "name" : "BTP_CI_CD_Deployment_CAPM-destination",
    "type" : "org.cloudfoundry.managed-service",
    "properties" : { },
    "parameters" : {
      "type" : "managed-service",
      "service" : "destination",
      "service-plan" : "lite"
    },
    "isActive" : true,
    "isOptional" : false,
    "propertiesMetadata" : {
      "metadata" : { }
    },
    "parametersMetadata" : {
      "metadata" : { }
    },
    "requiredDependencies" : [ ],
    "processedAfter" : [ ]
  }, {
    "majorSchemaVersion" : 3,
    "name" : "BTP_CI_CD_Deployment_CAPM-connectivity",
    "type" : "org.cloudfoundry.managed-service",
    "properties" : { },
    "parameters" : {
      "type" : "managed-service",
      "service" : "connectivity",
      "service-plan" : "lite"
    },
    "isActive" : true,
    "isOptional" : false,
    "propertiesMetadata" : {
      "metadata" : { }
    },
    "parametersMetadata" : {
      "metadata" : { }
    },
    "requiredDependencies" : [ ],
    "processedAfter" : [ ]
  } ],
  "parameters" : {
    "enable-parallel-deployments" : true
  },
  "parametersMetadata" : {
    "metadata" : { }
  }
}#
#2026 04 13 19:05:32.393#Z#DEBUG#be2d3d37-376b-11f1-938a-eeee0a8c9147.OPERATION#flowable-async-job-executor-thread-13951#
[MergeDescriptorsStep] Descriptors validated and merged#
#2026 04 13 19:05:32.393#Z#DEBUG#be2d3d37-376b-11f1-938a-eeee0a8c9147.OPERATION#flowable-async-job-executor-thread-13951#
Step "Merge Descriptors" finished#
#2026 04 13 19:05:32.450#Z#DEBUG#be2d3d37-376b-11f1-938a-eeee0a8c9147.OPERATION#flowable-async-job-executor-thread-13951#
[DetectDeployedMtaStep] Executing task "detectDeployedMtaTask" of process "be2d3d5d-376b-11f1-938a-eeee0a8c9147"...#
#2026 04 13 19:05:32.451#Z#DEBUG#be2d3d37-376b-11f1-938a-eeee0a8c9147.OPERATION#flowable-async-job-executor-thread-13951#
[DetectDeployedMtaStep] Detecting deployed MTA...#
#2026 04 13 19:05:32.521#Z#DEBUG#be2d3d37-376b-11f1-938a-eeee0a8c9147.OPERATION#flowable-async-job-executor-thread-13951#
[DetectDeployedMtaStep] Detecting MTA by id BTP_CI_CD_Deployment_CAPM and namespace null#
#2026 04 13 19:05:32.521#Z#DEBUG#be2d3d37-376b-11f1-938a-eeee0a8c9147.OPERATION#flowable-async-job-executor-thread-13951#
[DetectDeployedMtaStep] Getting applications by metadata label selector "mta_id=3b0f768c37638643b763a466c3d766df,!mta_namespace"...#
#2026 04 13 19:05:32.594#Z#DEBUG#be2d3d37-376b-11f1-938a-eeee0a8c9147.OPERATION#flowable-async-job-executor-thread-13951#
[DetectDeployedMtaStep] Getting service instances by metadata label selector "mta_id=3b0f768c37638643b763a466c3d766df,!mta_namespace"...#
#2026 04 13 19:05:32.726#Z#DEBUG#be2d3d37-376b-11f1-938a-eeee0a8c9147.OPERATION#flowable-async-job-executor-thread-13951#
[DetectDeployedMtaStep] Deployed MTA: {
  "metadata" : {
    "id" : "BTP_CI_CD_Deployment_CAPM",
    "version" : "1.0.0"
  },
  "applications" : [ {
    "name" : "BTP_CI_CD_Deployment_CAPM-postgres-deployer",
    "metadata" : {
      "guid" : "c49c6f4e-6a21-4cf0-9f92-c125a8dc9d83",
      "createdAt" : [ 2026, 4, 13, 18, 7, 15 ],
      "updatedAt" : [ 2026, 4, 13, 18, 47, 57 ]
    },
    "v3Metadata" : {
      "annotations" : {
        "mta_id" : "BTP_CI_CD_Deployment_CAPM",
        "mta_version" : "1.0.0",
        "mta_module" : "{\"name\":\"BTP_CI_CD_Deployment_CAPM-postgres-deployer\"}",
        "mta_module_provided_dependencies" : "[]",
        "mta_bound_services" : "[]"
      },
      "labels" : {
        "mta_id" : "3b0f768c37638643b763a466c3d766df"
      }
    },
    "state" : "STOPPED",
    "lifecycle" : {
      "type" : "BUILDPACK",
      "data" : {
        "stack" : "cflinuxfs4",
        "buildpacks" : [ "nodejs_buildpack" ]
      }
    },
    "space" : {
      "name" : "dev",
      "metadata" : {
        "guid" : "811bddec-c6a1-40f6-88ee-deeab5d43e93",
        "createdAt" : [ 2026, 4, 8, 7, 16, 22 ],
        "updatedAt" : [ 2026, 4, 8, 7, 16, 22 ]
      },
      "organization" : {
        "name" : "582fef10trial",
        "metadata" : {
          "guid" : "ceb260de-7f8b-47c1-95d6-4dc331530e2d",
          "createdAt" : [ 2026, 4, 8, 7, 16, 20 ],
          "updatedAt" : [ 2026, 4, 8, 7, 16, 22 ]
        }
      }
    },
    "moduleName" : "BTP_CI_CD_Deployment_CAPM-postgres-deployer",
    "boundMtaServices" : [ ],
    "providedDependencyNames" : [ ],
    "productizationState" : "LIVE"
  }, {
    "name" : "BTP_CI_CD_Deployment_CAPM-approuter",
    "metadata" : {
      "guid" : "56922c12-bbe9-4d92-96fb-99e2e7d3caea",
      "createdAt" : [ 2026, 4, 13, 18, 7, 17 ],
      "updatedAt" : [ 2026, 4, 13, 18, 48, 8 ]
    },
    "v3Metadata" : {
      "annotations" : {
        "mta_id" : "BTP_CI_CD_Deployment_CAPM",
        "mta_version" : "1.0.0",
        "mta_module" : "{\"name\":\"BTP_CI_CD_Deployment_CAPM-approuter\"}",
        "mta_module_provided_dependencies" : "[]",
        "mta_bound_services" : "********"
      },
      "labels" : {
        "mta_id" : "3b0f768c37638643b763a466c3d766df"
      }
    },
    "state" : "STARTED",
    "lifecycle" : {
      "type" : "BUILDPACK",
      "data" : {
        "stack" : "cflinuxfs4",
        "buildpacks" : [ ]
      }
    },
    "space" : {
      "name" : "dev",
      "metadata" : {
        "guid" : "811bddec-c6a1-40f6-88ee-deeab5d43e93",
        "createdAt" : [ 2026, 4, 8, 7, 16, 22 ],
        "updatedAt" : [ 2026, 4, 8, 7, 16, 22 ]
      },
      "organization" : {
        "name" : "582fef10trial",
        "metadata" : {
          "guid" : "ceb260de-7f8b-47c1-95d6-4dc331530e2d",
          "createdAt" : [ 2026, 4, 8, 7, 16, 20 ],
          "updatedAt" : [ 2026, 4, 8, 7, 16, 22 ]
        }
      }
    },
    "moduleName" : "BTP_CI_CD_Deployment_CAPM-approuter",
    "boundMtaServices" : [ "********" ],
    "providedDependencyNames" : [ ],
    "productizationState" : "LIVE"
  }, {
    "name" : "BTP_CI_CD_Deployment_CAPM-srv",
    "metadata" : {
      "guid" : "7698ddb5-9928-4464-8f91-f365800fe760",
      "createdAt" : [ 2026, 4, 13, 18, 7, 17 ],
      "updatedAt" : [ 2026, 4, 13, 18, 48, 18 ]
    },
    "v3Metadata" : {
      "annotations" : {
        "mta_id" : "BTP_CI_CD_Deployment_CAPM",
        "mta_version" : "1.0.0",
        "mta_module" : "{\"name\":\"BTP_CI_CD_Deployment_CAPM-srv\"}",
        "mta_module_provided_dependencies" : "[]",
        "mta_bound_services" : "********"
      },
      "labels" : {
        "mta_id" : "3b0f768c37638643b763a466c3d766df"
      }
    },
    "state" : "STARTED",
    "lifecycle" : {
      "type" : "BUILDPACK",
      "data" : {
        "stack" : "cflinuxfs4",
        "buildpacks" : [ "nodejs_buildpack" ]
      }
    },
    "space" : {
      "name" : "dev",
      "metadata" : {
        "guid" : "811bddec-c6a1-40f6-88ee-deeab5d43e93",
        "createdAt" : [ 2026, 4, 8, 7, 16, 22 ],
        "updatedAt" : [ 2026, 4, 8, 7, 16, 22 ]
      },
      "organization" : {
        "name" : "582fef10trial",
        "metadata" : {
          "guid" : "ceb260de-7f8b-47c1-95d6-4dc331530e2d",
          "createdAt" : [ 2026, 4, 8, 7, 16, 20 ],
          "updatedAt" : [ 2026, 4, 8, 7, 16, 22 ]
        }
      }
    },
    "moduleName" : "BTP_CI_CD_Deployment_CAPM-srv",
    "boundMtaServices" : [ "********", "BTP_CI_CD_Deployment_CAPM-destination", "BTP_CI_CD_Deployment_CAPM-connectivity" ],
    "providedDependencyNames" : [ ],
    "productizationState" : "LIVE"
  } ],
  "services" : [ {
    "name" : "BTP_CI_CD_Deployment_CAPM-connectivity",
    "metadata" : {
      "guid" : "14b0d68c-964e-4d57-849f-01598b4aaacb",
      "createdAt" : [ 2026, 4, 13, 18, 7, 5 ],
      "updatedAt" : [ 2026, 4, 13, 18, 7, 7 ]
    },
    "v3Metadata" : {
      "annotations" : {
        "mta_id" : "BTP_CI_CD_Deployment_CAPM",
        "mta_version" : "1.0.0",
        "mta_resource" : "{\"name\":\"BTP_CI_CD_Deployment_CAPM-connectivity\"}"
      },
      "labels" : {
        "mta_id" : "3b0f768c37638643b763a466c3d766df"
      }
    },
    "label" : "connectivity",
    "plan" : "lite",
    "credentials" : "********",
    "tags" : [ ],
    "type" : "managed",
    "lastOperation" : {
      "type" : "CREATE",
      "description" : "",
      "state" : "SUCCEEDED"
    },
    "resourceName" : "BTP_CI_CD_Deployment_CAPM-connectivity"
  }, {
    "name" : "********",
    "metadata" : {
      "guid" : "e03b5a80-5618-40dc-836a-2f0b8f1e7601",
      "createdAt" : [ 2026, 4, 13, 18, 7, 2 ],
      "updatedAt" : [ 2026, 4, 13, 18, 7, 3 ]
    },
    "v3Metadata" : {
      "annotations" : {
        "mta_id" : "BTP_CI_CD_Deployment_CAPM",
        "mta_version" : "1.0.0",
        "mta_resource" : "********"
      },
      "labels" : {
        "mta_id" : "3b0f768c37638643b763a466c3d766df"
      }
    },
    "label" : "xsuaa",
    "plan" : "application",
    "credentials" : "********",
    "tags" : [ ],
    "type" : "managed",
    "lastOperation" : {
      "type" : "UPDATE",
      "description" : "",
      "state" : "SUCCEEDED"
    },
    "resourceName" : "********"
  }, {
    "name" : "BTP_CI_CD_Deployment_CAPM-destination",
    "metadata" : {
      "guid" : "968afb5b-4c94-4e15-bd63-1774c87536e6",
      "createdAt" : [ 2026, 4, 13, 18, 7, 2 ],
      "updatedAt" : [ 2026, 4, 13, 18, 7, 4 ]
    },
    "v3Metadata" : {
      "annotations" : {
        "mta_version" : "1.0.0",
        "mta_id" : "BTP_CI_CD_Deployment_CAPM",
        "mta_resource" : "{\"name\":\"BTP_CI_CD_Deployment_CAPM-destination\"}"
      },
      "labels" : {
        "mta_id" : "3b0f768c37638643b763a466c3d766df"
      }
    },
    "label" : "destination",
    "plan" : "lite",
    "credentials" : "********",
    "tags" : [ ],
    "type" : "managed",
    "lastOperation" : {
      "type" : "CREATE",
      "description" : "",
      "state" : "SUCCEEDED"
    },
    "resourceName" : "BTP_CI_CD_Deployment_CAPM-destination"
  } ]
}#
#2026 04 13 19:05:32.726#Z#INFO#be2d3d37-376b-11f1-938a-eeee0a8c9147.OPERATION#flowable-async-job-executor-thread-13951#
[DetectDeployedMtaStep] Detected deployed MTA with ID "BTP_CI_CD_Deployment_CAPM" and version "1.0.0"#
#2026 04 13 19:05:32.733#Z#DEBUG#be2d3d37-376b-11f1-938a-eeee0a8c9147.OPERATION#flowable-async-job-executor-thread-13951#
[DetectDeployedMtaStep] Detecting backup mta by id "BTP_CI_CD_Deployment_CAPM" and namespace "null"#
#2026 04 13 19:05:32.733#Z#DEBUG#be2d3d37-376b-11f1-938a-eeee0a8c9147.OPERATION#flowable-async-job-executor-thread-13951#
[DetectDeployedMtaStep] Getting applications by metadata label selector "mta_id=3b0f768c37638643b763a466c3d766df,mta_namespace=b698114a0995e936895b9598a6c19a2c"...#
#2026 04 13 19:05:32.775#Z#DEBUG#be2d3d37-376b-11f1-938a-eeee0a8c9147.OPERATION#flowable-async-job-executor-thread-13951#
[DetectDeployedMtaStep] Getting service instances by metadata label selector "mta_id=3b0f768c37638643b763a466c3d766df,mta_namespace=b698114a0995e936895b9598a6c19a2c"...#
#2026 04 13 19:05:32.833#Z#DEBUG#be2d3d37-376b-11f1-938a-eeee0a8c9147.OPERATION#flowable-async-job-executor-thread-13951#
[DetectDeployedMtaStep] Deployed MTA service keys: [ ]#
#2026 04 13 19:05:32.833#Z#DEBUG#be2d3d37-376b-11f1-938a-eeee0a8c9147.OPERATION#flowable-async-job-executor-thread-13951#
Step "Detect Deployed MTA" finished#
#2026 04 13 19:05:32.881#Z#DEBUG#be2d3d37-376b-11f1-938a-eeee0a8c9147.OPERATION#flowable-async-job-executor-thread-13953#
[XS2CollectSystemParametersStep] Executing task "collectSystemParametersTask" of process "be2d3d5d-376b-11f1-938a-eeee0a8c9147"...#
#2026 04 13 19:05:32.882#Z#DEBUG#be2d3d37-376b-11f1-938a-eeee0a8c9147.OPERATION#flowable-async-job-executor-thread-13953#
[XS2CollectSystemParametersStep] Collecting system parameters...#
#2026 04 13 19:05:32.883#Z#DEBUG#be2d3d37-376b-11f1-938a-eeee0a8c9147.OPERATION#flowable-async-job-executor-thread-13953#
[XS2CollectSystemParametersStep] Getting default domain...#
#2026 04 13 19:05:32.919#Z#DEBUG#be2d3d37-376b-11f1-938a-eeee0a8c9147.OPERATION#flowable-async-job-executor-thread-13953#
[XS2CollectSystemParametersStep] Default domain: cfapps.us10-001.hana.ondemand.com#
#2026 04 13 19:05:32.921#Z#DEBUG#be2d3d37-376b-11f1-938a-eeee0a8c9147.OPERATION#flowable-async-job-executor-thread-13953#
[XS2CollectSystemParametersStep] Checking for overwriting read-only parameters for mta with id: "BTP_CI_CD_Deployment_CAPM"#
#2026 04 13 19:05:32.921#Z#DEBUG#be2d3d37-376b-11f1-938a-eeee0a8c9147.OPERATION#flowable-async-job-executor-thread-13953#
[XS2CollectSystemParametersStep] No read-only parameters are overwritten#
#2026 04 13 19:05:32.938#Z#DEBUG#be2d3d37-376b-11f1-938a-eeee0a8c9147.OPERATION#flowable-async-job-executor-thread-13953#
[XS2CollectSystemParametersStep] Descriptor with system parameters: {
  "majorSchemaVersion" : 3,
  "schemaVersion" : "3.3.0",
  "id" : "BTP_CI_CD_Deployment_CAPM",
  "version" : "1.0.0",
  "modules" : [ {
    "majorSchemaVersion" : 3,
    "name" : "BTP_CI_CD_Deployment_CAPM-srv",
    "type" : "javascript.nodejs",
    "path" : "BTP_CI_CD_Deployment_CAPM-srv",
    "properties" : { },
    "parameters" : {
      "default-url" : "${protocol}://${default-uri}",
      "default-app-name" : "BTP_CI_CD_Deployment_CAPM-srv",
      "generated-password" : "********",
      "default-live-url" : "${protocol}://${default-live-uri}",
      "default-uri" : "${host}.${domain}",
      "default-instances" : 1,
      "default-live-host" : "582fef10trial-dev-btp-ci-cd-deployment-capm-srv",
      "instances" : 1,
      "readiness-health-check-http-endpoint" : "/health",
      "readiness-health-check-type" : "http",
      "buildpack" : "nodejs_buildpack",
      "default-host" : "582fef10trial-dev-btp-ci-cd-deployment-capm-srv",
      "app-name" : "${default-app-name}",
      "default-live-uri" : "582fef10trial-dev-btp-ci-cd-deployment-capm-srv.${domain}",
      "protocol" : "https",
      "default-live-app-name" : "BTP_CI_CD_Deployment_CAPM-srv",
      "default-live-domain" : "cfapps.us10-001.hana.ondemand.com",
      "domain" : "${default-domain}",
      "host" : "${default-host}",
      "generated-user" : "********"
    },
    "requiredDependencies" : [ {
      "majorSchemaVersion" : 3,
      "name" : "BTP_CI_CD_Deployment_CAPM-postgres",
      "properties" : { },
      "parameters" : { },
      "propertiesMetadata" : {
        "metadata" : { }
      },
      "parametersMetadata" : {
        "metadata" : { }
      }
    }, {
      "majorSchemaVersion" : 3,
      "name" : "********",
      "properties" : { },
      "parameters" : { },
      "propertiesMetadata" : {
        "metadata" : { }
      },
      "parametersMetadata" : {
        "metadata" : { }
      }
    }, {
      "majorSchemaVersion" : 3,
      "name" : "BTP_CI_CD_Deployment_CAPM-destination",
      "properties" : { },
      "parameters" : { },
      "propertiesMetadata" : {
        "metadata" : { }
      },
      "parametersMetadata" : {
        "metadata" : { }
      }
    }, {
      "majorSchemaVersion" : 3,
      "name" : "BTP_CI_CD_Deployment_CAPM-connectivity",
      "properties" : { },
      "parameters" : { },
      "propertiesMetadata" : {
        "metadata" : { }
      },
      "parametersMetadata" : {
        "metadata" : { }
      }
    } ],
    "providedDependencies" : [ {
      "majorSchemaVersion" : 3,
      "name" : "srv-api",
      "isPublic" : false,
      "properties" : {
        "srv-url" : "${default-url}"
      },
      "parameters" : { },
      "propertiesMetadata" : {
        "metadata" : { }
      },
      "parametersMetadata" : {
        "metadata" : { }
      }
    }, {
      "majorSchemaVersion" : 3,
      "name" : "BTP_CI_CD_Deployment_CAPM-srv",
      "isPublic" : false,
      "properties" : { },
      "parameters" : { },
      "propertiesMetadata" : {
        "metadata" : { }
      },
      "parametersMetadata" : {
        "metadata" : { }
      }
    } ],
    "propertiesMetadata" : {
      "metadata" : { }
    },
    "parametersMetadata" : {
      "metadata" : { }
    },
    "hooks" : [ ]
  }, {
    "majorSchemaVersion" : 3,
    "name" : "BTP_CI_CD_Deployment_CAPM-postgres-deployer",
    "type" : "javascript.nodejs",
    "path" : "BTP_CI_CD_Deployment_CAPM-postgres-deployer",
    "properties" : { },
    "parameters" : {
      "default-url" : "${protocol}://${default-uri}",
      "default-app-name" : "BTP_CI_CD_Deployment_CAPM-postgres-deployer",
      "generated-password" : "********",
      "default-live-url" : "${protocol}://${default-live-uri}",
      "default-uri" : "${host}.${domain}",
      "default-instances" : 1,
      "no-route" : true,
      "default-live-host" : "582fef10trial-dev-btp-ci-cd-deployment-capm-postgres-deployer",
      "instances" : "${default-instances}",
      "buildpack" : "nodejs_buildpack",
      "default-host" : "582fef10trial-dev-btp-ci-cd-deployment-capm-postgres-deployer",
      "app-name" : "${default-app-name}",
      "default-live-uri" : "582fef10trial-dev-btp-ci-cd-deployment-capm-postgres-deployer.${domain}",
      "protocol" : "https",
      "default-live-app-name" : "BTP_CI_CD_Deployment_CAPM-postgres-deployer",
      "default-live-domain" : "cfapps.us10-001.hana.ondemand.com",
      "domain" : "${default-domain}",
      "host" : "${default-host}",
      "generated-user" : "********",
      "tasks" : [ {
        "command" : "npm start",
        "name" : "deploy-to-postgresql"
      } ],
      "no-start" : true
    },
    "requiredDependencies" : [ {
      "majorSchemaVersion" : 3,
      "name" : "BTP_CI_CD_Deployment_CAPM-postgres",
      "properties" : { },
      "parameters" : { },
      "propertiesMetadata" : {
        "metadata" : { }
      },
      "parametersMetadata" : {
        "metadata" : { }
      }
    } ],
    "providedDependencies" : [ {
      "majorSchemaVersion" : 3,
      "name" : "BTP_CI_CD_Deployment_CAPM-postgres-deployer",
      "isPublic" : false,
      "properties" : { },
      "parameters" : { },
      "propertiesMetadata" : {
        "metadata" : { }
      },
      "parametersMetadata" : {
        "metadata" : { }
      }
    } ],
    "propertiesMetadata" : {
      "metadata" : { }
    },
    "parametersMetadata" : {
      "metadata" : { }
    },
    "hooks" : [ ]
  }, {
    "majorSchemaVersion" : 3,
    "name" : "BTP_CI_CD_Deployment_CAPM-approuter",
    "type" : "javascript.nodejs",
    "path" : "BTP_CI_CD_Deployment_CAPM-approuter",
    "properties" : { },
    "parameters" : {
      "default-url" : "${protocol}://${default-uri}",
      "default-app-name" : "BTP_CI_CD_Deployment_CAPM-approuter",
      "generated-password" : "********",
      "default-live-url" : "${protocol}://${default-live-uri}",
      "default-uri" : "${host}.${domain}",
      "memory" : "256M",
      "default-instances" : 1,
      "default-live-host" : "582fef10trial-dev-btp-ci-cd-deployment-capm-approuter",
      "instances" : "${default-instances}",
      "default-host" : "582fef10trial-dev-btp-ci-cd-deployment-capm-approuter",
      "keep-existing-routes" : true,
      "app-name" : "${default-app-name}",
      "default-live-uri" : "582fef10trial-dev-btp-ci-cd-deployment-capm-approuter.${domain}",
      "protocol" : "https",
      "default-live-app-name" : "BTP_CI_CD_Deployment_CAPM-approuter",
      "default-live-domain" : "cfapps.us10-001.hana.ondemand.com",
      "disk-quota" : "256M",
      "domain" : "${default-domain}",
      "host" : "${default-host}",
      "generated-user" : "********"
    },
    "requiredDependencies" : [ {
      "majorSchemaVersion" : 3,
      "name" : "srv-api",
      "group" : "destinations",
      "properties" : {
        "name" : "srv-api",
        "forwardAuthToken" : "********",
        "url" : "~{srv-url}"
      },
      "parameters" : { },
      "propertiesMetadata" : {
        "metadata" : { }
      },
      "parametersMetadata" : {
        "metadata" : { }
      }
    }, {
      "majorSchemaVersion" : 3,
      "name" : "********",
      "properties" : { },
      "parameters" : { },
      "propertiesMetadata" : {
        "metadata" : { }
      },
      "parametersMetadata" : {
        "metadata" : { }
      }
    } ],
    "providedDependencies" : [ {
      "majorSchemaVersion" : 3,
      "name" : "app-api",
      "isPublic" : false,
      "properties" : {
        "app-protocol" : "${protocol}",
        "app-uri" : "${default-uri}"
      },
      "parameters" : { },
      "propertiesMetadata" : {
        "metadata" : { }
      },
      "parametersMetadata" : {
        "metadata" : { }
      }
    }, {
      "majorSchemaVersion" : 3,
      "name" : "BTP_CI_CD_Deployment_CAPM-approuter",
      "isPublic" : false,
      "properties" : { },
      "parameters" : { },
      "propertiesMetadata" : {
        "metadata" : { }
      },
      "parametersMetadata" : {
        "metadata" : { }
      }
    } ],
    "propertiesMetadata" : {
      "metadata" : { }
    },
    "parametersMetadata" : {
      "metadata" : { }
    },
    "hooks" : [ ]
  } ],
  "resources" : [ {
    "majorSchemaVersion" : 3,
    "name" : "BTP_CI_CD_Deployment_CAPM-postgres",
    "type" : "org.cloudfoundry.existing-service",
    "properties" : { },
    "parameters" : {
      "generated-password" : "********",
      "service-name" : "PostgreSQLInstance",
      "generated-user" : "********",
      "default-xsappname" : "BTP_CI_CD_Deployment_CAPM-postgres",
      "type" : "existing-service",
      "default-service-name" : "BTP_CI_CD_Deployment_CAPM-postgres",
      "default-container-name" : "582FEF10TRIAL_DEV_BTP_CI_CD_DEPLOYMENT_CAPM_POSTGRES"
    },
    "isActive" : true,
    "isOptional" : false,
    "propertiesMetadata" : {
      "metadata" : { }
    },
    "parametersMetadata" : {
      "metadata" : { }
    },
    "requiredDependencies" : [ ],
    "processedAfter" : [ ]
  }, {
    "majorSchemaVersion" : 3,
    "name" : "********",
    "type" : "org.cloudfoundry.managed-service",
    "properties" : { },
    "parameters" : {
      "generated-password" : "********",
      "path" : "./xs-security.json",
      "service-name" : "${default-service-name}",
      "service-plan" : "application",
      "service" : "xsuaa",
      "generated-user" : "********",
      "default-xsappname" : "********",
      "type" : "managed-service",
      "config" : {
        "tenant-mode" : "dedicated",
        "xsappname" : "BTP_CI_CD_Deployment_CAPM"
      },
      "default-service-name" : "********",
      "default-container-name" : "********"
    },
    "isActive" : true,
    "isOptional" : false,
    "propertiesMetadata" : {
      "metadata" : { }
    },
    "parametersMetadata" : {
      "metadata" : { }
    },
    "requiredDependencies" : [ ],
    "processedAfter" : [ ]
  }, {
    "majorSchemaVersion" : 3,
    "name" : "BTP_CI_CD_Deployment_CAPM-destination",
    "type" : "org.cloudfoundry.managed-service",
    "properties" : { },
    "parameters" : {
      "generated-password" : "********",
      "service-name" : "${default-service-name}",
      "service-plan" : "lite",
      "service" : "destination",
      "generated-user" : "********",
      "default-xsappname" : "BTP_CI_CD_Deployment_CAPM-destination",
      "type" : "managed-service",
      "default-service-name" : "BTP_CI_CD_Deployment_CAPM-destination",
      "default-container-name" : "582FEF10TRIAL_DEV_BTP_CI_CD_DEPLOYMENT_CAPM_DESTINATION"
    },
    "isActive" : true,
    "isOptional" : false,
    "propertiesMetadata" : {
      "metadata" : { }
    },
    "parametersMetadata" : {
      "metadata" : { }
    },
    "requiredDependencies" : [ ],
    "processedAfter" : [ ]
  }, {
    "majorSchemaVersion" : 3,
    "name" : "BTP_CI_CD_Deployment_CAPM-connectivity",
    "type" : "org.cloudfoundry.managed-service",
    "properties" : { },
    "parameters" : {
      "generated-password" : "********",
      "service-name" : "${default-service-name}",
      "service-plan" : "lite",
      "service" : "connectivity",
      "generated-user" : "********",
      "default-xsappname" : "BTP_CI_CD_Deployment_CAPM-connectivity",
      "type" : "managed-service",
      "default-service-name" : "BTP_CI_CD_Deployment_CAPM-connectivity",
      "default-container-name" : "582FEF10TRIAL_DEV_BTP_CI_CD_DEPLOYMENT_CAPM_CONNECTIVITY"
    },
    "isActive" : true,
    "isOptional" : false,
    "propertiesMetadata" : {
      "metadata" : { }
    },
    "parametersMetadata" : {
      "metadata" : { }
    },
    "requiredDependencies" : [ ],
    "processedAfter" : [ ]
  } ],
  "parameters" : {
    "mta-id" : "BTP_CI_CD_Deployment_CAPM",
    "authorization-url" : "********",
    "org-guid" : "ceb260de-7f8b-47c1-95d6-4dc331530e2d",
    "org" : "582fef10trial",
    "deploy-target" : "582fef10trial dev",
    "enable-parallel-deployments" : true,
    "space" : "dev",
    "xs-api-url" : "https://api.cf.us10-001.hana.ondemand.com",
    "deploy-url" : "deploy-service.cfapps.us10-001.hana.ondemand.com",
    "xs-type" : "CF",
    "default-domain" : "cfapps.us10-001.hana.ondemand.com",
    "mta-version" : "1.0.0",
    "xs-auth-url" : "********",
    "space-guid" : "811bddec-c6a1-40f6-88ee-deeab5d43e93",
    "user" : "********",
    "controller-url" : "https://api.cf.us10-001.hana.ondemand.com",
    "timestamp" : "20260413190531"
  },
  "parametersMetadata" : {
    "metadata" : { }
  }
}#
#2026 04 13 19:05:32.940#Z#DEBUG#be2d3d37-376b-11f1-938a-eeee0a8c9147.OPERATION#flowable-async-job-executor-thread-13953#
[XS2CollectSystemParametersStep] Version rule: SAME_HIGHER#
#2026 04 13 19:05:32.940#Z#INFO#be2d3d37-376b-11f1-938a-eeee0a8c9147.OPERATION#flowable-async-job-executor-thread-13953#
[XS2CollectSystemParametersStep] Detected new MTA version: "1.0.0"#
#2026 04 13 19:05:32.946#Z#INFO#be2d3d37-376b-11f1-938a-eeee0a8c9147.OPERATION#flowable-async-job-executor-thread-13953#
[XS2CollectSystemParametersStep] Deployed MTA version: "1.0.0"#
#2026 04 13 19:05:32.951#Z#DEBUG#be2d3d37-376b-11f1-938a-eeee0a8c9147.OPERATION#flowable-async-job-executor-thread-13953#
[XS2CollectSystemParametersStep] MTA accepted for deployment#
#2026 04 13 19:05:32.952#Z#DEBUG#be2d3d37-376b-11f1-938a-eeee0a8c9147.OPERATION#flowable-async-job-executor-thread-13953#
[XS2CollectSystemParametersStep] System parameters collected#
#2026 04 13 19:05:32.952#Z#DEBUG#be2d3d37-376b-11f1-938a-eeee0a8c9147.OPERATION#flowable-async-job-executor-thread-13953#
Step "Collect System Parameters" finished#
#2026 04 13 19:05:32.993#Z#DEBUG#be2d3d37-376b-11f1-938a-eeee0a8c9147.OPERATION#flowable-async-job-executor-thread-13953#
[ProcessDescriptorStep] Executing task "processDescriptorTask" of process "be2d3d5d-376b-11f1-938a-eeee0a8c9147"...#
#2026 04 13 19:05:32.994#Z#DEBUG#be2d3d37-376b-11f1-938a-eeee0a8c9147.OPERATION#flowable-async-job-executor-thread-13953#
[ProcessDescriptorStep] Resolving properties and parameters in merged descriptor...#
#2026 04 13 19:05:32.999#Z#DEBUG#be2d3d37-376b-11f1-938a-eeee0a8c9147.OPERATION#flowable-async-job-executor-thread-13953#
[ProcessDescriptorStep] Subscriptions: [ ]#
#2026 04 13 19:05:32.999#Z#DEBUG#be2d3d37-376b-11f1-938a-eeee0a8c9147.OPERATION#flowable-async-job-executor-thread-13953#
[ProcessDescriptorStep] MTA modules: [BTP_CI_CD_Deployment_CAPM-approuter, BTP_CI_CD_Deployment_CAPM-srv, BTP_CI_CD_Deployment_CAPM-postgres-deployer]#
#2026 04 13 19:05:33.000#Z#DEBUG#be2d3d37-376b-11f1-938a-eeee0a8c9147.OPERATION#flowable-async-job-executor-thread-13953#
[ProcessDescriptorStep] Resolved deployment descriptor: {
  "majorSchemaVersion" : 3,
  "schemaVersion" : "3.3.0",
  "id" : "BTP_CI_CD_Deployment_CAPM",
  "version" : "1.0.0",
  "modules" : [ {
    "majorSchemaVersion" : 3,
    "name" : "BTP_CI_CD_Deployment_CAPM-srv",
    "type" : "javascript.nodejs",
    "path" : "BTP_CI_CD_Deployment_CAPM-srv",
    "properties" : { },
    "parameters" : {
      "default-url" : "https://582fef10trial-dev-btp-ci-cd-deployment-capm-srv.cfapps.us10-001.hana.ondemand.com",
      "default-app-name" : "BTP_CI_CD_Deployment_CAPM-srv",
      "generated-password" : "********",
      "default-live-url" : "https://582fef10trial-dev-btp-ci-cd-deployment-capm-srv.cfapps.us10-001.hana.ondemand.com",
      "default-uri" : "582fef10trial-dev-btp-ci-cd-deployment-capm-srv.cfapps.us10-001.hana.ondemand.com",
      "default-instances" : 1,
      "default-live-host" : "582fef10trial-dev-btp-ci-cd-deployment-capm-srv",
      "instances" : 1,
      "readiness-health-check-http-endpoint" : "/health",
      "readiness-health-check-type" : "http",
      "buildpack" : "nodejs_buildpack",
      "default-host" : "582fef10trial-dev-btp-ci-cd-deployment-capm-srv",
      "app-name" : "BTP_CI_CD_Deployment_CAPM-srv",
      "default-live-uri" : "582fef10trial-dev-btp-ci-cd-deployment-capm-srv.cfapps.us10-001.hana.ondemand.com",
      "protocol" : "https",
      "default-live-app-name" : "BTP_CI_CD_Deployment_CAPM-srv",
      "default-live-domain" : "cfapps.us10-001.hana.ondemand.com",
      "domain" : "cfapps.us10-001.hana.ondemand.com",
      "host" : "582fef10trial-dev-btp-ci-cd-deployment-capm-srv",
      "generated-user" : "********"
    },
    "requiredDependencies" : [ {
      "majorSchemaVersion" : 3,
      "name" : "BTP_CI_CD_Deployment_CAPM-postgres",
      "properties" : { },
      "parameters" : { },
      "propertiesMetadata" : {
        "metadata" : { }
      },
      "parametersMetadata" : {
        "metadata" : { }
      }
    }, {
      "majorSchemaVersion" : 3,
      "name" : "********",
      "properties" : { },
      "parameters" : { },
      "propertiesMetadata" : {
        "metadata" : { }
      },
      "parametersMetadata" : {
        "metadata" : { }
      }
    }, {
      "majorSchemaVersion" : 3,
      "name" : "BTP_CI_CD_Deployment_CAPM-destination",
      "properties" : { },
      "parameters" : { },
      "propertiesMetadata" : {
        "metadata" : { }
      },
      "parametersMetadata" : {
        "metadata" : { }
      }
    }, {
      "majorSchemaVersion" : 3,
      "name" : "BTP_CI_CD_Deployment_CAPM-connectivity",
      "properties" : { },
      "parameters" : { },
      "propertiesMetadata" : {
        "metadata" : { }
      },
      "parametersMetadata" : {
        "metadata" : { }
      }
    } ],
    "providedDependencies" : [ {
      "majorSchemaVersion" : 3,
      "name" : "srv-api",
      "isPublic" : false,
      "properties" : {
        "srv-url" : "https://582fef10trial-dev-btp-ci-cd-deployment-capm-srv.cfapps.us10-001.hana.ondemand.com"
      },
      "parameters" : { },
      "propertiesMetadata" : {
        "metadata" : { }
      },
      "parametersMetadata" : {
        "metadata" : { }
      }
    }, {
      "majorSchemaVersion" : 3,
      "name" : "BTP_CI_CD_Deployment_CAPM-srv",
      "isPublic" : false,
      "properties" : { },
      "parameters" : { },
      "propertiesMetadata" : {
        "metadata" : { }
      },
      "parametersMetadata" : {
        "metadata" : { }
      }
    } ],
    "propertiesMetadata" : {
      "metadata" : { }
    },
    "parametersMetadata" : {
      "metadata" : { }
    },
    "hooks" : [ ]
  }, {
    "majorSchemaVersion" : 3,
    "name" : "BTP_CI_CD_Deployment_CAPM-postgres-deployer",
    "type" : "javascript.nodejs",
    "path" : "BTP_CI_CD_Deployment_CAPM-postgres-deployer",
    "properties" : { },
    "parameters" : {
      "default-url" : "https://582fef10trial-dev-btp-ci-cd-deployment-capm-postgres-deployer.cfapps.us10-001.hana.ondemand.com",
      "default-app-name" : "BTP_CI_CD_Deployment_CAPM-postgres-deployer",
      "generated-password" : "********",
      "default-live-url" : "https://582fef10trial-dev-btp-ci-cd-deployment-capm-postgres-deployer.cfapps.us10-001.hana.ondemand.com",
      "default-uri" : "582fef10trial-dev-btp-ci-cd-deployment-capm-postgres-deployer.cfapps.us10-001.hana.ondemand.com",
      "default-instances" : 1,
      "no-route" : true,
      "default-live-host" : "582fef10trial-dev-btp-ci-cd-deployment-capm-postgres-deployer",
      "instances" : 1,
      "buildpack" : "nodejs_buildpack",
      "default-host" : "582fef10trial-dev-btp-ci-cd-deployment-capm-postgres-deployer",
      "app-name" : "BTP_CI_CD_Deployment_CAPM-postgres-deployer",
      "default-live-uri" : "582fef10trial-dev-btp-ci-cd-deployment-capm-postgres-deployer.cfapps.us10-001.hana.ondemand.com",
      "protocol" : "https",
      "default-live-app-name" : "BTP_CI_CD_Deployment_CAPM-postgres-deployer",
      "default-live-domain" : "cfapps.us10-001.hana.ondemand.com",
      "domain" : "cfapps.us10-001.hana.ondemand.com",
      "host" : "582fef10trial-dev-btp-ci-cd-deployment-capm-postgres-deployer",
      "generated-user" : "********",
      "tasks" : [ {
        "command" : "npm start",
        "name" : "deploy-to-postgresql"
      } ],
      "no-start" : true
    },
    "requiredDependencies" : [ {
      "majorSchemaVersion" : 3,
      "name" : "BTP_CI_CD_Deployment_CAPM-postgres",
      "properties" : { },
      "parameters" : { },
      "propertiesMetadata" : {
        "metadata" : { }
      },
      "parametersMetadata" : {
        "metadata" : { }
      }
    } ],
    "providedDependencies" : [ {
      "majorSchemaVersion" : 3,
      "name" : "BTP_CI_CD_Deployment_CAPM-postgres-deployer",
      "isPublic" : false,
      "properties" : { },
      "parameters" : { },
      "propertiesMetadata" : {
        "metadata" : { }
      },
      "parametersMetadata" : {
        "metadata" : { }
      }
    } ],
    "propertiesMetadata" : {
      "metadata" : { }
    },
    "parametersMetadata" : {
      "metadata" : { }
    },
    "hooks" : [ ]
  }, {
    "majorSchemaVersion" : 3,
    "name" : "BTP_CI_CD_Deployment_CAPM-approuter",
    "type" : "javascript.nodejs",
    "path" : "BTP_CI_CD_Deployment_CAPM-approuter",
    "properties" : { },
    "parameters" : {
      "default-url" : "https://582fef10trial-dev-btp-ci-cd-deployment-capm-approuter.cfapps.us10-001.hana.ondemand.com",
      "default-app-name" : "BTP_CI_CD_Deployment_CAPM-approuter",
      "generated-password" : "********",
      "default-live-url" : "https://582fef10trial-dev-btp-ci-cd-deployment-capm-approuter.cfapps.us10-001.hana.ondemand.com",
      "default-uri" : "582fef10trial-dev-btp-ci-cd-deployment-capm-approuter.cfapps.us10-001.hana.ondemand.com",
      "memory" : "256M",
      "default-instances" : 1,
      "default-live-host" : "582fef10trial-dev-btp-ci-cd-deployment-capm-approuter",
      "instances" : 1,
      "default-host" : "582fef10trial-dev-btp-ci-cd-deployment-capm-approuter",
      "keep-existing-routes" : true,
      "app-name" : "BTP_CI_CD_Deployment_CAPM-approuter",
      "default-live-uri" : "582fef10trial-dev-btp-ci-cd-deployment-capm-approuter.cfapps.us10-001.hana.ondemand.com",
      "protocol" : "https",
      "default-live-app-name" : "BTP_CI_CD_Deployment_CAPM-approuter",
      "default-live-domain" : "cfapps.us10-001.hana.ondemand.com",
      "disk-quota" : "256M",
      "domain" : "cfapps.us10-001.hana.ondemand.com",
      "host" : "582fef10trial-dev-btp-ci-cd-deployment-capm-approuter",
      "generated-user" : "********"
    },
    "requiredDependencies" : [ {
      "majorSchemaVersion" : 3,
      "name" : "srv-api",
      "group" : "destinations",
      "properties" : {
        "name" : "srv-api",
        "forwardAuthToken" : "********",
        "url" : "https://582fef10trial-dev-btp-ci-cd-deployment-capm-srv.cfapps.us10-001.hana.ondemand.com"
      },
      "parameters" : { },
      "propertiesMetadata" : {
        "metadata" : { }
      },
      "parametersMetadata" : {
        "metadata" : { }
      }
    }, {
      "majorSchemaVersion" : 3,
      "name" : "********",
      "properties" : { },
      "parameters" : { },
      "propertiesMetadata" : {
        "metadata" : { }
      },
      "parametersMetadata" : {
        "metadata" : { }
      }
    } ],
    "providedDependencies" : [ {
      "majorSchemaVersion" : 3,
      "name" : "app-api",
      "isPublic" : false,
      "properties" : {
        "app-protocol" : "https",
        "app-uri" : "582fef10trial-dev-btp-ci-cd-deployment-capm-approuter.cfapps.us10-001.hana.ondemand.com"
      },
      "parameters" : { },
      "propertiesMetadata" : {
        "metadata" : { }
      },
      "parametersMetadata" : {
        "metadata" : { }
      }
    }, {
      "majorSchemaVersion" : 3,
      "name" : "BTP_CI_CD_Deployment_CAPM-approuter",
      "isPublic" : false,
      "properties" : { },
      "parameters" : { },
      "propertiesMetadata" : {
        "metadata" : { }
      },
      "parametersMetadata" : {
        "metadata" : { }
      }
    } ],
    "propertiesMetadata" : {
      "metadata" : { }
    },
    "parametersMetadata" : {
      "metadata" : { }
    },
    "hooks" : [ ]
  } ],
  "resources" : [ {
    "majorSchemaVersion" : 3,
    "name" : "BTP_CI_CD_Deployment_CAPM-postgres",
    "type" : "org.cloudfoundry.existing-service",
    "properties" : { },
    "parameters" : {
      "generated-password" : "********",
      "service-name" : "PostgreSQLInstance",
      "generated-user" : "********",
      "default-xsappname" : "BTP_CI_CD_Deployment_CAPM-postgres",
      "type" : "existing-service",
      "default-service-name" : "BTP_CI_CD_Deployment_CAPM-postgres",
      "default-container-name" : "582FEF10TRIAL_DEV_BTP_CI_CD_DEPLOYMENT_CAPM_POSTGRES"
    },
    "isActive" : true,
    "isOptional" : false,
    "propertiesMetadata" : {
      "metadata" : { }
    },
    "parametersMetadata" : {
      "metadata" : { }
    },
    "requiredDependencies" : [ ],
    "processedAfter" : [ ]
  }, {
    "majorSchemaVersion" : 3,
    "name" : "********",
    "type" : "org.cloudfoundry.managed-service",
    "properties" : { },
    "parameters" : {
      "generated-password" : "********",
      "path" : "./xs-security.json",
      "service-name" : "********",
      "service-plan" : "application",
      "service" : "xsuaa",
      "generated-user" : "********",
      "default-xsappname" : "********",
      "type" : "managed-service",
      "config" : {
        "tenant-mode" : "dedicated",
        "xsappname" : "BTP_CI_CD_Deployment_CAPM"
      },
      "default-service-name" : "********",
      "default-container-name" : "********"
    },
    "isActive" : true,
    "isOptional" : false,
    "propertiesMetadata" : {
      "metadata" : { }
    },
    "parametersMetadata" : {
      "metadata" : { }
    },
    "requiredDependencies" : [ ],
    "processedAfter" : [ ]
  }, {
    "majorSchemaVersion" : 3,
    "name" : "BTP_CI_CD_Deployment_CAPM-destination",
    "type" : "org.cloudfoundry.managed-service",
    "properties" : { },
    "parameters" : {
      "generated-password" : "********",
      "service-name" : "BTP_CI_CD_Deployment_CAPM-destination",
      "service-plan" : "lite",
      "service" : "destination",
      "generated-user" : "********",
      "default-xsappname" : "BTP_CI_CD_Deployment_CAPM-destination",
      "type" : "managed-service",
      "default-service-name" : "BTP_CI_CD_Deployment_CAPM-destination",
      "default-container-name" : "582FEF10TRIAL_DEV_BTP_CI_CD_DEPLOYMENT_CAPM_DESTINATION"
    },
    "isActive" : true,
    "isOptional" : false,
    "propertiesMetadata" : {
      "metadata" : { }
    },
    "parametersMetadata" : {
      "metadata" : { }
    },
    "requiredDependencies" : [ ],
    "processedAfter" : [ ]
  }, {
    "majorSchemaVersion" : 3,
    "name" : "BTP_CI_CD_Deployment_CAPM-connectivity",
    "type" : "org.cloudfoundry.managed-service",
    "properties" : { },
    "parameters" : {
      "generated-password" : "********",
      "service-name" : "BTP_CI_CD_Deployment_CAPM-connectivity",
      "service-plan" : "lite",
      "service" : "connectivity",
      "generated-user" : "********",
      "default-xsappname" : "BTP_CI_CD_Deployment_CAPM-connectivity",
      "type" : "managed-service",
      "default-service-name" : "BTP_CI_CD_Deployment_CAPM-connectivity",
      "default-container-name" : "582FEF10TRIAL_DEV_BTP_CI_CD_DEPLOYMENT_CAPM_CONNECTIVITY"
    },
    "isActive" : true,
    "isOptional" : false,
    "propertiesMetadata" : {
      "metadata" : { }
    },
    "parametersMetadata" : {
      "metadata" : { }
    },
    "requiredDependencies" : [ ],
    "processedAfter" : [ ]
  } ],
  "parameters" : {
    "mta-id" : "BTP_CI_CD_Deployment_CAPM",
    "authorization-url" : "********",
    "org-guid" : "ceb260de-7f8b-47c1-95d6-4dc331530e2d",
    "org" : "582fef10trial",
    "deploy-target" : "582fef10trial dev",
    "enable-parallel-deployments" : true,
    "region-primary-domain" : "us10.hana.ondemand.com",
    "space" : "dev",
    "region-domain" : "us10-001.hana.ondemand.com",
    "xs-api-url" : "https://api.cf.us10-001.hana.ondemand.com",
    "deploy-url" : "deploy-service.cfapps.us10-001.hana.ondemand.com",
    "xs-type" : "CF",
    "default-domain" : "cfapps.us10-001.hana.ondemand.com",
    "mta-version" : "1.0.0",
    "xs-auth-url" : "********",
    "space-guid" : "811bddec-c6a1-40f6-88ee-deeab5d43e93",
    "user" : "********",
    "controller-url" : "https://api.cf.us10-001.hana.ondemand.com",
    "timestamp" : "20260413190531"
  },
  "parametersMetadata" : {
    "metadata" : { }
  }
}#
#2026 04 13 19:05:33.000#Z#DEBUG#be2d3d37-376b-11f1-938a-eeee0a8c9147.OPERATION#flowable-async-job-executor-thread-13953#
[ProcessDescriptorStep] Merged descriptor properties and parameters resolved#
#2026 04 13 19:05:33.000#Z#DEBUG#be2d3d37-376b-11f1-938a-eeee0a8c9147.OPERATION#flowable-async-job-executor-thread-13953#
Step "Process Descriptor Step" finished#
#2026 04 13 19:05:33.055#Z#DEBUG#be2d3d37-376b-11f1-938a-eeee0a8c9147.OPERATION#flowable-async-job-executor-thread-13947#
[XS2BuildCloudDeployModelStep] Executing task "buildDeployModelTask" of process "be2d3d5d-376b-11f1-938a-eeee0a8c9147"...#
#2026 04 13 19:05:33.060#Z#DEBUG#be2d3d37-376b-11f1-938a-eeee0a8c9147.OPERATION#flowable-async-job-executor-thread-13947#
[XS2BuildCloudDeployModelStep] Service keys defined for content deployment grouped by service name: { }#
#2026 04 13 19:05:33.060#Z#DEBUG#be2d3d37-376b-11f1-938a-eeee0a8c9147.OPERATION#flowable-async-job-executor-thread-13947#
[XS2BuildCloudDeployModelStep] Building cloud deployment model...#
#2026 04 13 19:05:33.062#Z#DEBUG#be2d3d37-376b-11f1-938a-eeee0a8c9147.OPERATION#flowable-async-job-executor-thread-13947#
[XS2BuildCloudDeployModelStep] MTA archive modules: [BTP_CI_CD_Deployment_CAPM-approuter, BTP_CI_CD_Deployment_CAPM-postgres-deployer, BTP_CI_CD_Deployment_CAPM-srv]#
#2026 04 13 19:05:33.062#Z#DEBUG#be2d3d37-376b-11f1-938a-eeee0a8c9147.OPERATION#flowable-async-job-executor-thread-13947#
[XS2BuildCloudDeployModelStep] Deployed modules: [BTP_CI_CD_Deployment_CAPM-approuter, BTP_CI_CD_Deployment_CAPM-postgres-deployer, BTP_CI_CD_Deployment_CAPM-srv]#
#2026 04 13 19:05:33.063#Z#DEBUG#be2d3d37-376b-11f1-938a-eeee0a8c9147.OPERATION#flowable-async-job-executor-thread-13947#
[XS2BuildCloudDeployModelStep] MTA modules: [BTP_CI_CD_Deployment_CAPM-approuter, BTP_CI_CD_Deployment_CAPM-srv, BTP_CI_CD_Deployment_CAPM-postgres-deployer]#
#2026 04 13 19:05:33.064#Z#DEBUG#be2d3d37-376b-11f1-938a-eeee0a8c9147.OPERATION#flowable-async-job-executor-thread-13947#
[XS2BuildCloudDeployModelStep] Service keys to create: {
  "BTP_CI_CD_Deployment_CAPM-auth" : "********",
  "BTP_CI_CD_Deployment_CAPM-destination" : [ ],
  "BTP_CI_CD_Deployment_CAPM-postgres" : [ ],
  "BTP_CI_CD_Deployment_CAPM-connectivity" : [ ]
}#
#2026 04 13 19:05:33.064#Z#DEBUG#be2d3d37-376b-11f1-938a-eeee0a8c9147.OPERATION#flowable-async-job-executor-thread-13947#
[XS2BuildCloudDeployModelStep] Modules to deploy: [{
  "majorSchemaVersion" : 3,
  "name" : "BTP_CI_CD_Deployment_CAPM-srv",
  "type" : "javascript.nodejs",
  "path" : "BTP_CI_CD_Deployment_CAPM-srv",
  "properties" : { },
  "parameters" : {
    "default-url" : "https://582fef10trial-dev-btp-ci-cd-deployment-capm-srv.cfapps.us10-001.hana.ondemand.com",
    "default-app-name" : "BTP_CI_CD_Deployment_CAPM-srv",
    "generated-password" : "********",
    "default-live-url" : "https://582fef10trial-dev-btp-ci-cd-deployment-capm-srv.cfapps.us10-001.hana.ondemand.com",
    "default-uri" : "582fef10trial-dev-btp-ci-cd-deployment-capm-srv.cfapps.us10-001.hana.ondemand.com",
    "default-instances" : 1,
    "default-live-host" : "582fef10trial-dev-btp-ci-cd-deployment-capm-srv",
    "instances" : 1,
    "readiness-health-check-http-endpoint" : "/health",
    "readiness-health-check-type" : "http",
    "buildpack" : "nodejs_buildpack",
    "default-host" : "582fef10trial-dev-btp-ci-cd-deployment-capm-srv",
    "app-name" : "BTP_CI_CD_Deployment_CAPM-srv",
    "default-live-uri" : "582fef10trial-dev-btp-ci-cd-deployment-capm-srv.cfapps.us10-001.hana.ondemand.com",
    "protocol" : "https",
    "default-live-app-name" : "BTP_CI_CD_Deployment_CAPM-srv",
    "default-live-domain" : "cfapps.us10-001.hana.ondemand.com",
    "dependency-type" : "soft",
    "domain" : "cfapps.us10-001.hana.ondemand.com",
    "host" : "582fef10trial-dev-btp-ci-cd-deployment-capm-srv",
    "generated-user" : "********"
  },
  "requiredDependencies" : [ {
    "majorSchemaVersion" : 3,
    "name" : "BTP_CI_CD_Deployment_CAPM-postgres",
    "properties" : { },
    "parameters" : { },
    "propertiesMetadata" : {
      "metadata" : { }
    },
    "parametersMetadata" : {
      "metadata" : { }
    }
  }, {
    "majorSchemaVersion" : 3,
    "name" : "********",
    "properties" : { },
    "parameters" : { },
    "propertiesMetadata" : {
      "metadata" : { }
    },
    "parametersMetadata" : {
      "metadata" : { }
    }
  }, {
    "majorSchemaVersion" : 3,
    "name" : "BTP_CI_CD_Deployment_CAPM-destination",
    "properties" : { },
    "parameters" : { },
    "propertiesMetadata" : {
      "metadata" : { }
    },
    "parametersMetadata" : {
      "metadata" : { }
    }
  }, {
    "majorSchemaVersion" : 3,
    "name" : "BTP_CI_CD_Deployment_CAPM-connectivity",
    "properties" : { },
    "parameters" : { },
    "propertiesMetadata" : {
      "metadata" : { }
    },
    "parametersMetadata" : {
      "metadata" : { }
    }
  } ],
  "providedDependencies" : [ {
    "majorSchemaVersion" : 3,
    "name" : "srv-api",
    "isPublic" : false,
    "properties" : {
      "srv-url" : "https://582fef10trial-dev-btp-ci-cd-deployment-capm-srv.cfapps.us10-001.hana.ondemand.com"
    },
    "parameters" : { },
    "propertiesMetadata" : {
      "metadata" : { }
    },
    "parametersMetadata" : {
      "metadata" : { }
    }
  }, {
    "majorSchemaVersion" : 3,
    "name" : "BTP_CI_CD_Deployment_CAPM-srv",
    "isPublic" : false,
    "properties" : { },
    "parameters" : { },
    "propertiesMetadata" : {
      "metadata" : { }
    },
    "parametersMetadata" : {
      "metadata" : { }
    }
  } ],
  "propertiesMetadata" : {
    "metadata" : { }
  },
  "parametersMetadata" : {
    "metadata" : { }
  },
  "deployedAfter" : [ ],
  "hooks" : [ ]
}, {
  "majorSchemaVersion" : 3,
  "name" : "BTP_CI_CD_Deployment_CAPM-postgres-deployer",
  "type" : "javascript.nodejs",
  "path" : "BTP_CI_CD_Deployment_CAPM-postgres-deployer",
  "properties" : { },
  "parameters" : {
    "default-url" : "https://582fef10trial-dev-btp-ci-cd-deployment-capm-postgres-deployer.cfapps.us10-001.hana.ondemand.com",
    "default-app-name" : "BTP_CI_CD_Deployment_CAPM-postgres-deployer",
    "generated-password" : "********",
    "default-live-url" : "https://582fef10trial-dev-btp-ci-cd-deployment-capm-postgres-deployer.cfapps.us10-001.hana.ondemand.com",
    "default-uri" : "582fef10trial-dev-btp-ci-cd-deployment-capm-postgres-deployer.cfapps.us10-001.hana.ondemand.com",
    "default-instances" : 1,
    "no-route" : true,
    "default-live-host" : "582fef10trial-dev-btp-ci-cd-deployment-capm-postgres-deployer",
    "instances" : 1,
    "buildpack" : "nodejs_buildpack",
    "default-host" : "582fef10trial-dev-btp-ci-cd-deployment-capm-postgres-deployer",
    "app-name" : "BTP_CI_CD_Deployment_CAPM-postgres-deployer",
    "default-live-uri" : "582fef10trial-dev-btp-ci-cd-deployment-capm-postgres-deployer.cfapps.us10-001.hana.ondemand.com",
    "protocol" : "https",
    "default-live-app-name" : "BTP_CI_CD_Deployment_CAPM-postgres-deployer",
    "default-live-domain" : "cfapps.us10-001.hana.ondemand.com",
    "dependency-type" : "soft",
    "domain" : "cfapps.us10-001.hana.ondemand.com",
    "host" : "582fef10trial-dev-btp-ci-cd-deployment-capm-postgres-deployer",
    "generated-user" : "********",
    "tasks" : [ {
      "command" : "npm start",
      "name" : "deploy-to-postgresql"
    } ],
    "no-start" : true
  },
  "requiredDependencies" : [ {
    "majorSchemaVersion" : 3,
    "name" : "BTP_CI_CD_Deployment_CAPM-postgres",
    "properties" : { },
    "parameters" : { },
    "propertiesMetadata" : {
      "metadata" : { }
    },
    "parametersMetadata" : {
      "metadata" : { }
    }
  } ],
  "providedDependencies" : [ {
    "majorSchemaVersion" : 3,
    "name" : "BTP_CI_CD_Deployment_CAPM-postgres-deployer",
    "isPublic" : false,
    "properties" : { },
    "parameters" : { },
    "propertiesMetadata" : {
      "metadata" : { }
    },
    "parametersMetadata" : {
      "metadata" : { }
    }
  } ],
  "propertiesMetadata" : {
    "metadata" : { }
  },
  "parametersMetadata" : {
    "metadata" : { }
  },
  "deployedAfter" : [ ],
  "hooks" : [ ]
}, {
  "majorSchemaVersion" : 3,
  "name" : "BTP_CI_CD_Deployment_CAPM-approuter",
  "type" : "javascript.nodejs",
  "path" : "BTP_CI_CD_Deployment_CAPM-approuter",
  "properties" : { },
  "parameters" : {
    "default-url" : "https://582fef10trial-dev-btp-ci-cd-deployment-capm-approuter.cfapps.us10-001.hana.ondemand.com",
    "default-app-name" : "BTP_CI_CD_Deployment_CAPM-approuter",
    "generated-password" : "********",
    "default-live-url" : "https://582fef10trial-dev-btp-ci-cd-deployment-capm-approuter.cfapps.us10-001.hana.ondemand.com",
    "default-uri" : "582fef10trial-dev-btp-ci-cd-deployment-capm-approuter.cfapps.us10-001.hana.ondemand.com",
    "memory" : "256M",
    "default-instances" : 1,
    "default-live-host" : "582fef10trial-dev-btp-ci-cd-deployment-capm-approuter",
    "instances" : 1,
    "default-host" : "582fef10trial-dev-btp-ci-cd-deployment-capm-approuter",
    "keep-existing-routes" : true,
    "app-name" : "BTP_CI_CD_Deployment_CAPM-approuter",
    "default-live-uri" : "582fef10trial-dev-btp-ci-cd-deployment-capm-approuter.cfapps.us10-001.hana.ondemand.com",
    "protocol" : "https",
    "default-live-app-name" : "BTP_CI_CD_Deployment_CAPM-approuter",
    "default-live-domain" : "cfapps.us10-001.hana.ondemand.com",
    "disk-quota" : "256M",
    "dependency-type" : "soft",
    "domain" : "cfapps.us10-001.hana.ondemand.com",
    "host" : "582fef10trial-dev-btp-ci-cd-deployment-capm-approuter",
    "generated-user" : "********"
  },
  "requiredDependencies" : [ {
    "majorSchemaVersion" : 3,
    "name" : "srv-api",
    "group" : "destinations",
    "properties" : {
      "name" : "srv-api",
      "forwardAuthToken" : "********",
      "url" : "https://582fef10trial-dev-btp-ci-cd-deployment-capm-srv.cfapps.us10-001.hana.ondemand.com"
    },
    "parameters" : { },
    "propertiesMetadata" : {
      "metadata" : { }
    },
    "parametersMetadata" : {
      "metadata" : { }
    }
  }, {
    "majorSchemaVersion" : 3,
    "name" : "********",
    "properties" : { },
    "parameters" : { },
    "propertiesMetadata" : {
      "metadata" : { }
    },
    "parametersMetadata" : {
      "metadata" : { }
    }
  } ],
  "providedDependencies" : [ {
    "majorSchemaVersion" : 3,
    "name" : "app-api",
    "isPublic" : false,
    "properties" : {
      "app-protocol" : "https",
      "app-uri" : "582fef10trial-dev-btp-ci-cd-deployment-capm-approuter.cfapps.us10-001.hana.ondemand.com"
    },
    "parameters" : { },
    "propertiesMetadata" : {
      "metadata" : { }
    },
    "parametersMetadata" : {
      "metadata" : { }
    }
  }, {
    "majorSchemaVersion" : 3,
    "name" : "BTP_CI_CD_Deployment_CAPM-approuter",
    "isPublic" : false,
    "properties" : { },
    "parameters" : { },
    "propertiesMetadata" : {
      "metadata" : { }
    },
    "parametersMetadata" : {
      "metadata" : { }
    }
  } ],
  "propertiesMetadata" : {
    "metadata" : { }
  },
  "parametersMetadata" : {
    "metadata" : { }
  },
  "deployedAfter" : [ ],
  "hooks" : [ ]
}]#
#2026 04 13 19:05:33.065#Z#DEBUG#be2d3d37-376b-11f1-938a-eeee0a8c9147.OPERATION#flowable-async-job-executor-thread-13947#
[XS2BuildCloudDeployModelStep] Custom domains: []#
#2026 04 13 19:05:33.067#Z#DEBUG#be2d3d37-376b-11f1-938a-eeee0a8c9147.OPERATION#flowable-async-job-executor-thread-13947#
[XS2BuildCloudDeployModelStep] Getting service instance "PostgreSQLInstance"...#
#2026 04 13 19:05:33.212#Z#DEBUG#be2d3d37-376b-11f1-938a-eeee0a8c9147.OPERATION#flowable-async-job-executor-thread-13947#
[XS2BuildCloudDeployModelStep] Calculating resource batches...#
#2026 04 13 19:05:33.212#Z#DEBUG#be2d3d37-376b-11f1-938a-eeee0a8c9147.OPERATION#flowable-async-job-executor-thread-13947#
[XS2BuildCloudDeployModelStep] Calculating resource batches completed.#
#2026 04 13 19:05:33.212#Z#DEBUG#be2d3d37-376b-11f1-938a-eeee0a8c9147.OPERATION#flowable-async-job-executor-thread-13947#
[XS2BuildCloudDeployModelStep] Cloud deployment model built#
#2026 04 13 19:05:33.212#Z#DEBUG#be2d3d37-376b-11f1-938a-eeee0a8c9147.OPERATION#flowable-async-job-executor-thread-13947#
Step "Build Deploy Model" finished#
#2026 04 13 19:05:33.271#Z#DEBUG#be2d3d37-376b-11f1-938a-eeee0a8c9147.OPERATION#flowable-async-job-executor-thread-13949#
[BuildCloudUndeployModelStep] Executing task "buildUndeployModelTask" of process "be2d3d5d-376b-11f1-938a-eeee0a8c9147"...#
#2026 04 13 19:05:33.272#Z#DEBUG#be2d3d37-376b-11f1-938a-eeee0a8c9147.OPERATION#flowable-async-job-executor-thread-13949#
[BuildCloudUndeployModelStep] Building cloud undeployment model...#
#2026 04 13 19:05:33.276#Z#DEBUG#be2d3d37-376b-11f1-938a-eeee0a8c9147.OPERATION#flowable-async-job-executor-thread-13949#
[BuildCloudUndeployModelStep] Detecting service keys to delete.#
#2026 04 13 19:05:33.277#Z#DEBUG#be2d3d37-376b-11f1-938a-eeee0a8c9147.OPERATION#flowable-async-job-executor-thread-13949#
[BuildCloudUndeployModelStep] No deployed service keys detected!#
#2026 04 13 19:05:33.277#Z#DEBUG#be2d3d37-376b-11f1-938a-eeee0a8c9147.OPERATION#flowable-async-job-executor-thread-13949#
[BuildCloudUndeployModelStep] Detected service keys to delete "[]"#
#2026 04 13 19:05:33.283#Z#DEBUG#be2d3d37-376b-11f1-938a-eeee0a8c9147.OPERATION#flowable-async-job-executor-thread-13949#
[BuildCloudUndeployModelStep] MTA modules: [BTP_CI_CD_Deployment_CAPM-approuter, BTP_CI_CD_Deployment_CAPM-srv, BTP_CI_CD_Deployment_CAPM-postgres-deployer]#
#2026 04 13 19:05:33.284#Z#DEBUG#be2d3d37-376b-11f1-938a-eeee0a8c9147.OPERATION#flowable-async-job-executor-thread-13949#
[BuildCloudUndeployModelStep] Modules to undeploy: [ ]#
#2026 04 13 19:05:33.284#Z#DEBUG#be2d3d37-376b-11f1-938a-eeee0a8c9147.OPERATION#flowable-async-job-executor-thread-13949#
[BuildCloudUndeployModelStep] Modules that won't be changed: [ ]#
#2026 04 13 19:05:33.285#Z#DEBUG#be2d3d37-376b-11f1-938a-eeee0a8c9147.OPERATION#flowable-async-job-executor-thread-13949#
[BuildCloudUndeployModelStep] Subscriptions to delete: [ ]#
#2026 04 13 19:05:33.287#Z#DEBUG#be2d3d37-376b-11f1-938a-eeee0a8c9147.OPERATION#flowable-async-job-executor-thread-13949#
[BuildCloudUndeployModelStep] Cloud services to delete: []#
#2026 04 13 19:05:33.287#Z#DEBUG#be2d3d37-376b-11f1-938a-eeee0a8c9147.OPERATION#flowable-async-job-executor-thread-13949#
[BuildCloudUndeployModelStep] Cloud applications to undeploy: [ ]#
#2026 04 13 19:05:33.291#Z#DEBUG#be2d3d37-376b-11f1-938a-eeee0a8c9147.OPERATION#flowable-async-job-executor-thread-13949#
[BuildCloudUndeployModelStep] Cloud undeployment model built#
#2026 04 13 19:05:33.291#Z#DEBUG#be2d3d37-376b-11f1-938a-eeee0a8c9147.OPERATION#flowable-async-job-executor-thread-13949#
Step "Build Undeploy Model" finished#
#2026 04 13 19:05:33.341#Z#DEBUG#be2d3d37-376b-11f1-938a-eeee0a8c9147.OPERATION#flowable-async-job-executor-thread-13949#
[AddDomainsStep] Executing task "addDomainsTask" of process "be2d3d5d-376b-11f1-938a-eeee0a8c9147"...#
#2026 04 13 19:05:33.344#Z#DEBUG#be2d3d37-376b-11f1-938a-eeee0a8c9147.OPERATION#flowable-async-job-executor-thread-13949#
[AddDomainsStep] Custom domains: []#
#2026 04 13 19:05:33.344#Z#DEBUG#be2d3d37-376b-11f1-938a-eeee0a8c9147.OPERATION#flowable-async-job-executor-thread-13949#
Step "Add Domains" finished#
#2026 04 13 19:05:33.514#Z#DEBUG#be2d3d37-376b-11f1-938a-eeee0a8c9147.OPERATION#flowable-async-job-executor-thread-13949#
[ExtractBatchedServicesWithResolvedDynamicParametersStep] Executing task "prepareModulesDeploymentTask" of process "bf37f65f-376b-11f1-938a-eeee0a8c9147"...#
#2026 04 13 19:05:33.515#Z#DEBUG#be2d3d37-376b-11f1-938a-eeee0a8c9147.OPERATION#flowable-async-job-executor-thread-13949#
[ExtractBatchedServicesWithResolvedDynamicParametersStep] Extracting services and resolving dynamic parameters from batch#
#2026 04 13 19:05:33.517#Z#DEBUG#be2d3d37-376b-11f1-938a-eeee0a8c9147.OPERATION#flowable-async-job-executor-thread-13949#
[ExtractBatchedServicesWithResolvedDynamicParametersStep] Services to create: [ {
  "isOptional" : false,
  "isManaged" : true,
  "name" : "********",
  "v3Metadata" : {
    "annotations" : {
      "mta_id" : "BTP_CI_CD_Deployment_CAPM",
      "mta_version" : "1.0.0",
      "mta_resource" : "********"
    },
    "labels" : {
      "mta_id" : "3b0f768c37638643b763a466c3d766df"
    }
  },
  "label" : "xsuaa",
  "plan" : "application",
  "credentials" : "********",
  "tags" : [ ],
  "type" : "managed",
  "resourceName" : "********",
  "shouldSkipParametersUpdate" : false,
  "shouldSkipPlanUpdate" : false,
  "shouldSkipTagsUpdate" : false,
  "shouldSkipSyslogUrlUpdate" : false
}, {
  "isOptional" : false,
  "isManaged" : true,
  "name" : "BTP_CI_CD_Deployment_CAPM-destination",
  "v3Metadata" : {
    "annotations" : {
      "mta_id" : "BTP_CI_CD_Deployment_CAPM",
      "mta_version" : "1.0.0",
      "mta_resource" : "{\"name\":\"BTP_CI_CD_Deployment_CAPM-destination\"}"
    },
    "labels" : {
      "mta_id" : "3b0f768c37638643b763a466c3d766df"
    }
  },
  "label" : "destination",
  "plan" : "lite",
  "credentials" : "********",
  "tags" : [ ],
  "type" : "managed",
  "resourceName" : "BTP_CI_CD_Deployment_CAPM-destination",
  "shouldSkipParametersUpdate" : false,
  "shouldSkipPlanUpdate" : false,
  "shouldSkipTagsUpdate" : false,
  "shouldSkipSyslogUrlUpdate" : false
}, {
  "isOptional" : false,
  "isManaged" : true,
  "name" : "BTP_CI_CD_Deployment_CAPM-connectivity",
  "v3Metadata" : {
    "annotations" : {
      "mta_id" : "BTP_CI_CD_Deployment_CAPM",
      "mta_version" : "1.0.0",
      "mta_resource" : "{\"name\":\"BTP_CI_CD_Deployment_CAPM-connectivity\"}"
    },
    "labels" : {
      "mta_id" : "3b0f768c37638643b763a466c3d766df"
    }
  },
  "label" : "connectivity",
  "plan" : "lite",
  "credentials" : "********",
  "tags" : [ ],
  "type" : "managed",
  "resourceName" : "BTP_CI_CD_Deployment_CAPM-connectivity",
  "shouldSkipParametersUpdate" : false,
  "shouldSkipPlanUpdate" : false,
  "shouldSkipTagsUpdate" : false,
  "shouldSkipSyslogUrlUpdate" : false
} ]#
#2026 04 13 19:05:33.518#Z#DEBUG#be2d3d37-376b-11f1-938a-eeee0a8c9147.OPERATION#flowable-async-job-executor-thread-13949#
Step "Extract Services with Resolved Dynamic parameters from batch" finished#
#2026 04 13 19:05:33.634#Z#DEBUG#be2d3d37-376b-11f1-938a-eeee0a8c9147.OPERATION#flowable-async-job-executor-thread-13947#
[CheckServiceOperationStateStep] Executing task "CheckServiceOperationStateTask" of process "bf4eda02-376b-11f1-938a-eeee0a8c9147"...#
#2026 04 13 19:05:33.636#Z#DEBUG#be2d3d37-376b-11f1-938a-eeee0a8c9147.OPERATION#flowable-async-job-executor-thread-13947#
[CheckServiceOperationStateStep] Getting service instance "BTP_CI_CD_Deployment_CAPM-auth"...#
#2026 04 13 19:05:33.756#Z#DEBUG#be2d3d37-376b-11f1-938a-eeee0a8c9147.OPERATION#flowable-async-job-executor-thread-13947#
Step "Check for service operations in Progress" finished#
#2026 04 13 19:05:33.796#Z#DEBUG#be2d3d37-376b-11f1-938a-eeee0a8c9147.OPERATION#flowable-async-job-executor-thread-13947#
[DetermineServiceCreateUpdateServiceActionsStep] Executing task "DetermineServiceCreateUpdateActionsTask" of process "bf4eda02-376b-11f1-938a-eeee0a8c9147"...#
#2026 04 13 19:05:33.799#Z#INFO#be2d3d37-376b-11f1-938a-eeee0a8c9147.OPERATION#flowable-async-job-executor-thread-13947#
[DetermineServiceCreateUpdateServiceActionsStep] Processing service "BTP_CI_CD_Deployment_CAPM-auth"...#
#2026 04 13 19:05:33.804#Z#DEBUG#be2d3d37-376b-11f1-938a-eeee0a8c9147.OPERATION#flowable-async-job-executor-thread-13947#
[DetermineServiceCreateUpdateServiceActionsStep] Getting service instance "BTP_CI_CD_Deployment_CAPM-auth"...#
#2026 04 13 19:05:33.908#Z#INFO#be2d3d37-376b-11f1-938a-eeee0a8c9147.OPERATION#flowable-async-job-executor-thread-13947#
[DetermineServiceCreateUpdateServiceActionsStep] Setting service "BTP_CI_CD_Deployment_CAPM-auth" parameters from "xs-security.json"#
#2026 04 13 19:05:33.945#Z#DEBUG#be2d3d37-376b-11f1-938a-eeee0a8c9147.OPERATION#flowable-async-job-executor-thread-13947#
[DetermineServiceCreateUpdateServiceActionsStep] Existing service: {
  "name" : "********",
  "metadata" : {
    "guid" : "e03b5a80-5618-40dc-836a-2f0b8f1e7601",
    "createdAt" : [ 2026, 4, 13, 18, 7, 2 ],
    "updatedAt" : [ 2026, 4, 13, 18, 7, 3 ]
  },
  "v3Metadata" : {
    "annotations" : {
      "mta_id" : "BTP_CI_CD_Deployment_CAPM",
      "mta_version" : "1.0.0",
      "mta_resource" : "********"
    },
    "labels" : {
      "mta_id" : "3b0f768c37638643b763a466c3d766df"
    }
  },
  "label" : "xsuaa",
  "plan" : "application",
  "credentials" : "********",
  "tags" : [ ],
  "type" : "managed",
  "lastOperation" : {
    "type" : "UPDATE",
    "description" : "",
    "state" : "SUCCEEDED"
  }
}#
#2026 04 13 19:05:33.945#Z#DEBUG#be2d3d37-376b-11f1-938a-eeee0a8c9147.OPERATION#flowable-async-job-executor-thread-13947#
[DetermineServiceCreateUpdateServiceActionsStep] Service parameters will be updated#
#2026 04 13 19:05:33.945#Z#DEBUG#be2d3d37-376b-11f1-938a-eeee0a8c9147.OPERATION#flowable-async-job-executor-thread-13947#
[DetermineServiceCreateUpdateServiceActionsStep] New parameters: {
  "attributes" : [ ],
  "role-templates" : [ ],
  "scopes" : [ ],
  "tenant-mode" : "dedicated",
  "xsappname" : "BTP_CI_CD_Deployment_CAPM"
}#
#2026 04 13 19:05:33.945#Z#DEBUG#be2d3d37-376b-11f1-938a-eeee0a8c9147.OPERATION#flowable-async-job-executor-thread-13947#
Step "Determine update actions" finished#
#2026 04 13 19:05:34.008#Z#DEBUG#be2d3d37-376b-11f1-938a-eeee0a8c9147.OPERATION#flowable-async-job-executor-thread-13950#
[CheckForServiceBindingOrKeyOperationStep] Executing task "CheckForServiceBindingOrKeyCreation" of process "bf4eda02-376b-11f1-938a-eeee0a8c9147"...#
#2026 04 13 19:05:34.010#Z#DEBUG#be2d3d37-376b-11f1-938a-eeee0a8c9147.OPERATION#flowable-async-job-executor-thread-13950#
Step "Check for service binding or key creation" finished#
#2026 04 13 19:05:34.062#Z#DEBUG#be2d3d37-376b-11f1-938a-eeee0a8c9147.OPERATION#flowable-async-job-executor-thread-13951#
[UpdateServiceParametersStep] Executing task "UpdateServiceParametersTask" of process "bf4eda02-376b-11f1-938a-eeee0a8c9147"...#
#2026 04 13 19:05:34.065#Z#INFO#be2d3d37-376b-11f1-938a-eeee0a8c9147.OPERATION#flowable-async-job-executor-thread-13951#
[UpdateServiceParametersStep] Updating service "BTP_CI_CD_Deployment_CAPM-auth"...#
#2026 04 13 19:05:34.070#Z#DEBUG#be2d3d37-376b-11f1-938a-eeee0a8c9147.OPERATION#flowable-async-job-executor-thread-13951#
[UpdateServiceParametersStep] Updating service parameters for service "BTP_CI_CD_Deployment_CAPM-auth"...#
#2026 04 13 19:05:34.169#Z#DEBUG#be2d3d37-376b-11f1-938a-eeee0a8c9147.OPERATION#flowable-async-job-executor-thread-13951#
[UpdateServiceParametersStep] Service "BTP_CI_CD_Deployment_CAPM-auth" updated#
#2026 04 13 19:05:34.169#Z#DEBUG#be2d3d37-376b-11f1-938a-eeee0a8c9147.OPERATION#flowable-async-job-executor-thread-13951#
[UpdateServiceParametersStep] Triggered service operations: {
  "BTP_CI_CD_Deployment_CAPM-auth" : "UPDATE"
}#
#2026 04 13 19:05:34.170#Z#DEBUG#be2d3d37-376b-11f1-938a-eeee0a8c9147.OPERATION#flowable-async-job-executor-thread-13951#
Step "Update parameters" finished#
#2026 04 13 19:05:34.941#Z#DEBUG#be2d3d37-376b-11f1-938a-eeee0a8c9147.OPERATION#flowable-async-job-executor-thread-20297#
[CheckServiceOperationStateStep] Executing task "CheckServiceOperationStateTask" of process "c017594e-376b-11f1-9e6c-eeee0a8074b5"...#
#2026 04 13 19:05:34.986#Z#DEBUG#be2d3d37-376b-11f1-938a-eeee0a8c9147.OPERATION#flowable-async-job-executor-thread-20296#
[CheckServiceOperationStateStep] Executing task "CheckServiceOperationStateTask" of process "c01ed38d-376b-11f1-9e6c-eeee0a8074b5"...#
#2026 04 13 19:05:35.008#Z#DEBUG#be2d3d37-376b-11f1-938a-eeee0a8c9147.OPERATION#flowable-async-job-executor-thread-20297#
[CheckServiceOperationStateStep] Getting service instance "BTP_CI_CD_Deployment_CAPM-connectivity"...#
#2026 04 13 19:05:35.051#Z#DEBUG#be2d3d37-376b-11f1-938a-eeee0a8c9147.OPERATION#flowable-async-job-executor-thread-20296#
[CheckServiceOperationStateStep] Getting service instance "BTP_CI_CD_Deployment_CAPM-destination"...#
#2026 04 13 19:05:35.131#Z#DEBUG#be2d3d37-376b-11f1-938a-eeee0a8c9147.OPERATION#flowable-async-job-executor-thread-20297#
Step "Check for service operations in Progress" finished#
#2026 04 13 19:05:35.188#Z#DEBUG#be2d3d37-376b-11f1-938a-eeee0a8c9147.OPERATION#flowable-async-job-executor-thread-20296#
Step "Check for service operations in Progress" finished#
#2026 04 13 19:05:35.158#Z#DEBUG#be2d3d37-376b-11f1-938a-eeee0a8c9147.OPERATION#flowable-async-job-executor-thread-20297#
[DetermineServiceCreateUpdateServiceActionsStep] Executing task "DetermineServiceCreateUpdateActionsTask" of process "c017594e-376b-11f1-9e6c-eeee0a8074b5"...#
#2026 04 13 19:05:35.159#Z#INFO#be2d3d37-376b-11f1-938a-eeee0a8c9147.OPERATION#flowable-async-job-executor-thread-20297#
[DetermineServiceCreateUpdateServiceActionsStep] Processing service "BTP_CI_CD_Deployment_CAPM-connectivity"...#
#2026 04 13 19:05:35.163#Z#DEBUG#be2d3d37-376b-11f1-938a-eeee0a8c9147.OPERATION#flowable-async-job-executor-thread-20297#
[DetermineServiceCreateUpdateServiceActionsStep] Getting service instance "BTP_CI_CD_Deployment_CAPM-connectivity"...#
#2026 04 13 19:05:35.214#Z#DEBUG#be2d3d37-376b-11f1-938a-eeee0a8c9147.OPERATION#flowable-async-job-executor-thread-20296#
[DetermineServiceCreateUpdateServiceActionsStep] Executing task "DetermineServiceCreateUpdateActionsTask" of process "c01ed38d-376b-11f1-9e6c-eeee0a8074b5"...#
#2026 04 13 19:05:35.216#Z#INFO#be2d3d37-376b-11f1-938a-eeee0a8c9147.OPERATION#flowable-async-job-executor-thread-20296#
[DetermineServiceCreateUpdateServiceActionsStep] Processing service "BTP_CI_CD_Deployment_CAPM-destination"...#
#2026 04 13 19:05:35.220#Z#DEBUG#be2d3d37-376b-11f1-938a-eeee0a8c9147.OPERATION#flowable-async-job-executor-thread-20296#
[DetermineServiceCreateUpdateServiceActionsStep] Getting service instance "BTP_CI_CD_Deployment_CAPM-destination"...#
#2026 04 13 19:05:35.293#Z#DEBUG#be2d3d37-376b-11f1-938a-eeee0a8c9147.OPERATION#flowable-async-job-executor-thread-20297#
[DetermineServiceCreateUpdateServiceActionsStep] Existing service: {
  "name" : "BTP_CI_CD_Deployment_CAPM-connectivity",
  "metadata" : {
    "guid" : "14b0d68c-964e-4d57-849f-01598b4aaacb",
    "createdAt" : [ 2026, 4, 13, 18, 7, 5 ],
    "updatedAt" : [ 2026, 4, 13, 18, 7, 7 ]
  },
  "v3Metadata" : {
    "annotations" : {
      "mta_id" : "BTP_CI_CD_Deployment_CAPM",
      "mta_version" : "1.0.0",
      "mta_resource" : "{\"name\":\"BTP_CI_CD_Deployment_CAPM-connectivity\"}"
    },
    "labels" : {
      "mta_id" : "3b0f768c37638643b763a466c3d766df"
    }
  },
  "label" : "connectivity",
  "plan" : "lite",
  "credentials" : "********",
  "tags" : [ ],
  "type" : "managed",
  "lastOperation" : {
    "type" : "CREATE",
    "description" : "",
    "state" : "SUCCEEDED"
  }
}#
#2026 04 13 19:05:35.293#Z#WARN#be2d3d37-376b-11f1-938a-eeee0a8c9147.OPERATION#flowable-async-job-executor-thread-20297#
[DetermineServiceCreateUpdateServiceActionsStep] Service parameters for service "BTP_CI_CD_Deployment_CAPM-connectivity" will not be updated, as the parameters are not defined or empty.#
#2026 04 13 19:05:35.293#Z#DEBUG#be2d3d37-376b-11f1-938a-eeee0a8c9147.OPERATION#flowable-async-job-executor-thread-20297#
Step "Determine update actions" finished#
#2026 04 13 19:05:35.332#Z#DEBUG#be2d3d37-376b-11f1-938a-eeee0a8c9147.OPERATION#flowable-async-job-executor-thread-20297#
[CheckForServiceBindingOrKeyOperationStep] Executing task "CheckForServiceBindingOrKeyCreation" of process "c017594e-376b-11f1-9e6c-eeee0a8074b5"...#
#2026 04 13 19:05:35.333#Z#DEBUG#be2d3d37-376b-11f1-938a-eeee0a8c9147.OPERATION#flowable-async-job-executor-thread-20297#
Step "Check for service binding or key creation" finished#
#2026 04 13 19:05:35.337#Z#DEBUG#be2d3d37-376b-11f1-938a-eeee0a8c9147.OPERATION#flowable-async-job-executor-thread-20296#
[DetermineServiceCreateUpdateServiceActionsStep] Existing service: {
  "name" : "BTP_CI_CD_Deployment_CAPM-destination",
  "metadata" : {
    "guid" : "968afb5b-4c94-4e15-bd63-1774c87536e6",
    "createdAt" : [ 2026, 4, 13, 18, 7, 2 ],
    "updatedAt" : [ 2026, 4, 13, 18, 7, 4 ]
  },
  "v3Metadata" : {
    "annotations" : {
      "mta_version" : "1.0.0",
      "mta_id" : "BTP_CI_CD_Deployment_CAPM",
      "mta_resource" : "{\"name\":\"BTP_CI_CD_Deployment_CAPM-destination\"}"
    },
    "labels" : {
      "mta_id" : "3b0f768c37638643b763a466c3d766df"
    }
  },
  "label" : "destination",
  "plan" : "lite",
  "credentials" : "********",
  "tags" : [ ],
  "type" : "managed",
  "lastOperation" : {
    "type" : "CREATE",
    "description" : "",
    "state" : "SUCCEEDED"
  }
}#
#2026 04 13 19:05:35.337#Z#WARN#be2d3d37-376b-11f1-938a-eeee0a8c9147.OPERATION#flowable-async-job-executor-thread-20296#
[DetermineServiceCreateUpdateServiceActionsStep] Service parameters for service "BTP_CI_CD_Deployment_CAPM-destination" will not be updated, as the parameters are not defined or empty.#
#2026 04 13 19:05:35.337#Z#DEBUG#be2d3d37-376b-11f1-938a-eeee0a8c9147.OPERATION#flowable-async-job-executor-thread-20296#
Step "Determine update actions" finished#
#2026 04 13 19:05:35.378#Z#DEBUG#be2d3d37-376b-11f1-938a-eeee0a8c9147.OPERATION#flowable-async-job-executor-thread-20296#
[CheckForServiceBindingOrKeyOperationStep] Executing task "CheckForServiceBindingOrKeyCreation" of process "c01ed38d-376b-11f1-9e6c-eeee0a8074b5"...#
#2026 04 13 19:05:35.380#Z#DEBUG#be2d3d37-376b-11f1-938a-eeee0a8c9147.OPERATION#flowable-async-job-executor-thread-20296#
Step "Check for service binding or key creation" finished#
#2026 04 13 19:05:43.580#Z#DEBUG#be2d3d37-376b-11f1-938a-eeee0a8c9147.OPERATION#flowable-async-job-executor-thread-20310#
[UpdateServiceParametersStep] Executing task "UpdateServiceParametersTask" of process "bf4eda02-376b-11f1-938a-eeee0a8c9147"...#
#2026 04 13 19:05:43.581#Z#DEBUG#be2d3d37-376b-11f1-938a-eeee0a8c9147.OPERATION#flowable-async-job-executor-thread-20310#
[UpdateServiceParametersStep] Polling service operations...#
#2026 04 13 19:05:43.583#Z#DEBUG#be2d3d37-376b-11f1-938a-eeee0a8c9147.OPERATION#flowable-async-job-executor-thread-20310#
[UpdateServiceParametersStep] Getting service instance "BTP_CI_CD_Deployment_CAPM-auth"...#
#2026 04 13 19:05:43.722#Z#DEBUG#be2d3d37-376b-11f1-938a-eeee0a8c9147.OPERATION#flowable-async-job-executor-thread-20310#
[UpdateServiceParametersStep] Last operation for service "BTP_CI_CD_Deployment_CAPM-auth": {
  "type" : "UPDATE",
  "description" : "",
  "state" : "SUCCEEDED"
}#
#2026 04 13 19:05:43.722#Z#DEBUG#be2d3d37-376b-11f1-938a-eeee0a8c9147.OPERATION#flowable-async-job-executor-thread-20310#
[UpdateServiceParametersStep] Service "BTP_CI_CD_Deployment_CAPM-auth" updated#
#2026 04 13 19:05:43.722#Z#INFO#be2d3d37-376b-11f1-938a-eeee0a8c9147.OPERATION#flowable-async-job-executor-thread-20310#
[UpdateServiceParametersStep] 1 of 1 done#
#2026 04 13 19:05:43.728#Z#DEBUG#be2d3d37-376b-11f1-938a-eeee0a8c9147.OPERATION#flowable-async-job-executor-thread-20310#
[UpdateServiceParametersStep] Remaining services to poll: [ ]#
#2026 04 13 19:05:43.729#Z#DEBUG#be2d3d37-376b-11f1-938a-eeee0a8c9147.OPERATION#flowable-async-job-executor-thread-20310#
Step "Update parameters" finished#
#2026 04 13 19:05:43.990#Z#DEBUG#be2d3d37-376b-11f1-938a-eeee0a8c9147.OPERATION#flowable-async-job-executor-thread-20310#
[PrepareModulesDeploymentStep] Executing task "prepareModulesDeploymentTask" of process "c577ff42-376b-11f1-9e6c-eeee0a8074b5"...#
#2026 04 13 19:05:43.991#Z#DEBUG#be2d3d37-376b-11f1-938a-eeee0a8c9147.OPERATION#flowable-async-job-executor-thread-20310#
[PrepareModulesDeploymentStep] Preparing modules deployment...#
#2026 04 13 19:05:43.996#Z#DEBUG#be2d3d37-376b-11f1-938a-eeee0a8c9147.OPERATION#flowable-async-job-executor-thread-20310#
Step "Prepare Modules Deployment" finished#
#2026 04 13 19:05:44.034#Z#DEBUG#be2d3d37-376b-11f1-938a-eeee0a8c9147.OPERATION#flowable-async-job-executor-thread-20310#
[ComputeNextModulesStep] Executing task "computeNextModulesToDeployInParallel" of process "c577ff42-376b-11f1-9e6c-eeee0a8074b5"...#
#2026 04 13 19:05:44.035#Z#DEBUG#be2d3d37-376b-11f1-938a-eeee0a8c9147.OPERATION#flowable-async-job-executor-thread-20310#
[ComputeNextModulesStep] Computing modules for next parallel iteration...#
#2026 04 13 19:05:44.038#Z#DEBUG#be2d3d37-376b-11f1-938a-eeee0a8c9147.OPERATION#flowable-async-job-executor-thread-20310#
[ComputeNextModulesStep] Completed modules detected: []#
#2026 04 13 19:05:44.038#Z#DEBUG#be2d3d37-376b-11f1-938a-eeee0a8c9147.OPERATION#flowable-async-job-executor-thread-20310#
[ComputeNextModulesStep] All modules for deploy detected: [BTP_CI_CD_Deployment_CAPM-approuter, BTP_CI_CD_Deployment_CAPM-srv, BTP_CI_CD_Deployment_CAPM-postgres-deployer]#
#2026 04 13 19:05:44.038#Z#DEBUG#be2d3d37-376b-11f1-938a-eeee0a8c9147.OPERATION#flowable-async-job-executor-thread-20310#
[ComputeNextModulesStep] Modules not for deploy detected: []#
#2026 04 13 19:05:44.039#Z#DEBUG#be2d3d37-376b-11f1-938a-eeee0a8c9147.OPERATION#flowable-async-job-executor-thread-20310#
[ComputeNextModulesStep] Computed modules for next parallel iteration: [ {
  "majorSchemaVersion" : 3,
  "name" : "BTP_CI_CD_Deployment_CAPM-srv",
  "type" : "javascript.nodejs",
  "path" : "BTP_CI_CD_Deployment_CAPM-srv",
  "properties" : { },
  "parameters" : {
    "app-name" : "BTP_CI_CD_Deployment_CAPM-srv",
    "buildpack" : "nodejs_buildpack",
    "default-app-name" : "BTP_CI_CD_Deployment_CAPM-srv",
    "default-host" : "582fef10trial-dev-btp-ci-cd-deployment-capm-srv",
    "default-instances" : 1,
    "default-live-app-name" : "BTP_CI_CD_Deployment_CAPM-srv",
    "default-live-domain" : "cfapps.us10-001.hana.ondemand.com",
    "default-live-host" : "582fef10trial-dev-btp-ci-cd-deployment-capm-srv",
    "default-live-uri" : "582fef10trial-dev-btp-ci-cd-deployment-capm-srv.cfapps.us10-001.hana.ondemand.com",
    "default-live-url" : "https://582fef10trial-dev-btp-ci-cd-deployment-capm-srv.cfapps.us10-001.hana.ondemand.com",
    "default-uri" : "582fef10trial-dev-btp-ci-cd-deployment-capm-srv.cfapps.us10-001.hana.ondemand.com",
    "default-url" : "https://582fef10trial-dev-btp-ci-cd-deployment-capm-srv.cfapps.us10-001.hana.ondemand.com",
    "dependency-type" : "soft",
    "domain" : "cfapps.us10-001.hana.ondemand.com",
    "generated-password" : "********",
    "generated-user" : "********",
    "host" : "582fef10trial-dev-btp-ci-cd-deployment-capm-srv",
    "instances" : 1,
    "protocol" : "https",
    "readiness-health-check-http-endpoint" : "/health",
    "readiness-health-check-type" : "http"
  },
  "requiredDependencies" : [ {
    "majorSchemaVersion" : 3,
    "name" : "BTP_CI_CD_Deployment_CAPM-postgres",
    "properties" : { },
    "parameters" : { },
    "propertiesMetadata" : {
      "metadata" : { }
    },
    "parametersMetadata" : {
      "metadata" : { }
    }
  }, {
    "majorSchemaVersion" : 3,
    "name" : "********",
    "properties" : { },
    "parameters" : { },
    "propertiesMetadata" : {
      "metadata" : { }
    },
    "parametersMetadata" : {
      "metadata" : { }
    }
  }, {
    "majorSchemaVersion" : 3,
    "name" : "BTP_CI_CD_Deployment_CAPM-destination",
    "properties" : { },
    "parameters" : { },
    "propertiesMetadata" : {
      "metadata" : { }
    },
    "parametersMetadata" : {
      "metadata" : { }
    }
  }, {
    "majorSchemaVersion" : 3,
    "name" : "BTP_CI_CD_Deployment_CAPM-connectivity",
    "properties" : { },
    "parameters" : { },
    "propertiesMetadata" : {
      "metadata" : { }
    },
    "parametersMetadata" : {
      "metadata" : { }
    }
  } ],
  "providedDependencies" : [ {
    "majorSchemaVersion" : 3,
    "name" : "srv-api",
    "isPublic" : false,
    "properties" : {
      "srv-url" : "https://582fef10trial-dev-btp-ci-cd-deployment-capm-srv.cfapps.us10-001.hana.ondemand.com"
    },
    "parameters" : { },
    "propertiesMetadata" : {
      "metadata" : { }
    },
    "parametersMetadata" : {
      "metadata" : { }
    }
  }, {
    "majorSchemaVersion" : 3,
    "name" : "BTP_CI_CD_Deployment_CAPM-srv",
    "isPublic" : false,
    "properties" : { },
    "parameters" : { },
    "propertiesMetadata" : {
      "metadata" : { }
    },
    "parametersMetadata" : {
      "metadata" : { }
    }
  } ],
  "propertiesMetadata" : {
    "metadata" : { }
  },
  "parametersMetadata" : {
    "metadata" : { }
  },
  "deployedAfter" : [ ],
  "hooks" : [ ]
}, {
  "majorSchemaVersion" : 3,
  "name" : "BTP_CI_CD_Deployment_CAPM-postgres-deployer",
  "type" : "javascript.nodejs",
  "path" : "BTP_CI_CD_Deployment_CAPM-postgres-deployer",
  "properties" : { },
  "parameters" : {
    "app-name" : "BTP_CI_CD_Deployment_CAPM-postgres-deployer",
    "buildpack" : "nodejs_buildpack",
    "default-app-name" : "BTP_CI_CD_Deployment_CAPM-postgres-deployer",
    "default-host" : "582fef10trial-dev-btp-ci-cd-deployment-capm-postgres-deployer",
    "default-instances" : 1,
    "default-live-app-name" : "BTP_CI_CD_Deployment_CAPM-postgres-deployer",
    "default-live-domain" : "cfapps.us10-001.hana.ondemand.com",
    "default-live-host" : "582fef10trial-dev-btp-ci-cd-deployment-capm-postgres-deployer",
    "default-live-uri" : "582fef10trial-dev-btp-ci-cd-deployment-capm-postgres-deployer.cfapps.us10-001.hana.ondemand.com",
    "default-live-url" : "https://582fef10trial-dev-btp-ci-cd-deployment-capm-postgres-deployer.cfapps.us10-001.hana.ondemand.com",
    "default-uri" : "582fef10trial-dev-btp-ci-cd-deployment-capm-postgres-deployer.cfapps.us10-001.hana.ondemand.com",
    "default-url" : "https://582fef10trial-dev-btp-ci-cd-deployment-capm-postgres-deployer.cfapps.us10-001.hana.ondemand.com",
    "dependency-type" : "soft",
    "domain" : "cfapps.us10-001.hana.ondemand.com",
    "generated-password" : "********",
    "generated-user" : "********",
    "host" : "582fef10trial-dev-btp-ci-cd-deployment-capm-postgres-deployer",
    "instances" : 1,
    "no-route" : true,
    "no-start" : true,
    "protocol" : "https",
    "tasks" : [ {
      "command" : "npm start",
      "name" : "deploy-to-postgresql"
    } ]
  },
  "requiredDependencies" : [ {
    "majorSchemaVersion" : 3,
    "name" : "BTP_CI_CD_Deployment_CAPM-postgres",
    "properties" : { },
    "parameters" : { },
    "propertiesMetadata" : {
      "metadata" : { }
    },
    "parametersMetadata" : {
      "metadata" : { }
    }
  } ],
  "providedDependencies" : [ {
    "majorSchemaVersion" : 3,
    "name" : "BTP_CI_CD_Deployment_CAPM-postgres-deployer",
    "isPublic" : false,
    "properties" : { },
    "parameters" : { },
    "propertiesMetadata" : {
      "metadata" : { }
    },
    "parametersMetadata" : {
      "metadata" : { }
    }
  } ],
  "propertiesMetadata" : {
    "metadata" : { }
  },
  "parametersMetadata" : {
    "metadata" : { }
  },
  "deployedAfter" : [ ],
  "hooks" : [ ]
}, {
  "majorSchemaVersion" : 3,
  "name" : "BTP_CI_CD_Deployment_CAPM-approuter",
  "type" : "javascript.nodejs",
  "path" : "BTP_CI_CD_Deployment_CAPM-approuter",
  "properties" : { },
  "parameters" : {
    "app-name" : "BTP_CI_CD_Deployment_CAPM-approuter",
    "default-app-name" : "BTP_CI_CD_Deployment_CAPM-approuter",
    "default-host" : "582fef10trial-dev-btp-ci-cd-deployment-capm-approuter",
    "default-instances" : 1,
    "default-live-app-name" : "BTP_CI_CD_Deployment_CAPM-approuter",
    "default-live-domain" : "cfapps.us10-001.hana.ondemand.com",
    "default-live-host" : "582fef10trial-dev-btp-ci-cd-deployment-capm-approuter",
    "default-live-uri" : "582fef10trial-dev-btp-ci-cd-deployment-capm-approuter.cfapps.us10-001.hana.ondemand.com",
    "default-live-url" : "https://582fef10trial-dev-btp-ci-cd-deployment-capm-approuter.cfapps.us10-001.hana.ondemand.com",
    "default-uri" : "582fef10trial-dev-btp-ci-cd-deployment-capm-approuter.cfapps.us10-001.hana.ondemand.com",
    "default-url" : "https://582fef10trial-dev-btp-ci-cd-deployment-capm-approuter.cfapps.us10-001.hana.ondemand.com",
    "dependency-type" : "soft",
    "disk-quota" : "256M",
    "domain" : "cfapps.us10-001.hana.ondemand.com",
    "generated-password" : "********",
    "generated-user" : "********",
    "host" : "582fef10trial-dev-btp-ci-cd-deployment-capm-approuter",
    "instances" : 1,
    "keep-existing-routes" : true,
    "memory" : "256M",
    "protocol" : "https"
  },
  "requiredDependencies" : [ {
    "majorSchemaVersion" : 3,
    "name" : "srv-api",
    "group" : "destinations",
    "properties" : {
      "forwardAuthToken" : "********",
      "name" : "srv-api",
      "url" : "https://582fef10trial-dev-btp-ci-cd-deployment-capm-srv.cfapps.us10-001.hana.ondemand.com"
    },
    "parameters" : { },
    "propertiesMetadata" : {
      "metadata" : { }
    },
    "parametersMetadata" : {
      "metadata" : { }
    }
  }, {
    "majorSchemaVersion" : 3,
    "name" : "********",
    "properties" : { },
    "parameters" : { },
    "propertiesMetadata" : {
      "metadata" : { }
    },
    "parametersMetadata" : {
      "metadata" : { }
    }
  } ],
  "providedDependencies" : [ {
    "majorSchemaVersion" : 3,
    "name" : "app-api",
    "isPublic" : false,
    "properties" : {
      "app-protocol" : "https",
      "app-uri" : "582fef10trial-dev-btp-ci-cd-deployment-capm-approuter.cfapps.us10-001.hana.ondemand.com"
    },
    "parameters" : { },
    "propertiesMetadata" : {
      "metadata" : { }
    },
    "parametersMetadata" : {
      "metadata" : { }
    }
  }, {
    "majorSchemaVersion" : 3,
    "name" : "BTP_CI_CD_Deployment_CAPM-approuter",
    "isPublic" : false,
    "properties" : { },
    "parameters" : { },
    "propertiesMetadata" : {
      "metadata" : { }
    },
    "parametersMetadata" : {
      "metadata" : { }
    }
  } ],
  "propertiesMetadata" : {
    "metadata" : { }
  },
  "parametersMetadata" : {
    "metadata" : { }
  },
  "deployedAfter" : [ ],
  "hooks" : [ ]
} ]#
#2026 04 13 19:05:44.039#Z#DEBUG#be2d3d37-376b-11f1-938a-eeee0a8c9147.OPERATION#flowable-async-job-executor-thread-20310#
Step "Compute Next Modules To Deploy" finished#
#2026 04 13 19:05:44.189#Z#DEBUG#be2d3d37-376b-11f1-938a-eeee0a8c9147.OPERATION#flowable-async-job-executor-thread-20306#
[ProcessDescriptorStep] Executing task "reprocessDescriptorTask" of process "c5959a30-376b-11f1-9e6c-eeee0a8074b5"...#
#2026 04 13 19:05:44.190#Z#DEBUG#be2d3d37-376b-11f1-938a-eeee0a8c9147.OPERATION#flowable-async-job-executor-thread-20306#
[ProcessDescriptorStep] Resolving properties and parameters in merged descriptor...#
#2026 04 13 19:05:44.193#Z#DEBUG#be2d3d37-376b-11f1-938a-eeee0a8c9147.OPERATION#flowable-async-job-executor-thread-20306#
[ProcessDescriptorStep] Subscriptions: [ ]#
#2026 04 13 19:05:44.201#Z#DEBUG#be2d3d37-376b-11f1-938a-eeee0a8c9147.OPERATION#flowable-async-job-executor-thread-20306#
[ProcessDescriptorStep] MTA modules: [BTP_CI_CD_Deployment_CAPM-approuter, BTP_CI_CD_Deployment_CAPM-srv, BTP_CI_CD_Deployment_CAPM-postgres-deployer]#
#2026 04 13 19:05:44.205#Z#DEBUG#be2d3d37-376b-11f1-938a-eeee0a8c9147.OPERATION#flowable-async-job-executor-thread-20306#
[ProcessDescriptorStep] Resolved deployment descriptor: {
  "majorSchemaVersion" : 3,
  "schemaVersion" : "3.3.0",
  "id" : "BTP_CI_CD_Deployment_CAPM",
  "version" : "1.0.0",
  "modules" : [ {
    "majorSchemaVersion" : 3,
    "name" : "BTP_CI_CD_Deployment_CAPM-srv",
    "type" : "javascript.nodejs",
    "path" : "BTP_CI_CD_Deployment_CAPM-srv",
    "properties" : { },
    "parameters" : {
      "default-url" : "https://582fef10trial-dev-btp-ci-cd-deployment-capm-srv.cfapps.us10-001.hana.ondemand.com",
      "default-app-name" : "BTP_CI_CD_Deployment_CAPM-srv",
      "generated-password" : "********",
      "default-live-url" : "https://582fef10trial-dev-btp-ci-cd-deployment-capm-srv.cfapps.us10-001.hana.ondemand.com",
      "default-uri" : "582fef10trial-dev-btp-ci-cd-deployment-capm-srv.cfapps.us10-001.hana.ondemand.com",
      "default-instances" : 1,
      "default-live-host" : "582fef10trial-dev-btp-ci-cd-deployment-capm-srv",
      "instances" : 1,
      "readiness-health-check-http-endpoint" : "/health",
      "readiness-health-check-type" : "http",
      "buildpack" : "nodejs_buildpack",
      "default-host" : "582fef10trial-dev-btp-ci-cd-deployment-capm-srv",
      "app-name" : "BTP_CI_CD_Deployment_CAPM-srv",
      "default-live-uri" : "582fef10trial-dev-btp-ci-cd-deployment-capm-srv.cfapps.us10-001.hana.ondemand.com",
      "protocol" : "https",
      "default-live-app-name" : "BTP_CI_CD_Deployment_CAPM-srv",
      "default-live-domain" : "cfapps.us10-001.hana.ondemand.com",
      "domain" : "cfapps.us10-001.hana.ondemand.com",
      "host" : "582fef10trial-dev-btp-ci-cd-deployment-capm-srv",
      "generated-user" : "********"
    },
    "requiredDependencies" : [ {
      "majorSchemaVersion" : 3,
      "name" : "BTP_CI_CD_Deployment_CAPM-postgres",
      "properties" : { },
      "parameters" : { },
      "propertiesMetadata" : {
        "metadata" : { }
      },
      "parametersMetadata" : {
        "metadata" : { }
      }
    }, {
      "majorSchemaVersion" : 3,
      "name" : "********",
      "properties" : { },
      "parameters" : { },
      "propertiesMetadata" : {
        "metadata" : { }
      },
      "parametersMetadata" : {
        "metadata" : { }
      }
    }, {
      "majorSchemaVersion" : 3,
      "name" : "BTP_CI_CD_Deployment_CAPM-destination",
      "properties" : { },
      "parameters" : { },
      "propertiesMetadata" : {
        "metadata" : { }
      },
      "parametersMetadata" : {
        "metadata" : { }
      }
    }, {
      "majorSchemaVersion" : 3,
      "name" : "BTP_CI_CD_Deployment_CAPM-connectivity",
      "properties" : { },
      "parameters" : { },
      "propertiesMetadata" : {
        "metadata" : { }
      },
      "parametersMetadata" : {
        "metadata" : { }
      }
    } ],
    "providedDependencies" : [ {
      "majorSchemaVersion" : 3,
      "name" : "srv-api",
      "isPublic" : false,
      "properties" : {
        "srv-url" : "https://582fef10trial-dev-btp-ci-cd-deployment-capm-srv.cfapps.us10-001.hana.ondemand.com"
      },
      "parameters" : { },
      "propertiesMetadata" : {
        "metadata" : { }
      },
      "parametersMetadata" : {
        "metadata" : { }
      }
    }, {
      "majorSchemaVersion" : 3,
      "name" : "BTP_CI_CD_Deployment_CAPM-srv",
      "isPublic" : false,
      "properties" : { },
      "parameters" : { },
      "propertiesMetadata" : {
        "metadata" : { }
      },
      "parametersMetadata" : {
        "metadata" : { }
      }
    } ],
    "propertiesMetadata" : {
      "metadata" : { }
    },
    "parametersMetadata" : {
      "metadata" : { }
    },
    "hooks" : [ ]
  }, {
    "majorSchemaVersion" : 3,
    "name" : "BTP_CI_CD_Deployment_CAPM-postgres-deployer",
    "type" : "javascript.nodejs",
    "path" : "BTP_CI_CD_Deployment_CAPM-postgres-deployer",
    "properties" : { },
    "parameters" : {
      "default-url" : "https://582fef10trial-dev-btp-ci-cd-deployment-capm-postgres-deployer.cfapps.us10-001.hana.ondemand.com",
      "default-app-name" : "BTP_CI_CD_Deployment_CAPM-postgres-deployer",
      "generated-password" : "********",
      "default-live-url" : "https://582fef10trial-dev-btp-ci-cd-deployment-capm-postgres-deployer.cfapps.us10-001.hana.ondemand.com",
      "default-uri" : "582fef10trial-dev-btp-ci-cd-deployment-capm-postgres-deployer.cfapps.us10-001.hana.ondemand.com",
      "default-instances" : 1,
      "no-route" : true,
      "default-live-host" : "582fef10trial-dev-btp-ci-cd-deployment-capm-postgres-deployer",
      "instances" : 1,
      "buildpack" : "nodejs_buildpack",
      "default-host" : "582fef10trial-dev-btp-ci-cd-deployment-capm-postgres-deployer",
      "app-name" : "BTP_CI_CD_Deployment_CAPM-postgres-deployer",
      "default-live-uri" : "582fef10trial-dev-btp-ci-cd-deployment-capm-postgres-deployer.cfapps.us10-001.hana.ondemand.com",
      "protocol" : "https",
      "default-live-app-name" : "BTP_CI_CD_Deployment_CAPM-postgres-deployer",
      "default-live-domain" : "cfapps.us10-001.hana.ondemand.com",
      "domain" : "cfapps.us10-001.hana.ondemand.com",
      "host" : "582fef10trial-dev-btp-ci-cd-deployment-capm-postgres-deployer",
      "generated-user" : "********",
      "tasks" : [ {
        "command" : "npm start",
        "name" : "deploy-to-postgresql"
      } ],
      "no-start" : true
    },
    "requiredDependencies" : [ {
      "majorSchemaVersion" : 3,
      "name" : "BTP_CI_CD_Deployment_CAPM-postgres",
      "properties" : { },
      "parameters" : { },
      "propertiesMetadata" : {
        "metadata" : { }
      },
      "parametersMetadata" : {
        "metadata" : { }
      }
    } ],
    "providedDependencies" : [ {
      "majorSchemaVersion" : 3,
      "name" : "BTP_CI_CD_Deployment_CAPM-postgres-deployer",
      "isPublic" : false,
      "properties" : { },
      "parameters" : { },
      "propertiesMetadata" : {
        "metadata" : { }
      },
      "parametersMetadata" : {
        "metadata" : { }
      }
    } ],
    "propertiesMetadata" : {
      "metadata" : { }
    },
    "parametersMetadata" : {
      "metadata" : { }
    },
    "hooks" : [ ]
  }, {
    "majorSchemaVersion" : 3,
    "name" : "BTP_CI_CD_Deployment_CAPM-approuter",
    "type" : "javascript.nodejs",
    "path" : "BTP_CI_CD_Deployment_CAPM-approuter",
    "properties" : { },
    "parameters" : {
      "default-url" : "https://582fef10trial-dev-btp-ci-cd-deployment-capm-approuter.cfapps.us10-001.hana.ondemand.com",
      "default-app-name" : "BTP_CI_CD_Deployment_CAPM-approuter",
      "generated-password" : "********",
      "default-live-url" : "https://582fef10trial-dev-btp-ci-cd-deployment-capm-approuter.cfapps.us10-001.hana.ondemand.com",
      "default-uri" : "582fef10trial-dev-btp-ci-cd-deployment-capm-approuter.cfapps.us10-001.hana.ondemand.com",
      "memory" : "256M",
      "default-instances" : 1,
      "default-live-host" : "582fef10trial-dev-btp-ci-cd-deployment-capm-approuter",
      "instances" : 1,
      "default-host" : "582fef10trial-dev-btp-ci-cd-deployment-capm-approuter",
      "keep-existing-routes" : true,
      "app-name" : "BTP_CI_CD_Deployment_CAPM-approuter",
      "default-live-uri" : "582fef10trial-dev-btp-ci-cd-deployment-capm-approuter.cfapps.us10-001.hana.ondemand.com",
      "protocol" : "https",
      "default-live-app-name" : "BTP_CI_CD_Deployment_CAPM-approuter",
      "default-live-domain" : "cfapps.us10-001.hana.ondemand.com",
      "disk-quota" : "256M",
      "domain" : "cfapps.us10-001.hana.ondemand.com",
      "host" : "582fef10trial-dev-btp-ci-cd-deployment-capm-approuter",
      "generated-user" : "********"
    },
    "requiredDependencies" : [ {
      "majorSchemaVersion" : 3,
      "name" : "srv-api",
      "group" : "destinations",
      "properties" : {
        "name" : "srv-api",
        "forwardAuthToken" : "********",
        "url" : "https://582fef10trial-dev-btp-ci-cd-deployment-capm-srv.cfapps.us10-001.hana.ondemand.com"
      },
      "parameters" : { },
      "propertiesMetadata" : {
        "metadata" : { }
      },
      "parametersMetadata" : {
        "metadata" : { }
      }
    }, {
      "majorSchemaVersion" : 3,
      "name" : "********",
      "properties" : { },
      "parameters" : { },
      "propertiesMetadata" : {
        "metadata" : { }
      },
      "parametersMetadata" : {
        "metadata" : { }
      }
    } ],
    "providedDependencies" : [ {
      "majorSchemaVersion" : 3,
      "name" : "app-api",
      "isPublic" : false,
      "properties" : {
        "app-protocol" : "https",
        "app-uri" : "582fef10trial-dev-btp-ci-cd-deployment-capm-approuter.cfapps.us10-001.hana.ondemand.com"
      },
      "parameters" : { },
      "propertiesMetadata" : {
        "metadata" : { }
      },
      "parametersMetadata" : {
        "metadata" : { }
      }
    }, {
      "majorSchemaVersion" : 3,
      "name" : "BTP_CI_CD_Deployment_CAPM-approuter",
      "isPublic" : false,
      "properties" : { },
      "parameters" : { },
      "propertiesMetadata" : {
        "metadata" : { }
      },
      "parametersMetadata" : {
        "metadata" : { }
      }
    } ],
    "propertiesMetadata" : {
      "metadata" : { }
    },
    "parametersMetadata" : {
      "metadata" : { }
    },
    "hooks" : [ ]
  } ],
  "resources" : [ {
    "majorSchemaVersion" : 3,
    "name" : "BTP_CI_CD_Deployment_CAPM-postgres",
    "type" : "org.cloudfoundry.existing-service",
    "properties" : { },
    "parameters" : {
      "generated-password" : "********",
      "service-name" : "PostgreSQLInstance",
      "generated-user" : "********",
      "default-xsappname" : "BTP_CI_CD_Deployment_CAPM-postgres",
      "type" : "existing-service",
      "default-service-name" : "BTP_CI_CD_Deployment_CAPM-postgres",
      "default-container-name" : "582FEF10TRIAL_DEV_BTP_CI_CD_DEPLOYMENT_CAPM_POSTGRES"
    },
    "isActive" : true,
    "isOptional" : false,
    "propertiesMetadata" : {
      "metadata" : { }
    },
    "parametersMetadata" : {
      "metadata" : { }
    },
    "requiredDependencies" : [ ],
    "processedAfter" : [ ]
  }, {
    "majorSchemaVersion" : 3,
    "name" : "********",
    "type" : "org.cloudfoundry.managed-service",
    "properties" : { },
    "parameters" : {
      "generated-password" : "********",
      "path" : "./xs-security.json",
      "service-name" : "********",
      "service-plan" : "application",
      "service" : "xsuaa",
      "generated-user" : "********",
      "default-xsappname" : "********",
      "type" : "managed-service",
      "config" : {
        "tenant-mode" : "dedicated",
        "xsappname" : "BTP_CI_CD_Deployment_CAPM"
      },
      "default-service-name" : "********",
      "default-container-name" : "********"
    },
    "isActive" : true,
    "isOptional" : false,
    "propertiesMetadata" : {
      "metadata" : { }
    },
    "parametersMetadata" : {
      "metadata" : { }
    },
    "requiredDependencies" : [ ],
    "processedAfter" : [ ]
  }, {
    "majorSchemaVersion" : 3,
    "name" : "BTP_CI_CD_Deployment_CAPM-destination",
    "type" : "org.cloudfoundry.managed-service",
    "properties" : { },
    "parameters" : {
      "generated-password" : "********",
      "service-name" : "BTP_CI_CD_Deployment_CAPM-destination",
      "service-plan" : "lite",
      "service" : "destination",
      "generated-user" : "********",
      "default-xsappname" : "BTP_CI_CD_Deployment_CAPM-destination",
      "type" : "managed-service",
      "default-service-name" : "BTP_CI_CD_Deployment_CAPM-destination",
      "default-container-name" : "582FEF10TRIAL_DEV_BTP_CI_CD_DEPLOYMENT_CAPM_DESTINATION"
    },
    "isActive" : true,
    "isOptional" : false,
    "propertiesMetadata" : {
      "metadata" : { }
    },
    "parametersMetadata" : {
      "metadata" : { }
    },
    "requiredDependencies" : [ ],
    "processedAfter" : [ ]
  }, {
    "majorSchemaVersion" : 3,
    "name" : "BTP_CI_CD_Deployment_CAPM-connectivity",
    "type" : "org.cloudfoundry.managed-service",
    "properties" : { },
    "parameters" : {
      "generated-password" : "********",
      "service-name" : "BTP_CI_CD_Deployment_CAPM-connectivity",
      "service-plan" : "lite",
      "service" : "connectivity",
      "generated-user" : "********",
      "default-xsappname" : "BTP_CI_CD_Deployment_CAPM-connectivity",
      "type" : "managed-service",
      "default-service-name" : "BTP_CI_CD_Deployment_CAPM-connectivity",
      "default-container-name" : "582FEF10TRIAL_DEV_BTP_CI_CD_DEPLOYMENT_CAPM_CONNECTIVITY"
    },
    "isActive" : true,
    "isOptional" : false,
    "propertiesMetadata" : {
      "metadata" : { }
    },
    "parametersMetadata" : {
      "metadata" : { }
    },
    "requiredDependencies" : [ ],
    "processedAfter" : [ ]
  } ],
  "parameters" : {
    "mta-id" : "BTP_CI_CD_Deployment_CAPM",
    "authorization-url" : "********",
    "org-guid" : "ceb260de-7f8b-47c1-95d6-4dc331530e2d",
    "org" : "582fef10trial",
    "deploy-target" : "582fef10trial dev",
    "enable-parallel-deployments" : true,
    "region-primary-domain" : "us10.hana.ondemand.com",
    "space" : "dev",
    "region-domain" : "us10-001.hana.ondemand.com",
    "xs-api-url" : "https://api.cf.us10-001.hana.ondemand.com",
    "deploy-url" : "deploy-service.cfapps.us10-001.hana.ondemand.com",
    "xs-type" : "CF",
    "default-domain" : "cfapps.us10-001.hana.ondemand.com",
    "mta-version" : "1.0.0",
    "xs-auth-url" : "********",
    "space-guid" : "811bddec-c6a1-40f6-88ee-deeab5d43e93",
    "user" : "********",
    "controller-url" : "https://api.cf.us10-001.hana.ondemand.com",
    "timestamp" : "20260413190531"
  },
  "parametersMetadata" : {
    "metadata" : { }
  }
}#
#2026 04 13 19:05:44.205#Z#DEBUG#be2d3d37-376b-11f1-938a-eeee0a8c9147.OPERATION#flowable-async-job-executor-thread-20306#
[ProcessDescriptorStep] Merged descriptor properties and parameters resolved#
#2026 04 13 19:05:44.205#Z#DEBUG#be2d3d37-376b-11f1-938a-eeee0a8c9147.OPERATION#flowable-async-job-executor-thread-20306#
Step "Re-Process Descriptor Step" finished#
#2026 04 13 19:05:44.246#Z#DEBUG#be2d3d37-376b-11f1-938a-eeee0a8c9147.OPERATION#flowable-async-job-executor-thread-20306#
[BuildApplicationDeployModelStep] Executing task "buildApplicationDeployModelTask" of process "c5959a30-376b-11f1-9e6c-eeee0a8074b5"...#
#2026 04 13 19:05:44.248#Z#DEBUG#be2d3d37-376b-11f1-938a-eeee0a8c9147.OPERATION#flowable-async-job-executor-thread-20306#
[BuildApplicationDeployModelStep] Building cloud deployment model for application "BTP_CI_CD_Deployment_CAPM-postgres-deployer"...#
#2026 04 13 19:05:44.253#Z#DEBUG#be2d3d37-376b-11f1-938a-eeee0a8c9147.OPERATION#flowable-async-job-executor-thread-20306#
[BuildApplicationDeployModelStep] No health-check-type is specified. Setting default type: port#
#2026 04 13 19:05:44.253#Z#INFO#be2d3d37-376b-11f1-938a-eeee0a8c9147.OPERATION#flowable-async-job-executor-thread-20306#
[BuildApplicationDeployModelStep] Building configuration entries for org 582fef10trial, space dev, spaceId 811bddec-c6a1-40f6-88ee-deeab5d43e93 and namespace null!#
#2026 04 13 19:05:44.254#Z#DEBUG#be2d3d37-376b-11f1-938a-eeee0a8c9147.OPERATION#flowable-async-job-executor-thread-20306#
[BuildApplicationDeployModelStep] Configuration entries to publish: [ ]#
#2026 04 13 19:05:44.254#Z#DEBUG#be2d3d37-376b-11f1-938a-eeee0a8c9147.OPERATION#flowable-async-job-executor-thread-20306#
[BuildApplicationDeployModelStep] Cloud deployment model for application built#
#2026 04 13 19:05:44.254#Z#DEBUG#be2d3d37-376b-11f1-938a-eeee0a8c9147.OPERATION#flowable-async-job-executor-thread-20306#
Step "Build Application Deploy Model" finished#
#2026 04 13 19:05:44.452#Z#DEBUG#be2d3d37-376b-11f1-938a-eeee0a8c9147.OPERATION#flowable-async-job-executor-thread-13959#
[ProcessDescriptorStep] Executing task "reprocessDescriptorTask" of process "c5b81597-376b-11f1-938a-eeee0a8c9147"...#
#2026 04 13 19:05:44.453#Z#DEBUG#be2d3d37-376b-11f1-938a-eeee0a8c9147.OPERATION#flowable-async-job-executor-thread-13959#
[ProcessDescriptorStep] Resolving properties and parameters in merged descriptor...#
#2026 04 13 19:05:44.457#Z#DEBUG#be2d3d37-376b-11f1-938a-eeee0a8c9147.OPERATION#flowable-async-job-executor-thread-13959#
[ProcessDescriptorStep] Subscriptions: [ ]#
#2026 04 13 19:05:44.467#Z#DEBUG#be2d3d37-376b-11f1-938a-eeee0a8c9147.OPERATION#flowable-async-job-executor-thread-13959#
[ProcessDescriptorStep] MTA modules: [BTP_CI_CD_Deployment_CAPM-approuter, BTP_CI_CD_Deployment_CAPM-srv, BTP_CI_CD_Deployment_CAPM-postgres-deployer]#
#2026 04 13 19:05:44.471#Z#DEBUG#be2d3d37-376b-11f1-938a-eeee0a8c9147.OPERATION#flowable-async-job-executor-thread-13959#
[ProcessDescriptorStep] Resolved deployment descriptor: {
  "majorSchemaVersion" : 3,
  "schemaVersion" : "3.3.0",
  "id" : "BTP_CI_CD_Deployment_CAPM",
  "version" : "1.0.0",
  "modules" : [ {
    "majorSchemaVersion" : 3,
    "name" : "BTP_CI_CD_Deployment_CAPM-srv",
    "type" : "javascript.nodejs",
    "path" : "BTP_CI_CD_Deployment_CAPM-srv",
    "properties" : { },
    "parameters" : {
      "default-url" : "https://582fef10trial-dev-btp-ci-cd-deployment-capm-srv.cfapps.us10-001.hana.ondemand.com",
      "default-app-name" : "BTP_CI_CD_Deployment_CAPM-srv",
      "generated-password" : "********",
      "default-live-url" : "https://582fef10trial-dev-btp-ci-cd-deployment-capm-srv.cfapps.us10-001.hana.ondemand.com",
      "default-uri" : "582fef10trial-dev-btp-ci-cd-deployment-capm-srv.cfapps.us10-001.hana.ondemand.com",
      "default-instances" : 1,
      "default-live-host" : "582fef10trial-dev-btp-ci-cd-deployment-capm-srv",
      "instances" : 1,
      "readiness-health-check-http-endpoint" : "/health",
      "readiness-health-check-type" : "http",
      "buildpack" : "nodejs_buildpack",
      "default-host" : "582fef10trial-dev-btp-ci-cd-deployment-capm-srv",
      "app-name" : "BTP_CI_CD_Deployment_CAPM-srv",
      "default-live-uri" : "582fef10trial-dev-btp-ci-cd-deployment-capm-srv.cfapps.us10-001.hana.ondemand.com",
      "protocol" : "https",
      "default-live-app-name" : "BTP_CI_CD_Deployment_CAPM-srv",
      "default-live-domain" : "cfapps.us10-001.hana.ondemand.com",
      "domain" : "cfapps.us10-001.hana.ondemand.com",
      "host" : "582fef10trial-dev-btp-ci-cd-deployment-capm-srv",
      "generated-user" : "********"
    },
    "requiredDependencies" : [ {
      "majorSchemaVersion" : 3,
      "name" : "BTP_CI_CD_Deployment_CAPM-postgres",
      "properties" : { },
      "parameters" : { },
      "propertiesMetadata" : {
        "metadata" : { }
      },
      "parametersMetadata" : {
        "metadata" : { }
      }
    }, {
      "majorSchemaVersion" : 3,
      "name" : "********",
      "properties" : { },
      "parameters" : { },
      "propertiesMetadata" : {
        "metadata" : { }
      },
      "parametersMetadata" : {
        "metadata" : { }
      }
    }, {
      "majorSchemaVersion" : 3,
      "name" : "BTP_CI_CD_Deployment_CAPM-destination",
      "properties" : { },
      "parameters" : { },
      "propertiesMetadata" : {
        "metadata" : { }
      },
      "parametersMetadata" : {
        "metadata" : { }
      }
    }, {
      "majorSchemaVersion" : 3,
      "name" : "BTP_CI_CD_Deployment_CAPM-connectivity",
      "properties" : { },
      "parameters" : { },
      "propertiesMetadata" : {
        "metadata" : { }
      },
      "parametersMetadata" : {
        "metadata" : { }
      }
    } ],
    "providedDependencies" : [ {
      "majorSchemaVersion" : 3,
      "name" : "srv-api",
      "isPublic" : false,
      "properties" : {
        "srv-url" : "https://582fef10trial-dev-btp-ci-cd-deployment-capm-srv.cfapps.us10-001.hana.ondemand.com"
      },
      "parameters" : { },
      "propertiesMetadata" : {
        "metadata" : { }
      },
      "parametersMetadata" : {
        "metadata" : { }
      }
    }, {
      "majorSchemaVersion" : 3,
      "name" : "BTP_CI_CD_Deployment_CAPM-srv",
      "isPublic" : false,
      "properties" : { },
      "parameters" : { },
      "propertiesMetadata" : {
        "metadata" : { }
      },
      "parametersMetadata" : {
        "metadata" : { }
      }
    } ],
    "propertiesMetadata" : {
      "metadata" : { }
    },
    "parametersMetadata" : {
      "metadata" : { }
    },
    "hooks" : [ ]
  }, {
    "majorSchemaVersion" : 3,
    "name" : "BTP_CI_CD_Deployment_CAPM-postgres-deployer",
    "type" : "javascript.nodejs",
    "path" : "BTP_CI_CD_Deployment_CAPM-postgres-deployer",
    "properties" : { },
    "parameters" : {
      "default-url" : "https://582fef10trial-dev-btp-ci-cd-deployment-capm-postgres-deployer.cfapps.us10-001.hana.ondemand.com",
      "default-app-name" : "BTP_CI_CD_Deployment_CAPM-postgres-deployer",
      "generated-password" : "********",
      "default-live-url" : "https://582fef10trial-dev-btp-ci-cd-deployment-capm-postgres-deployer.cfapps.us10-001.hana.ondemand.com",
      "default-uri" : "582fef10trial-dev-btp-ci-cd-deployment-capm-postgres-deployer.cfapps.us10-001.hana.ondemand.com",
      "default-instances" : 1,
      "no-route" : true,
      "default-live-host" : "582fef10trial-dev-btp-ci-cd-deployment-capm-postgres-deployer",
      "instances" : 1,
      "buildpack" : "nodejs_buildpack",
      "default-host" : "582fef10trial-dev-btp-ci-cd-deployment-capm-postgres-deployer",
      "app-name" : "BTP_CI_CD_Deployment_CAPM-postgres-deployer",
      "default-live-uri" : "582fef10trial-dev-btp-ci-cd-deployment-capm-postgres-deployer.cfapps.us10-001.hana.ondemand.com",
      "protocol" : "https",
      "default-live-app-name" : "BTP_CI_CD_Deployment_CAPM-postgres-deployer",
      "default-live-domain" : "cfapps.us10-001.hana.ondemand.com",
      "domain" : "cfapps.us10-001.hana.ondemand.com",
      "host" : "582fef10trial-dev-btp-ci-cd-deployment-capm-postgres-deployer",
      "generated-user" : "********",
      "tasks" : [ {
        "command" : "npm start",
        "name" : "deploy-to-postgresql"
      } ],
      "no-start" : true
    },
    "requiredDependencies" : [ {
      "majorSchemaVersion" : 3,
      "name" : "BTP_CI_CD_Deployment_CAPM-postgres",
      "properties" : { },
      "parameters" : { },
      "propertiesMetadata" : {
        "metadata" : { }
      },
      "parametersMetadata" : {
        "metadata" : { }
      }
    } ],
    "providedDependencies" : [ {
      "majorSchemaVersion" : 3,
      "name" : "BTP_CI_CD_Deployment_CAPM-postgres-deployer",
      "isPublic" : false,
      "properties" : { },
      "parameters" : { },
      "propertiesMetadata" : {
        "metadata" : { }
      },
      "parametersMetadata" : {
        "metadata" : { }
      }
    } ],
    "propertiesMetadata" : {
      "metadata" : { }
    },
    "parametersMetadata" : {
      "metadata" : { }
    },
    "hooks" : [ ]
  }, {
    "majorSchemaVersion" : 3,
    "name" : "BTP_CI_CD_Deployment_CAPM-approuter",
    "type" : "javascript.nodejs",
    "path" : "BTP_CI_CD_Deployment_CAPM-approuter",
    "properties" : { },
    "parameters" : {
      "default-url" : "https://582fef10trial-dev-btp-ci-cd-deployment-capm-approuter.cfapps.us10-001.hana.ondemand.com",
      "default-app-name" : "BTP_CI_CD_Deployment_CAPM-approuter",
      "generated-password" : "********",
      "default-live-url" : "https://582fef10trial-dev-btp-ci-cd-deployment-capm-approuter.cfapps.us10-001.hana.ondemand.com",
      "default-uri" : "582fef10trial-dev-btp-ci-cd-deployment-capm-approuter.cfapps.us10-001.hana.ondemand.com",
      "memory" : "256M",
      "default-instances" : 1,
      "default-live-host" : "582fef10trial-dev-btp-ci-cd-deployment-capm-approuter",
      "instances" : 1,
      "default-host" : "582fef10trial-dev-btp-ci-cd-deployment-capm-approuter",
      "keep-existing-routes" : true,
      "app-name" : "BTP_CI_CD_Deployment_CAPM-approuter",
      "default-live-uri" : "582fef10trial-dev-btp-ci-cd-deployment-capm-approuter.cfapps.us10-001.hana.ondemand.com",
      "protocol" : "https",
      "default-live-app-name" : "BTP_CI_CD_Deployment_CAPM-approuter",
      "default-live-domain" : "cfapps.us10-001.hana.ondemand.com",
      "disk-quota" : "256M",
      "domain" : "cfapps.us10-001.hana.ondemand.com",
      "host" : "582fef10trial-dev-btp-ci-cd-deployment-capm-approuter",
      "generated-user" : "********"
    },
    "requiredDependencies" : [ {
      "majorSchemaVersion" : 3,
      "name" : "srv-api",
      "group" : "destinations",
      "properties" : {
        "name" : "srv-api",
        "forwardAuthToken" : "********",
        "url" : "https://582fef10trial-dev-btp-ci-cd-deployment-capm-srv.cfapps.us10-001.hana.ondemand.com"
      },
      "parameters" : { },
      "propertiesMetadata" : {
        "metadata" : { }
      },
      "parametersMetadata" : {
        "metadata" : { }
      }
    }, {
      "majorSchemaVersion" : 3,
      "name" : "********",
      "properties" : { },
      "parameters" : { },
      "propertiesMetadata" : {
        "metadata" : { }
      },
      "parametersMetadata" : {
        "metadata" : { }
      }
    } ],
    "providedDependencies" : [ {
      "majorSchemaVersion" : 3,
      "name" : "app-api",
      "isPublic" : false,
      "properties" : {
        "app-protocol" : "https",
        "app-uri" : "582fef10trial-dev-btp-ci-cd-deployment-capm-approuter.cfapps.us10-001.hana.ondemand.com"
      },
      "parameters" : { },
      "propertiesMetadata" : {
        "metadata" : { }
      },
      "parametersMetadata" : {
        "metadata" : { }
      }
    }, {
      "majorSchemaVersion" : 3,
      "name" : "BTP_CI_CD_Deployment_CAPM-approuter",
      "isPublic" : false,
      "properties" : { },
      "parameters" : { },
      "propertiesMetadata" : {
        "metadata" : { }
      },
      "parametersMetadata" : {
        "metadata" : { }
      }
    } ],
    "propertiesMetadata" : {
      "metadata" : { }
    },
    "parametersMetadata" : {
      "metadata" : { }
    },
    "hooks" : [ ]
  } ],
  "resources" : [ {
    "majorSchemaVersion" : 3,
    "name" : "BTP_CI_CD_Deployment_CAPM-postgres",
    "type" : "org.cloudfoundry.existing-service",
    "properties" : { },
    "parameters" : {
      "generated-password" : "********",
      "service-name" : "PostgreSQLInstance",
      "generated-user" : "********",
      "default-xsappname" : "BTP_CI_CD_Deployment_CAPM-postgres",
      "type" : "existing-service",
      "default-service-name" : "BTP_CI_CD_Deployment_CAPM-postgres",
      "default-container-name" : "582FEF10TRIAL_DEV_BTP_CI_CD_DEPLOYMENT_CAPM_POSTGRES"
    },
    "isActive" : true,
    "isOptional" : false,
    "propertiesMetadata" : {
      "metadata" : { }
    },
    "parametersMetadata" : {
      "metadata" : { }
    },
    "requiredDependencies" : [ ],
    "processedAfter" : [ ]
  }, {
    "majorSchemaVersion" : 3,
    "name" : "********",
    "type" : "org.cloudfoundry.managed-service",
    "properties" : { },
    "parameters" : {
      "generated-password" : "********",
      "path" : "./xs-security.json",
      "service-name" : "********",
      "service-plan" : "application",
      "service" : "xsuaa",
      "generated-user" : "********",
      "default-xsappname" : "********",
      "type" : "managed-service",
      "config" : {
        "tenant-mode" : "dedicated",
        "xsappname" : "BTP_CI_CD_Deployment_CAPM"
      },
      "default-service-name" : "********",
      "default-container-name" : "********"
    },
    "isActive" : true,
    "isOptional" : false,
    "propertiesMetadata" : {
      "metadata" : { }
    },
    "parametersMetadata" : {
      "metadata" : { }
    },
    "requiredDependencies" : [ ],
    "processedAfter" : [ ]
  }, {
    "majorSchemaVersion" : 3,
    "name" : "BTP_CI_CD_Deployment_CAPM-destination",
    "type" : "org.cloudfoundry.managed-service",
    "properties" : { },
    "parameters" : {
      "generated-password" : "********",
      "service-name" : "BTP_CI_CD_Deployment_CAPM-destination",
      "service-plan" : "lite",
      "service" : "destination",
      "generated-user" : "********",
      "default-xsappname" : "BTP_CI_CD_Deployment_CAPM-destination",
      "type" : "managed-service",
      "default-service-name" : "BTP_CI_CD_Deployment_CAPM-destination",
      "default-container-name" : "582FEF10TRIAL_DEV_BTP_CI_CD_DEPLOYMENT_CAPM_DESTINATION"
    },
    "isActive" : true,
    "isOptional" : false,
    "propertiesMetadata" : {
      "metadata" : { }
    },
    "parametersMetadata" : {
      "metadata" : { }
    },
    "requiredDependencies" : [ ],
    "processedAfter" : [ ]
  }, {
    "majorSchemaVersion" : 3,
    "name" : "BTP_CI_CD_Deployment_CAPM-connectivity",
    "type" : "org.cloudfoundry.managed-service",
    "properties" : { },
    "parameters" : {
      "generated-password" : "********",
      "service-name" : "BTP_CI_CD_Deployment_CAPM-connectivity",
      "service-plan" : "lite",
      "service" : "connectivity",
      "generated-user" : "********",
      "default-xsappname" : "BTP_CI_CD_Deployment_CAPM-connectivity",
      "type" : "managed-service",
      "default-service-name" : "BTP_CI_CD_Deployment_CAPM-connectivity",
      "default-container-name" : "582FEF10TRIAL_DEV_BTP_CI_CD_DEPLOYMENT_CAPM_CONNECTIVITY"
    },
    "isActive" : true,
    "isOptional" : false,
    "propertiesMetadata" : {
      "metadata" : { }
    },
    "parametersMetadata" : {
      "metadata" : { }
    },
    "requiredDependencies" : [ ],
    "processedAfter" : [ ]
  } ],
  "parameters" : {
    "mta-id" : "BTP_CI_CD_Deployment_CAPM",
    "authorization-url" : "********",
    "org-guid" : "ceb260de-7f8b-47c1-95d6-4dc331530e2d",
    "org" : "582fef10trial",
    "deploy-target" : "582fef10trial dev",
    "enable-parallel-deployments" : true,
    "region-primary-domain" : "us10.hana.ondemand.com",
    "space" : "dev",
    "region-domain" : "us10-001.hana.ondemand.com",
    "xs-api-url" : "https://api.cf.us10-001.hana.ondemand.com",
    "deploy-url" : "deploy-service.cfapps.us10-001.hana.ondemand.com",
    "xs-type" : "CF",
    "default-domain" : "cfapps.us10-001.hana.ondemand.com",
    "mta-version" : "1.0.0",
    "xs-auth-url" : "********",
    "space-guid" : "811bddec-c6a1-40f6-88ee-deeab5d43e93",
    "user" : "********",
    "controller-url" : "https://api.cf.us10-001.hana.ondemand.com",
    "timestamp" : "20260413190531"
  },
  "parametersMetadata" : {
    "metadata" : { }
  }
}#
#2026 04 13 19:05:44.471#Z#DEBUG#be2d3d37-376b-11f1-938a-eeee0a8c9147.OPERATION#flowable-async-job-executor-thread-13959#
[ProcessDescriptorStep] Merged descriptor properties and parameters resolved#
#2026 04 13 19:05:44.471#Z#DEBUG#be2d3d37-376b-11f1-938a-eeee0a8c9147.OPERATION#flowable-async-job-executor-thread-13959#
Step "Re-Process Descriptor Step" finished#
#2026 04 13 19:05:44.525#Z#DEBUG#be2d3d37-376b-11f1-938a-eeee0a8c9147.OPERATION#flowable-async-job-executor-thread-13959#
[BuildApplicationDeployModelStep] Executing task "buildApplicationDeployModelTask" of process "c5b81597-376b-11f1-938a-eeee0a8c9147"...#
#2026 04 13 19:05:44.530#Z#DEBUG#be2d3d37-376b-11f1-938a-eeee0a8c9147.OPERATION#flowable-async-job-executor-thread-13959#
[BuildApplicationDeployModelStep] Building cloud deployment model for application "BTP_CI_CD_Deployment_CAPM-srv"...#
#2026 04 13 19:05:44.539#Z#DEBUG#be2d3d37-376b-11f1-938a-eeee0a8c9147.OPERATION#flowable-async-job-executor-thread-13959#
[BuildApplicationDeployModelStep] No health-check-type is specified. Setting default type: port#
#2026 04 13 19:05:44.539#Z#INFO#be2d3d37-376b-11f1-938a-eeee0a8c9147.OPERATION#flowable-async-job-executor-thread-13959#
[BuildApplicationDeployModelStep] Building configuration entries for org 582fef10trial, space dev, spaceId 811bddec-c6a1-40f6-88ee-deeab5d43e93 and namespace null!#
#2026 04 13 19:05:44.541#Z#DEBUG#be2d3d37-376b-11f1-938a-eeee0a8c9147.OPERATION#flowable-async-job-executor-thread-13959#
[BuildApplicationDeployModelStep] Configuration entries to publish: [ ]#
#2026 04 13 19:05:44.541#Z#DEBUG#be2d3d37-376b-11f1-938a-eeee0a8c9147.OPERATION#flowable-async-job-executor-thread-13959#
[BuildApplicationDeployModelStep] Cloud deployment model for application built#
#2026 04 13 19:05:44.541#Z#DEBUG#be2d3d37-376b-11f1-938a-eeee0a8c9147.OPERATION#flowable-async-job-executor-thread-13959#
Step "Build Application Deploy Model" finished#
#2026 04 13 19:05:44.296#Z#DEBUG#be2d3d37-376b-11f1-938a-eeee0a8c9147.OPERATION#flowable-async-job-executor-thread-20306#
[CreateOrUpdateAppStep] Executing task "createAppTask" of process "c5959a30-376b-11f1-9e6c-eeee0a8074b5"...#
#2026 04 13 19:05:44.297#Z#DEBUG#be2d3d37-376b-11f1-938a-eeee0a8c9147.OPERATION#flowable-async-job-executor-thread-20306#
[CreateOrUpdateAppStep] Getting application "BTP_CI_CD_Deployment_CAPM-postgres-deployer"...#
#2026 04 13 19:05:44.349#Z#INFO#be2d3d37-376b-11f1-938a-eeee0a8c9147.OPERATION#flowable-async-job-executor-thread-20306#
[CreateOrUpdateAppStep] Updating application "BTP_CI_CD_Deployment_CAPM-postgres-deployer"...#
#2026 04 13 19:05:44.355#Z#DEBUG#be2d3d37-376b-11f1-938a-eeee0a8c9147.OPERATION#flowable-async-job-executor-thread-20306#
[CreateOrUpdateAppStep] Getting process for application "c49c6f4e-6a21-4cf0-9f92-c125a8dc9d83"...#
#2026 04 13 19:05:44.394#Z#DEBUG#be2d3d37-376b-11f1-938a-eeee0a8c9147.OPERATION#flowable-async-job-executor-thread-20306#
[CreateOrUpdateAppStep] Getting routes for application "c49c6f4e-6a21-4cf0-9f92-c125a8dc9d83"...#
#2026 04 13 19:05:44.435#Z#DEBUG#be2d3d37-376b-11f1-938a-eeee0a8c9147.OPERATION#flowable-async-job-executor-thread-20306#
[CreateOrUpdateAppStep] Getting features for application "c49c6f4e-6a21-4cf0-9f92-c125a8dc9d83"#
#2026 04 13 19:05:44.466#Z#DEBUG#be2d3d37-376b-11f1-938a-eeee0a8c9147.OPERATION#flowable-async-job-executor-thread-20306#
[CreateOrUpdateAppStep] Updating staging of application "BTP_CI_CD_Deployment_CAPM-postgres-deployer" to: {
  "isReadinessHealthCheckEnabled" : true,
  "buildpacks" : [ "nodejs_buildpack" ],
  "healthCheckType" : "port",
  "appFeatures" : { }
}#
#2026 04 13 19:05:44.684#Z#DEBUG#be2d3d37-376b-11f1-938a-eeee0a8c9147.OPERATION#flowable-async-job-executor-thread-20306#
[CreateOrUpdateAppStep] Application "BTP_CI_CD_Deployment_CAPM-postgres-deployer" updated#
#2026 04 13 19:05:44.684#Z#DEBUG#be2d3d37-376b-11f1-938a-eeee0a8c9147.OPERATION#flowable-async-job-executor-thread-20306#
[CreateOrUpdateAppStep] Getting environment of application "c49c6f4e-6a21-4cf0-9f92-c125a8dc9d83"...#
#2026 04 13 19:05:44.761#Z#DEBUG#be2d3d37-376b-11f1-938a-eeee0a8c9147.OPERATION#flowable-async-job-executor-thread-20306#
[CreateOrUpdateAppStep] Application "BTP_CI_CD_Deployment_CAPM-postgres-deployer" updated#
#2026 04 13 19:05:44.761#Z#DEBUG#be2d3d37-376b-11f1-938a-eeee0a8c9147.OPERATION#flowable-async-job-executor-thread-20306#
Step "Create App" finished#
#2026 04 13 19:05:44.592#Z#DEBUG#be2d3d37-376b-11f1-938a-eeee0a8c9147.OPERATION#flowable-async-job-executor-thread-13959#
[CreateOrUpdateAppStep] Executing task "createAppTask" of process "c5b81597-376b-11f1-938a-eeee0a8c9147"...#
#2026 04 13 19:05:44.595#Z#DEBUG#be2d3d37-376b-11f1-938a-eeee0a8c9147.OPERATION#flowable-async-job-executor-thread-13959#
[CreateOrUpdateAppStep] Getting application "BTP_CI_CD_Deployment_CAPM-srv"...#
#2026 04 13 19:05:44.640#Z#INFO#be2d3d37-376b-11f1-938a-eeee0a8c9147.OPERATION#flowable-async-job-executor-thread-13959#
[CreateOrUpdateAppStep] Updating application "BTP_CI_CD_Deployment_CAPM-srv"...#
#2026 04 13 19:05:44.650#Z#DEBUG#be2d3d37-376b-11f1-938a-eeee0a8c9147.OPERATION#flowable-async-job-executor-thread-13959#
[CreateOrUpdateAppStep] Getting process for application "7698ddb5-9928-4464-8f91-f365800fe760"...#
#2026 04 13 19:05:44.687#Z#DEBUG#be2d3d37-376b-11f1-938a-eeee0a8c9147.OPERATION#flowable-async-job-executor-thread-13959#
[CreateOrUpdateAppStep] Getting routes for application "7698ddb5-9928-4464-8f91-f365800fe760"...#
#2026 04 13 19:05:44.746#Z#DEBUG#be2d3d37-376b-11f1-938a-eeee0a8c9147.OPERATION#flowable-async-job-executor-thread-13959#
[CreateOrUpdateAppStep] Getting features for application "7698ddb5-9928-4464-8f91-f365800fe760"#
#2026 04 13 19:05:44.777#Z#INFO#be2d3d37-376b-11f1-938a-eeee0a8c9147.OPERATION#flowable-async-job-executor-thread-13959#
[CreateOrUpdateAppStep] Application "BTP_CI_CD_Deployment_CAPM-srv" attributes are not modified and will not be updated#
#2026 04 13 19:05:44.790#Z#DEBUG#be2d3d37-376b-11f1-938a-eeee0a8c9147.OPERATION#flowable-async-job-executor-thread-13959#
[CreateOrUpdateAppStep] Getting environment of application "7698ddb5-9928-4464-8f91-f365800fe760"...#
#2026 04 13 19:05:44.859#Z#DEBUG#be2d3d37-376b-11f1-938a-eeee0a8c9147.OPERATION#flowable-async-job-executor-thread-13959#
[CreateOrUpdateAppStep] Application "BTP_CI_CD_Deployment_CAPM-srv" updated#
#2026 04 13 19:05:44.859#Z#DEBUG#be2d3d37-376b-11f1-938a-eeee0a8c9147.OPERATION#flowable-async-job-executor-thread-13959#
Step "Create App" finished#
#2026 04 13 19:05:44.882#Z#DEBUG#be2d3d37-376b-11f1-938a-eeee0a8c9147.OPERATION#flowable-async-job-executor-thread-20306#
[CheckServiceBindingOperationStep] Executing task "checkForServiceBindingOperationInProgress" of process "c60216f3-376b-11f1-9e6c-eeee0a8074b5"...#
#2026 04 13 19:05:44.882#Z#DEBUG#be2d3d37-376b-11f1-938a-eeee0a8c9147.OPERATION#flowable-async-job-executor-thread-20306#
[CheckServiceBindingOperationStep] Checking for service binding operation in progress between app "BTP_CI_CD_Deployment_CAPM-postgres-deployer" and service instance "PostgreSQLInstance"#
#2026 04 13 19:05:44.883#Z#DEBUG#be2d3d37-376b-11f1-938a-eeee0a8c9147.OPERATION#flowable-async-job-executor-thread-20306#
[CheckServiceBindingOperationStep] Getting application guid "BTP_CI_CD_Deployment_CAPM-postgres-deployer"...#
#2026 04 13 19:05:44.930#Z#DEBUG#be2d3d37-376b-11f1-938a-eeee0a8c9147.OPERATION#flowable-async-job-executor-thread-20306#
[CheckServiceBindingOperationStep] Getting GUID of required service instance "PostgreSQLInstance"...#
#2026 04 13 19:05:44.965#Z#DEBUG#be2d3d37-376b-11f1-938a-eeee0a8c9147.OPERATION#flowable-async-job-executor-thread-20306#
[CheckServiceBindingOperationStep] Getting binding of service instance "ba329acb-cb7e-475c-b74a-6a3daa78372b" with application "c49c6f4e-6a21-4cf0-9f92-c125a8dc9d83"...#
#2026 04 13 19:05:45.006#Z#DEBUG#be2d3d37-376b-11f1-938a-eeee0a8c9147.OPERATION#flowable-async-job-executor-thread-20306#
[CheckServiceBindingOperationStep] Service binding operation "64a3eb34-afc3-49d3-8bf4-649f0d4b7253" with type "create" is in state "succeeded"#
#2026 04 13 19:05:45.006#Z#DEBUG#be2d3d37-376b-11f1-938a-eeee0a8c9147.OPERATION#flowable-async-job-executor-thread-20306#
Step "Check For Service Binding Operation In Progress" finished#
#2026 04 13 19:05:44.998#Z#DEBUG#be2d3d37-376b-11f1-938a-eeee0a8c9147.OPERATION#flowable-async-job-executor-thread-13957#
[CheckServiceBindingOperationStep] Executing task "checkForServiceBindingOperationInProgress" of process "c6148df0-376b-11f1-938a-eeee0a8c9147"...#
#2026 04 13 19:05:44.998#Z#DEBUG#be2d3d37-376b-11f1-938a-eeee0a8c9147.OPERATION#flowable-async-job-executor-thread-13957#
[CheckServiceBindingOperationStep] Checking for service binding operation in progress between app "BTP_CI_CD_Deployment_CAPM-srv" and service instance "BTP_CI_CD_Deployment_CAPM-destination"#
#2026 04 13 19:05:44.999#Z#DEBUG#be2d3d37-376b-11f1-938a-eeee0a8c9147.OPERATION#flowable-async-job-executor-thread-13957#
[CheckServiceBindingOperationStep] Getting application guid "BTP_CI_CD_Deployment_CAPM-srv"...#
#2026 04 13 19:05:45.045#Z#DEBUG#be2d3d37-376b-11f1-938a-eeee0a8c9147.OPERATION#flowable-async-job-executor-thread-13957#
[CheckServiceBindingOperationStep] Getting GUID of required service instance "BTP_CI_CD_Deployment_CAPM-destination"...#
#2026 04 13 19:05:45.092#Z#DEBUG#be2d3d37-376b-11f1-938a-eeee0a8c9147.OPERATION#flowable-async-job-executor-thread-13957#
[CheckServiceBindingOperationStep] Getting binding of service instance "968afb5b-4c94-4e15-bd63-1774c87536e6" with application "7698ddb5-9928-4464-8f91-f365800fe760"...#
#2026 04 13 19:05:45.122#Z#DEBUG#be2d3d37-376b-11f1-938a-eeee0a8c9147.OPERATION#flowable-async-job-executor-thread-13957#
[CheckServiceBindingOperationStep] Service binding operation "501f0277-c0b5-41a4-8dca-41b87a4e1f31" with type "create" is in state "succeeded"#
#2026 04 13 19:05:45.122#Z#DEBUG#be2d3d37-376b-11f1-938a-eeee0a8c9147.OPERATION#flowable-async-job-executor-thread-13957#
Step "Check For Service Binding Operation In Progress" finished#
#2026 04 13 19:05:45.045#Z#DEBUG#be2d3d37-376b-11f1-938a-eeee0a8c9147.OPERATION#flowable-async-job-executor-thread-20306#
[DetermineApplicationServiceBindingActionsStep] Executing task "determineApplicationServiceBindingActionsTask" of process "c60216f3-376b-11f1-9e6c-eeee0a8074b5"...#
#2026 04 13 19:05:45.048#Z#DEBUG#be2d3d37-376b-11f1-938a-eeee0a8c9147.OPERATION#flowable-async-job-executor-thread-20306#
[DetermineApplicationServiceBindingActionsStep] Determine bind/unbind operations of application "BTP_CI_CD_Deployment_CAPM-postgres-deployer" to service instance "PostgreSQLInstance"#
#2026 04 13 19:05:45.048#Z#DEBUG#be2d3d37-376b-11f1-938a-eeee0a8c9147.OPERATION#flowable-async-job-executor-thread-20306#
[DetermineApplicationServiceBindingActionsStep] Getting application "BTP_CI_CD_Deployment_CAPM-postgres-deployer"...#
#2026 04 13 19:05:45.096#Z#DEBUG#be2d3d37-376b-11f1-938a-eeee0a8c9147.OPERATION#flowable-async-job-executor-thread-20306#
[DetermineApplicationServiceBindingActionsStep] Binding parameters for application "BTP_CI_CD_Deployment_CAPM-postgres-deployer": { }#
#2026 04 13 19:05:45.130#Z#DEBUG#be2d3d37-376b-11f1-938a-eeee0a8c9147.OPERATION#flowable-async-job-executor-thread-20306#
[DetermineApplicationServiceBindingActionsStep] Check should rebind application "BTP_CI_CD_Deployment_CAPM-postgres-deployer" and service instance "PostgreSQLInstance"#
#2026 04 13 19:05:45.130#Z#DEBUG#be2d3d37-376b-11f1-938a-eeee0a8c9147.OPERATION#flowable-async-job-executor-thread-20306#
[DetermineApplicationServiceBindingActionsStep] Getting GUID of required service instance "PostgreSQLInstance"...#
#2026 04 13 19:05:45.164#Z#DEBUG#be2d3d37-376b-11f1-938a-eeee0a8c9147.OPERATION#flowable-async-job-executor-thread-20306#
[DetermineApplicationServiceBindingActionsStep] Getting binding of service instance "ba329acb-cb7e-475c-b74a-6a3daa78372b" with application "c49c6f4e-6a21-4cf0-9f92-c125a8dc9d83"...#
#2026 04 13 19:05:45.195#Z#DEBUG#be2d3d37-376b-11f1-938a-eeee0a8c9147.OPERATION#flowable-async-job-executor-thread-20306#
[DetermineApplicationServiceBindingActionsStep] Getting parameters of service binding "64a3eb34-afc3-49d3-8bf4-649f0d4b7253"...#
#2026 04 13 19:05:45.233#Z#WARN#be2d3d37-376b-11f1-938a-eeee0a8c9147.OPERATION#flowable-async-job-executor-thread-20306#
[DetermineApplicationServiceBindingActionsStep] Cannot retrieve parameters of binding between application "BTP_CI_CD_Deployment_CAPM-postgres-deployer" and service instance "PostgreSQLInstance"#
#2026 04 13 19:05:45.236#Z#DEBUG#be2d3d37-376b-11f1-938a-eeee0a8c9147.OPERATION#flowable-async-job-executor-thread-20306#
[DetermineApplicationServiceBindingActionsStep] Calculated binding operations between application "BTP_CI_CD_Deployment_CAPM-postgres-deployer" and service instance "PostgreSQLInstance": unbind - true bind - true#
#2026 04 13 19:05:45.236#Z#DEBUG#be2d3d37-376b-11f1-938a-eeee0a8c9147.OPERATION#flowable-async-job-executor-thread-20306#
Step "Determine Application Service Binding Actions" finished#
#2026 04 13 19:05:45.171#Z#DEBUG#be2d3d37-376b-11f1-938a-eeee0a8c9147.OPERATION#flowable-async-job-executor-thread-13957#
[DetermineApplicationServiceBindingActionsStep] Executing task "determineApplicationServiceBindingActionsTask" of process "c6148df0-376b-11f1-938a-eeee0a8c9147"...#
#2026 04 13 19:05:45.176#Z#DEBUG#be2d3d37-376b-11f1-938a-eeee0a8c9147.OPERATION#flowable-async-job-executor-thread-13957#
[DetermineApplicationServiceBindingActionsStep] Determine bind/unbind operations of application "BTP_CI_CD_Deployment_CAPM-srv" to service instance "BTP_CI_CD_Deployment_CAPM-destination"#
#2026 04 13 19:05:45.176#Z#DEBUG#be2d3d37-376b-11f1-938a-eeee0a8c9147.OPERATION#flowable-async-job-executor-thread-13957#
[DetermineApplicationServiceBindingActionsStep] Getting application "BTP_CI_CD_Deployment_CAPM-srv"...#
#2026 04 13 19:05:45.227#Z#DEBUG#be2d3d37-376b-11f1-938a-eeee0a8c9147.OPERATION#flowable-async-job-executor-thread-13957#
[DetermineApplicationServiceBindingActionsStep] Binding parameters for application "BTP_CI_CD_Deployment_CAPM-srv": { }#
#2026 04 13 19:05:45.262#Z#DEBUG#be2d3d37-376b-11f1-938a-eeee0a8c9147.OPERATION#flowable-async-job-executor-thread-13957#
[DetermineApplicationServiceBindingActionsStep] Check should rebind application "BTP_CI_CD_Deployment_CAPM-srv" and service instance "BTP_CI_CD_Deployment_CAPM-destination"#
#2026 04 13 19:05:45.262#Z#DEBUG#be2d3d37-376b-11f1-938a-eeee0a8c9147.OPERATION#flowable-async-job-executor-thread-13957#
[DetermineApplicationServiceBindingActionsStep] Getting GUID of required service instance "BTP_CI_CD_Deployment_CAPM-destination"...#
#2026 04 13 19:05:45.300#Z#DEBUG#be2d3d37-376b-11f1-938a-eeee0a8c9147.OPERATION#flowable-async-job-executor-thread-13957#
[DetermineApplicationServiceBindingActionsStep] Getting binding of service instance "968afb5b-4c94-4e15-bd63-1774c87536e6" with application "7698ddb5-9928-4464-8f91-f365800fe760"...#
#2026 04 13 19:05:45.334#Z#DEBUG#be2d3d37-376b-11f1-938a-eeee0a8c9147.OPERATION#flowable-async-job-executor-thread-13957#
[DetermineApplicationServiceBindingActionsStep] Getting parameters of service binding "501f0277-c0b5-41a4-8dca-41b87a4e1f31"...#
#2026 04 13 19:05:45.374#Z#WARN#be2d3d37-376b-11f1-938a-eeee0a8c9147.OPERATION#flowable-async-job-executor-thread-13957#
[DetermineApplicationServiceBindingActionsStep] Cannot retrieve parameters of binding between application "BTP_CI_CD_Deployment_CAPM-srv" and service instance "BTP_CI_CD_Deployment_CAPM-destination"#
#2026 04 13 19:05:45.377#Z#DEBUG#be2d3d37-376b-11f1-938a-eeee0a8c9147.OPERATION#flowable-async-job-executor-thread-13957#
[DetermineApplicationServiceBindingActionsStep] Calculated binding operations between application "BTP_CI_CD_Deployment_CAPM-srv" and service instance "BTP_CI_CD_Deployment_CAPM-destination": unbind - true bind - true#
#2026 04 13 19:05:45.377#Z#DEBUG#be2d3d37-376b-11f1-938a-eeee0a8c9147.OPERATION#flowable-async-job-executor-thread-13957#
Step "Determine Application Service Binding Actions" finished#
#2026 04 13 19:05:45.265#Z#DEBUG#be2d3d37-376b-11f1-938a-eeee0a8c9147.OPERATION#flowable-async-job-executor-thread-20306#
[UnbindServiceFromApplicationStep] Executing task "unbindServiceFromApplicationTask" of process "c60216f3-376b-11f1-9e6c-eeee0a8074b5"...#
#2026 04 13 19:05:45.267#Z#INFO#be2d3d37-376b-11f1-938a-eeee0a8c9147.OPERATION#flowable-async-job-executor-thread-20306#
[UnbindServiceFromApplicationStep] Unbinding service instance "PostgreSQLInstance" from application "BTP_CI_CD_Deployment_CAPM-postgres-deployer"...#
#2026 04 13 19:05:45.272#Z#DEBUG#be2d3d37-376b-11f1-938a-eeee0a8c9147.OPERATION#flowable-async-job-executor-thread-20306#
[UnbindServiceFromApplicationStep] Unbinding application "BTP_CI_CD_Deployment_CAPM-postgres-deployer" from service instance "PostgreSQLInstance"...#
#2026 04 13 19:05:45.442#Z#DEBUG#be2d3d37-376b-11f1-938a-eeee0a8c9147.OPERATION#flowable-async-job-executor-thread-20306#
Step "Unbind Service from Application" finished#
#2026 04 13 19:05:45.428#Z#DEBUG#be2d3d37-376b-11f1-938a-eeee0a8c9147.OPERATION#flowable-async-job-executor-thread-13957#
[UnbindServiceFromApplicationStep] Executing task "unbindServiceFromApplicationTask" of process "c6148df0-376b-11f1-938a-eeee0a8c9147"...#
#2026 04 13 19:05:45.432#Z#INFO#be2d3d37-376b-11f1-938a-eeee0a8c9147.OPERATION#flowable-async-job-executor-thread-13957#
[UnbindServiceFromApplicationStep] Unbinding service instance "BTP_CI_CD_Deployment_CAPM-destination" from application "BTP_CI_CD_Deployment_CAPM-srv"...#
#2026 04 13 19:05:45.438#Z#DEBUG#be2d3d37-376b-11f1-938a-eeee0a8c9147.OPERATION#flowable-async-job-executor-thread-13957#
[UnbindServiceFromApplicationStep] Unbinding application "BTP_CI_CD_Deployment_CAPM-srv" from service instance "BTP_CI_CD_Deployment_CAPM-destination"...#
#2026 04 13 19:05:45.617#Z#DEBUG#be2d3d37-376b-11f1-938a-eeee0a8c9147.OPERATION#flowable-async-job-executor-thread-13957#
Step "Unbind Service from Application" finished#
#2026 04 13 19:05:47.089#Z#DEBUG#be2d3d37-376b-11f1-938a-eeee0a8c9147.OPERATION#flowable-async-job-executor-thread-20307#
[ProcessDescriptorStep] Executing task "reprocessDescriptorTask" of process "c74f0a36-376b-11f1-9e6c-eeee0a8074b5"...#
#2026 04 13 19:05:47.091#Z#DEBUG#be2d3d37-376b-11f1-938a-eeee0a8c9147.OPERATION#flowable-async-job-executor-thread-20307#
[ProcessDescriptorStep] Resolving properties and parameters in merged descriptor...#
#2026 04 13 19:05:47.095#Z#DEBUG#be2d3d37-376b-11f1-938a-eeee0a8c9147.OPERATION#flowable-async-job-executor-thread-20307#
[ProcessDescriptorStep] Subscriptions: [ ]#
#2026 04 13 19:05:47.113#Z#DEBUG#be2d3d37-376b-11f1-938a-eeee0a8c9147.OPERATION#flowable-async-job-executor-thread-20307#
[ProcessDescriptorStep] MTA modules: [BTP_CI_CD_Deployment_CAPM-approuter, BTP_CI_CD_Deployment_CAPM-srv, BTP_CI_CD_Deployment_CAPM-postgres-deployer]#
#2026 04 13 19:05:47.117#Z#DEBUG#be2d3d37-376b-11f1-938a-eeee0a8c9147.OPERATION#flowable-async-job-executor-thread-20307#
[ProcessDescriptorStep] Resolved deployment descriptor: {
  "majorSchemaVersion" : 3,
  "schemaVersion" : "3.3.0",
  "id" : "BTP_CI_CD_Deployment_CAPM",
  "version" : "1.0.0",
  "modules" : [ {
    "majorSchemaVersion" : 3,
    "name" : "BTP_CI_CD_Deployment_CAPM-srv",
    "type" : "javascript.nodejs",
    "path" : "BTP_CI_CD_Deployment_CAPM-srv",
    "properties" : { },
    "parameters" : {
      "default-url" : "https://582fef10trial-dev-btp-ci-cd-deployment-capm-srv.cfapps.us10-001.hana.ondemand.com",
      "default-app-name" : "BTP_CI_CD_Deployment_CAPM-srv",
      "generated-password" : "********",
      "default-live-url" : "https://582fef10trial-dev-btp-ci-cd-deployment-capm-srv.cfapps.us10-001.hana.ondemand.com",
      "default-uri" : "582fef10trial-dev-btp-ci-cd-deployment-capm-srv.cfapps.us10-001.hana.ondemand.com",
      "default-instances" : 1,
      "default-live-host" : "582fef10trial-dev-btp-ci-cd-deployment-capm-srv",
      "instances" : 1,
      "readiness-health-check-http-endpoint" : "/health",
      "readiness-health-check-type" : "http",
      "buildpack" : "nodejs_buildpack",
      "default-host" : "582fef10trial-dev-btp-ci-cd-deployment-capm-srv",
      "app-name" : "BTP_CI_CD_Deployment_CAPM-srv",
      "default-live-uri" : "582fef10trial-dev-btp-ci-cd-deployment-capm-srv.cfapps.us10-001.hana.ondemand.com",
      "protocol" : "https",
      "default-live-app-name" : "BTP_CI_CD_Deployment_CAPM-srv",
      "default-live-domain" : "cfapps.us10-001.hana.ondemand.com",
      "domain" : "cfapps.us10-001.hana.ondemand.com",
      "host" : "582fef10trial-dev-btp-ci-cd-deployment-capm-srv",
      "generated-user" : "********"
    },
    "requiredDependencies" : [ {
      "majorSchemaVersion" : 3,
      "name" : "BTP_CI_CD_Deployment_CAPM-postgres",
      "properties" : { },
      "parameters" : { },
      "propertiesMetadata" : {
        "metadata" : { }
      },
      "parametersMetadata" : {
        "metadata" : { }
      }
    }, {
      "majorSchemaVersion" : 3,
      "name" : "********",
      "properties" : { },
      "parameters" : { },
      "propertiesMetadata" : {
        "metadata" : { }
      },
      "parametersMetadata" : {
        "metadata" : { }
      }
    }, {
      "majorSchemaVersion" : 3,
      "name" : "BTP_CI_CD_Deployment_CAPM-destination",
      "properties" : { },
      "parameters" : { },
      "propertiesMetadata" : {
        "metadata" : { }
      },
      "parametersMetadata" : {
        "metadata" : { }
      }
    }, {
      "majorSchemaVersion" : 3,
      "name" : "BTP_CI_CD_Deployment_CAPM-connectivity",
      "properties" : { },
      "parameters" : { },
      "propertiesMetadata" : {
        "metadata" : { }
      },
      "parametersMetadata" : {
        "metadata" : { }
      }
    } ],
    "providedDependencies" : [ {
      "majorSchemaVersion" : 3,
      "name" : "srv-api",
      "isPublic" : false,
      "properties" : {
        "srv-url" : "https://582fef10trial-dev-btp-ci-cd-deployment-capm-srv.cfapps.us10-001.hana.ondemand.com"
      },
      "parameters" : { },
      "propertiesMetadata" : {
        "metadata" : { }
      },
      "parametersMetadata" : {
        "metadata" : { }
      }
    }, {
      "majorSchemaVersion" : 3,
      "name" : "BTP_CI_CD_Deployment_CAPM-srv",
      "isPublic" : false,
      "properties" : { },
      "parameters" : { },
      "propertiesMetadata" : {
        "metadata" : { }
      },
      "parametersMetadata" : {
        "metadata" : { }
      }
    } ],
    "propertiesMetadata" : {
      "metadata" : { }
    },
    "parametersMetadata" : {
      "metadata" : { }
    },
    "hooks" : [ ]
  }, {
    "majorSchemaVersion" : 3,
    "name" : "BTP_CI_CD_Deployment_CAPM-postgres-deployer",
    "type" : "javascript.nodejs",
    "path" : "BTP_CI_CD_Deployment_CAPM-postgres-deployer",
    "properties" : { },
    "parameters" : {
      "default-url" : "https://582fef10trial-dev-btp-ci-cd-deployment-capm-postgres-deployer.cfapps.us10-001.hana.ondemand.com",
      "default-app-name" : "BTP_CI_CD_Deployment_CAPM-postgres-deployer",
      "generated-password" : "********",
      "default-live-url" : "https://582fef10trial-dev-btp-ci-cd-deployment-capm-postgres-deployer.cfapps.us10-001.hana.ondemand.com",
      "default-uri" : "582fef10trial-dev-btp-ci-cd-deployment-capm-postgres-deployer.cfapps.us10-001.hana.ondemand.com",
      "default-instances" : 1,
      "no-route" : true,
      "default-live-host" : "582fef10trial-dev-btp-ci-cd-deployment-capm-postgres-deployer",
      "instances" : 1,
      "buildpack" : "nodejs_buildpack",
      "default-host" : "582fef10trial-dev-btp-ci-cd-deployment-capm-postgres-deployer",
      "app-name" : "BTP_CI_CD_Deployment_CAPM-postgres-deployer",
      "default-live-uri" : "582fef10trial-dev-btp-ci-cd-deployment-capm-postgres-deployer.cfapps.us10-001.hana.ondemand.com",
      "protocol" : "https",
      "default-live-app-name" : "BTP_CI_CD_Deployment_CAPM-postgres-deployer",
      "default-live-domain" : "cfapps.us10-001.hana.ondemand.com",
      "domain" : "cfapps.us10-001.hana.ondemand.com",
      "host" : "582fef10trial-dev-btp-ci-cd-deployment-capm-postgres-deployer",
      "generated-user" : "********",
      "tasks" : [ {
        "command" : "npm start",
        "name" : "deploy-to-postgresql"
      } ],
      "no-start" : true
    },
    "requiredDependencies" : [ {
      "majorSchemaVersion" : 3,
      "name" : "BTP_CI_CD_Deployment_CAPM-postgres",
      "properties" : { },
      "parameters" : { },
      "propertiesMetadata" : {
        "metadata" : { }
      },
      "parametersMetadata" : {
        "metadata" : { }
      }
    } ],
    "providedDependencies" : [ {
      "majorSchemaVersion" : 3,
      "name" : "BTP_CI_CD_Deployment_CAPM-postgres-deployer",
      "isPublic" : false,
      "properties" : { },
      "parameters" : { },
      "propertiesMetadata" : {
        "metadata" : { }
      },
      "parametersMetadata" : {
        "metadata" : { }
      }
    } ],
    "propertiesMetadata" : {
      "metadata" : { }
    },
    "parametersMetadata" : {
      "metadata" : { }
    },
    "hooks" : [ ]
  }, {
    "majorSchemaVersion" : 3,
    "name" : "BTP_CI_CD_Deployment_CAPM-approuter",
    "type" : "javascript.nodejs",
    "path" : "BTP_CI_CD_Deployment_CAPM-approuter",
    "properties" : { },
    "parameters" : {
      "default-url" : "https://582fef10trial-dev-btp-ci-cd-deployment-capm-approuter.cfapps.us10-001.hana.ondemand.com",
      "default-app-name" : "BTP_CI_CD_Deployment_CAPM-approuter",
      "generated-password" : "********",
      "default-live-url" : "https://582fef10trial-dev-btp-ci-cd-deployment-capm-approuter.cfapps.us10-001.hana.ondemand.com",
      "default-uri" : "582fef10trial-dev-btp-ci-cd-deployment-capm-approuter.cfapps.us10-001.hana.ondemand.com",
      "memory" : "256M",
      "default-instances" : 1,
      "default-live-host" : "582fef10trial-dev-btp-ci-cd-deployment-capm-approuter",
      "instances" : 1,
      "default-host" : "582fef10trial-dev-btp-ci-cd-deployment-capm-approuter",
      "keep-existing-routes" : true,
      "app-name" : "BTP_CI_CD_Deployment_CAPM-approuter",
      "default-live-uri" : "582fef10trial-dev-btp-ci-cd-deployment-capm-approuter.cfapps.us10-001.hana.ondemand.com",
      "protocol" : "https",
      "default-live-app-name" : "BTP_CI_CD_Deployment_CAPM-approuter",
      "default-live-domain" : "cfapps.us10-001.hana.ondemand.com",
      "disk-quota" : "256M",
      "domain" : "cfapps.us10-001.hana.ondemand.com",
      "host" : "582fef10trial-dev-btp-ci-cd-deployment-capm-approuter",
      "generated-user" : "********"
    },
    "requiredDependencies" : [ {
      "majorSchemaVersion" : 3,
      "name" : "srv-api",
      "group" : "destinations",
      "properties" : {
        "name" : "srv-api",
        "forwardAuthToken" : "********",
        "url" : "https://582fef10trial-dev-btp-ci-cd-deployment-capm-srv.cfapps.us10-001.hana.ondemand.com"
      },
      "parameters" : { },
      "propertiesMetadata" : {
        "metadata" : { }
      },
      "parametersMetadata" : {
        "metadata" : { }
      }
    }, {
      "majorSchemaVersion" : 3,
      "name" : "********",
      "properties" : { },
      "parameters" : { },
      "propertiesMetadata" : {
        "metadata" : { }
      },
      "parametersMetadata" : {
        "metadata" : { }
      }
    } ],
    "providedDependencies" : [ {
      "majorSchemaVersion" : 3,
      "name" : "app-api",
      "isPublic" : false,
      "properties" : {
        "app-protocol" : "https",
        "app-uri" : "582fef10trial-dev-btp-ci-cd-deployment-capm-approuter.cfapps.us10-001.hana.ondemand.com"
      },
      "parameters" : { },
      "propertiesMetadata" : {
        "metadata" : { }
      },
      "parametersMetadata" : {
        "metadata" : { }
      }
    }, {
      "majorSchemaVersion" : 3,
      "name" : "BTP_CI_CD_Deployment_CAPM-approuter",
      "isPublic" : false,
      "properties" : { },
      "parameters" : { },
      "propertiesMetadata" : {
        "metadata" : { }
      },
      "parametersMetadata" : {
        "metadata" : { }
      }
    } ],
    "propertiesMetadata" : {
      "metadata" : { }
    },
    "parametersMetadata" : {
      "metadata" : { }
    },
    "hooks" : [ ]
  } ],
  "resources" : [ {
    "majorSchemaVersion" : 3,
    "name" : "BTP_CI_CD_Deployment_CAPM-postgres",
    "type" : "org.cloudfoundry.existing-service",
    "properties" : { },
    "parameters" : {
      "generated-password" : "********",
      "service-name" : "PostgreSQLInstance",
      "generated-user" : "********",
      "default-xsappname" : "BTP_CI_CD_Deployment_CAPM-postgres",
      "type" : "existing-service",
      "default-service-name" : "BTP_CI_CD_Deployment_CAPM-postgres",
      "default-container-name" : "582FEF10TRIAL_DEV_BTP_CI_CD_DEPLOYMENT_CAPM_POSTGRES"
    },
    "isActive" : true,
    "isOptional" : false,
    "propertiesMetadata" : {
      "metadata" : { }
    },
    "parametersMetadata" : {
      "metadata" : { }
    },
    "requiredDependencies" : [ ],
    "processedAfter" : [ ]
  }, {
    "majorSchemaVersion" : 3,
    "name" : "********",
    "type" : "org.cloudfoundry.managed-service",
    "properties" : { },
    "parameters" : {
      "generated-password" : "********",
      "path" : "./xs-security.json",
      "service-name" : "********",
      "service-plan" : "application",
      "service" : "xsuaa",
      "generated-user" : "********",
      "default-xsappname" : "********",
      "type" : "managed-service",
      "config" : {
        "tenant-mode" : "dedicated",
        "xsappname" : "BTP_CI_CD_Deployment_CAPM"
      },
      "default-service-name" : "********",
      "default-container-name" : "********"
    },
    "isActive" : true,
    "isOptional" : false,
    "propertiesMetadata" : {
      "metadata" : { }
    },
    "parametersMetadata" : {
      "metadata" : { }
    },
    "requiredDependencies" : [ ],
    "processedAfter" : [ ]
  }, {
    "majorSchemaVersion" : 3,
    "name" : "BTP_CI_CD_Deployment_CAPM-destination",
    "type" : "org.cloudfoundry.managed-service",
    "properties" : { },
    "parameters" : {
      "generated-password" : "********",
      "service-name" : "BTP_CI_CD_Deployment_CAPM-destination",
      "service-plan" : "lite",
      "service" : "destination",
      "generated-user" : "********",
      "default-xsappname" : "BTP_CI_CD_Deployment_CAPM-destination",
      "type" : "managed-service",
      "default-service-name" : "BTP_CI_CD_Deployment_CAPM-destination",
      "default-container-name" : "582FEF10TRIAL_DEV_BTP_CI_CD_DEPLOYMENT_CAPM_DESTINATION"
    },
    "isActive" : true,
    "isOptional" : false,
    "propertiesMetadata" : {
      "metadata" : { }
    },
    "parametersMetadata" : {
      "metadata" : { }
    },
    "requiredDependencies" : [ ],
    "processedAfter" : [ ]
  }, {
    "majorSchemaVersion" : 3,
    "name" : "BTP_CI_CD_Deployment_CAPM-connectivity",
    "type" : "org.cloudfoundry.managed-service",
    "properties" : { },
    "parameters" : {
      "generated-password" : "********",
      "service-name" : "BTP_CI_CD_Deployment_CAPM-connectivity",
      "service-plan" : "lite",
      "service" : "connectivity",
      "generated-user" : "********",
      "default-xsappname" : "BTP_CI_CD_Deployment_CAPM-connectivity",
      "type" : "managed-service",
      "default-service-name" : "BTP_CI_CD_Deployment_CAPM-connectivity",
      "default-container-name" : "582FEF10TRIAL_DEV_BTP_CI_CD_DEPLOYMENT_CAPM_CONNECTIVITY"
    },
    "isActive" : true,
    "isOptional" : false,
    "propertiesMetadata" : {
      "metadata" : { }
    },
    "parametersMetadata" : {
      "metadata" : { }
    },
    "requiredDependencies" : [ ],
    "processedAfter" : [ ]
  } ],
  "parameters" : {
    "mta-id" : "BTP_CI_CD_Deployment_CAPM",
    "authorization-url" : "********",
    "org-guid" : "ceb260de-7f8b-47c1-95d6-4dc331530e2d",
    "org" : "582fef10trial",
    "deploy-target" : "582fef10trial dev",
    "enable-parallel-deployments" : true,
    "region-primary-domain" : "us10.hana.ondemand.com",
    "space" : "dev",
    "region-domain" : "us10-001.hana.ondemand.com",
    "xs-api-url" : "https://api.cf.us10-001.hana.ondemand.com",
    "deploy-url" : "deploy-service.cfapps.us10-001.hana.ondemand.com",
    "xs-type" : "CF",
    "default-domain" : "cfapps.us10-001.hana.ondemand.com",
    "mta-version" : "1.0.0",
    "xs-auth-url" : "********",
    "space-guid" : "811bddec-c6a1-40f6-88ee-deeab5d43e93",
    "user" : "********",
    "controller-url" : "https://api.cf.us10-001.hana.ondemand.com",
    "timestamp" : "20260413190531"
  },
  "parametersMetadata" : {
    "metadata" : { }
  }
}#
#2026 04 13 19:05:47.117#Z#DEBUG#be2d3d37-376b-11f1-938a-eeee0a8c9147.OPERATION#flowable-async-job-executor-thread-20307#
[ProcessDescriptorStep] Merged descriptor properties and parameters resolved#
#2026 04 13 19:05:47.117#Z#DEBUG#be2d3d37-376b-11f1-938a-eeee0a8c9147.OPERATION#flowable-async-job-executor-thread-20307#
Step "Re-Process Descriptor Step" finished#
#2026 04 13 19:05:47.157#Z#DEBUG#be2d3d37-376b-11f1-938a-eeee0a8c9147.OPERATION#flowable-async-job-executor-thread-20307#
[BuildApplicationDeployModelStep] Executing task "buildApplicationDeployModelTask" of process "c74f0a36-376b-11f1-9e6c-eeee0a8074b5"...#
#2026 04 13 19:05:47.161#Z#DEBUG#be2d3d37-376b-11f1-938a-eeee0a8c9147.OPERATION#flowable-async-job-executor-thread-20307#
[BuildApplicationDeployModelStep] Building cloud deployment model for application "BTP_CI_CD_Deployment_CAPM-approuter"...#
#2026 04 13 19:05:47.168#Z#DEBUG#be2d3d37-376b-11f1-938a-eeee0a8c9147.OPERATION#flowable-async-job-executor-thread-20307#
[BuildApplicationDeployModelStep] Getting routes for application "56922c12-bbe9-4d92-96fb-99e2e7d3caea"...#
#2026 04 13 19:05:47.215#Z#DEBUG#be2d3d37-376b-11f1-938a-eeee0a8c9147.OPERATION#flowable-async-job-executor-thread-20307#
[BuildApplicationDeployModelStep] No health-check-type is specified. Setting default type: port#
#2026 04 13 19:05:47.216#Z#INFO#be2d3d37-376b-11f1-938a-eeee0a8c9147.OPERATION#flowable-async-job-executor-thread-20307#
[BuildApplicationDeployModelStep] Building configuration entries for org 582fef10trial, space dev, spaceId 811bddec-c6a1-40f6-88ee-deeab5d43e93 and namespace null!#
#2026 04 13 19:05:47.218#Z#DEBUG#be2d3d37-376b-11f1-938a-eeee0a8c9147.OPERATION#flowable-async-job-executor-thread-20307#
[BuildApplicationDeployModelStep] Configuration entries to publish: [ ]#
#2026 04 13 19:05:47.218#Z#DEBUG#be2d3d37-376b-11f1-938a-eeee0a8c9147.OPERATION#flowable-async-job-executor-thread-20307#
[BuildApplicationDeployModelStep] Cloud deployment model for application built#
#2026 04 13 19:05:47.218#Z#DEBUG#be2d3d37-376b-11f1-938a-eeee0a8c9147.OPERATION#flowable-async-job-executor-thread-20307#
Step "Build Application Deploy Model" finished#
#2026 04 13 19:05:47.232#Z#DEBUG#be2d3d37-376b-11f1-938a-eeee0a8c9147.OPERATION#flowable-async-job-executor-thread-20309#
[CheckServiceBindingOperationStep] Executing task "checkForServiceBindingOperationInProgress" of process "c767c16f-376b-11f1-9e6c-eeee0a8074b5"...#
#2026 04 13 19:05:47.232#Z#DEBUG#be2d3d37-376b-11f1-938a-eeee0a8c9147.OPERATION#flowable-async-job-executor-thread-20309#
[CheckServiceBindingOperationStep] Checking for service binding operation in progress between app "BTP_CI_CD_Deployment_CAPM-srv" and service instance "BTP_CI_CD_Deployment_CAPM-auth"#
#2026 04 13 19:05:47.234#Z#DEBUG#be2d3d37-376b-11f1-938a-eeee0a8c9147.OPERATION#flowable-async-job-executor-thread-20309#
[CheckServiceBindingOperationStep] Getting application guid "BTP_CI_CD_Deployment_CAPM-srv"...#
#2026 04 13 19:05:47.286#Z#DEBUG#be2d3d37-376b-11f1-938a-eeee0a8c9147.OPERATION#flowable-async-job-executor-thread-20309#
[CheckServiceBindingOperationStep] Getting GUID of required service instance "BTP_CI_CD_Deployment_CAPM-auth"...#
#2026 04 13 19:05:47.319#Z#DEBUG#be2d3d37-376b-11f1-938a-eeee0a8c9147.OPERATION#flowable-async-job-executor-thread-20307#
[CheckServiceBindingOperationStep] Executing task "checkForServiceBindingOperationInProgress" of process "c7741d7c-376b-11f1-9e6c-eeee0a8074b5"...#
#2026 04 13 19:05:47.319#Z#DEBUG#be2d3d37-376b-11f1-938a-eeee0a8c9147.OPERATION#flowable-async-job-executor-thread-20307#
[CheckServiceBindingOperationStep] Checking for service binding operation in progress between app "BTP_CI_CD_Deployment_CAPM-srv" and service instance "PostgreSQLInstance"#
#2026 04 13 19:05:47.319#Z#DEBUG#be2d3d37-376b-11f1-938a-eeee0a8c9147.OPERATION#flowable-async-job-executor-thread-20307#
[CheckServiceBindingOperationStep] Getting application guid "BTP_CI_CD_Deployment_CAPM-srv"...#
#2026 04 13 19:05:47.328#Z#DEBUG#be2d3d37-376b-11f1-938a-eeee0a8c9147.OPERATION#flowable-async-job-executor-thread-20309#
[CheckServiceBindingOperationStep] Getting binding of service instance "e03b5a80-5618-40dc-836a-2f0b8f1e7601" with application "7698ddb5-9928-4464-8f91-f365800fe760"...#
#2026 04 13 19:05:47.364#Z#DEBUG#be2d3d37-376b-11f1-938a-eeee0a8c9147.OPERATION#flowable-async-job-executor-thread-20307#
[CheckServiceBindingOperationStep] Getting GUID of required service instance "PostgreSQLInstance"...#
#2026 04 13 19:05:47.365#Z#DEBUG#be2d3d37-376b-11f1-938a-eeee0a8c9147.OPERATION#flowable-async-job-executor-thread-20309#
[CheckServiceBindingOperationStep] Service binding operation "d092604d-3912-4525-9cfd-a6296cc2e836" with type "create" is in state "succeeded"#
#2026 04 13 19:05:47.365#Z#DEBUG#be2d3d37-376b-11f1-938a-eeee0a8c9147.OPERATION#flowable-async-job-executor-thread-20309#
Step "Check For Service Binding Operation In Progress" finished#
#2026 04 13 19:05:47.397#Z#DEBUG#be2d3d37-376b-11f1-938a-eeee0a8c9147.OPERATION#flowable-async-job-executor-thread-20307#
[CheckServiceBindingOperationStep] Getting binding of service instance "ba329acb-cb7e-475c-b74a-6a3daa78372b" with application "7698ddb5-9928-4464-8f91-f365800fe760"...#
#2026 04 13 19:05:47.434#Z#DEBUG#be2d3d37-376b-11f1-938a-eeee0a8c9147.OPERATION#flowable-async-job-executor-thread-20307#
[CheckServiceBindingOperationStep] Service binding operation "ecaf63a4-5a32-4278-a11f-889c57de9704" with type "create" is in state "succeeded"#
#2026 04 13 19:05:47.434#Z#DEBUG#be2d3d37-376b-11f1-938a-eeee0a8c9147.OPERATION#flowable-async-job-executor-thread-20307#
Step "Check For Service Binding Operation In Progress" finished#
#2026 04 13 19:05:47.400#Z#DEBUG#be2d3d37-376b-11f1-938a-eeee0a8c9147.OPERATION#flowable-async-job-executor-thread-20309#
[DetermineApplicationServiceBindingActionsStep] Executing task "determineApplicationServiceBindingActionsTask" of process "c767c16f-376b-11f1-9e6c-eeee0a8074b5"...#
#2026 04 13 19:05:47.401#Z#DEBUG#be2d3d37-376b-11f1-938a-eeee0a8c9147.OPERATION#flowable-async-job-executor-thread-20309#
[DetermineApplicationServiceBindingActionsStep] Determine bind/unbind operations of application "BTP_CI_CD_Deployment_CAPM-srv" to service instance "BTP_CI_CD_Deployment_CAPM-auth"#
#2026 04 13 19:05:47.401#Z#DEBUG#be2d3d37-376b-11f1-938a-eeee0a8c9147.OPERATION#flowable-async-job-executor-thread-20309#
[DetermineApplicationServiceBindingActionsStep] Getting application "BTP_CI_CD_Deployment_CAPM-srv"...#
#2026 04 13 19:05:47.455#Z#DEBUG#be2d3d37-376b-11f1-938a-eeee0a8c9147.OPERATION#flowable-async-job-executor-thread-20309#
[DetermineApplicationServiceBindingActionsStep] Binding parameters for application "BTP_CI_CD_Deployment_CAPM-srv": { }#
#2026 04 13 19:05:47.466#Z#DEBUG#be2d3d37-376b-11f1-938a-eeee0a8c9147.OPERATION#flowable-async-job-executor-thread-20307#
[DetermineApplicationServiceBindingActionsStep] Executing task "determineApplicationServiceBindingActionsTask" of process "c7741d7c-376b-11f1-9e6c-eeee0a8074b5"...#
#2026 04 13 19:05:47.467#Z#DEBUG#be2d3d37-376b-11f1-938a-eeee0a8c9147.OPERATION#flowable-async-job-executor-thread-20307#
[DetermineApplicationServiceBindingActionsStep] Determine bind/unbind operations of application "BTP_CI_CD_Deployment_CAPM-srv" to service instance "PostgreSQLInstance"#
#2026 04 13 19:05:47.467#Z#DEBUG#be2d3d37-376b-11f1-938a-eeee0a8c9147.OPERATION#flowable-async-job-executor-thread-20307#
[DetermineApplicationServiceBindingActionsStep] Getting application "BTP_CI_CD_Deployment_CAPM-srv"...#
#2026 04 13 19:05:47.490#Z#DEBUG#be2d3d37-376b-11f1-938a-eeee0a8c9147.OPERATION#flowable-async-job-executor-thread-20309#
[DetermineApplicationServiceBindingActionsStep] Check should rebind application "BTP_CI_CD_Deployment_CAPM-srv" and service instance "BTP_CI_CD_Deployment_CAPM-auth"#
#2026 04 13 19:05:47.490#Z#DEBUG#be2d3d37-376b-11f1-938a-eeee0a8c9147.OPERATION#flowable-async-job-executor-thread-20309#
[DetermineApplicationServiceBindingActionsStep] Getting GUID of required service instance "BTP_CI_CD_Deployment_CAPM-auth"...#
#2026 04 13 19:05:47.516#Z#DEBUG#be2d3d37-376b-11f1-938a-eeee0a8c9147.OPERATION#flowable-async-job-executor-thread-20307#
[DetermineApplicationServiceBindingActionsStep] Binding parameters for application "BTP_CI_CD_Deployment_CAPM-srv": { }#
#2026 04 13 19:05:47.523#Z#DEBUG#be2d3d37-376b-11f1-938a-eeee0a8c9147.OPERATION#flowable-async-job-executor-thread-20309#
[DetermineApplicationServiceBindingActionsStep] Getting binding of service instance "e03b5a80-5618-40dc-836a-2f0b8f1e7601" with application "7698ddb5-9928-4464-8f91-f365800fe760"...#
#2026 04 13 19:05:47.550#Z#DEBUG#be2d3d37-376b-11f1-938a-eeee0a8c9147.OPERATION#flowable-async-job-executor-thread-20307#
[DetermineApplicationServiceBindingActionsStep] Check should rebind application "BTP_CI_CD_Deployment_CAPM-srv" and service instance "PostgreSQLInstance"#
#2026 04 13 19:05:47.550#Z#DEBUG#be2d3d37-376b-11f1-938a-eeee0a8c9147.OPERATION#flowable-async-job-executor-thread-20307#
[DetermineApplicationServiceBindingActionsStep] Getting GUID of required service instance "PostgreSQLInstance"...#
#2026 04 13 19:05:47.562#Z#DEBUG#be2d3d37-376b-11f1-938a-eeee0a8c9147.OPERATION#flowable-async-job-executor-thread-20309#
[DetermineApplicationServiceBindingActionsStep] Getting parameters of service binding "d092604d-3912-4525-9cfd-a6296cc2e836"...#
#2026 04 13 19:05:47.584#Z#DEBUG#be2d3d37-376b-11f1-938a-eeee0a8c9147.OPERATION#flowable-async-job-executor-thread-20307#
[DetermineApplicationServiceBindingActionsStep] Getting binding of service instance "ba329acb-cb7e-475c-b74a-6a3daa78372b" with application "7698ddb5-9928-4464-8f91-f365800fe760"...#
#2026 04 13 19:05:47.598#Z#WARN#be2d3d37-376b-11f1-938a-eeee0a8c9147.OPERATION#flowable-async-job-executor-thread-20309#
[DetermineApplicationServiceBindingActionsStep] Cannot retrieve parameters of binding between application "BTP_CI_CD_Deployment_CAPM-srv" and service instance "BTP_CI_CD_Deployment_CAPM-auth"#
#2026 04 13 19:05:47.600#Z#DEBUG#be2d3d37-376b-11f1-938a-eeee0a8c9147.OPERATION#flowable-async-job-executor-thread-20309#
[DetermineApplicationServiceBindingActionsStep] Calculated binding operations between application "BTP_CI_CD_Deployment_CAPM-srv" and service instance "BTP_CI_CD_Deployment_CAPM-auth": unbind - true bind - true#
#2026 04 13 19:05:47.600#Z#DEBUG#be2d3d37-376b-11f1-938a-eeee0a8c9147.OPERATION#flowable-async-job-executor-thread-20309#
Step "Determine Application Service Binding Actions" finished#
#2026 04 13 19:05:47.627#Z#DEBUG#be2d3d37-376b-11f1-938a-eeee0a8c9147.OPERATION#flowable-async-job-executor-thread-20307#
[DetermineApplicationServiceBindingActionsStep] Getting parameters of service binding "ecaf63a4-5a32-4278-a11f-889c57de9704"...#
#2026 04 13 19:05:47.663#Z#WARN#be2d3d37-376b-11f1-938a-eeee0a8c9147.OPERATION#flowable-async-job-executor-thread-20307#
[DetermineApplicationServiceBindingActionsStep] Cannot retrieve parameters of binding between application "BTP_CI_CD_Deployment_CAPM-srv" and service instance "PostgreSQLInstance"#
#2026 04 13 19:05:47.665#Z#DEBUG#be2d3d37-376b-11f1-938a-eeee0a8c9147.OPERATION#flowable-async-job-executor-thread-20307#
[DetermineApplicationServiceBindingActionsStep] Calculated binding operations between application "BTP_CI_CD_Deployment_CAPM-srv" and service instance "PostgreSQLInstance": unbind - true bind - true#
#2026 04 13 19:05:47.665#Z#DEBUG#be2d3d37-376b-11f1-938a-eeee0a8c9147.OPERATION#flowable-async-job-executor-thread-20307#
Step "Determine Application Service Binding Actions" finished#
#2026 04 13 19:05:47.271#Z#DEBUG#be2d3d37-376b-11f1-938a-eeee0a8c9147.OPERATION#flowable-async-job-executor-thread-20306#
[CreateOrUpdateAppStep] Executing task "createAppTask" of process "c74f0a36-376b-11f1-9e6c-eeee0a8074b5"...#
#2026 04 13 19:05:47.274#Z#DEBUG#be2d3d37-376b-11f1-938a-eeee0a8c9147.OPERATION#flowable-async-job-executor-thread-20306#
[CreateOrUpdateAppStep] Getting application "BTP_CI_CD_Deployment_CAPM-approuter"...#
#2026 04 13 19:05:47.335#Z#INFO#be2d3d37-376b-11f1-938a-eeee0a8c9147.OPERATION#flowable-async-job-executor-thread-20306#
[CreateOrUpdateAppStep] Updating application "BTP_CI_CD_Deployment_CAPM-approuter"...#
#2026 04 13 19:05:47.343#Z#DEBUG#be2d3d37-376b-11f1-938a-eeee0a8c9147.OPERATION#flowable-async-job-executor-thread-20306#
[CreateOrUpdateAppStep] Getting process for application "56922c12-bbe9-4d92-96fb-99e2e7d3caea"...#
#2026 04 13 19:05:47.383#Z#DEBUG#be2d3d37-376b-11f1-938a-eeee0a8c9147.OPERATION#flowable-async-job-executor-thread-20306#
[CreateOrUpdateAppStep] Getting routes for application "56922c12-bbe9-4d92-96fb-99e2e7d3caea"...#
#2026 04 13 19:05:47.428#Z#DEBUG#be2d3d37-376b-11f1-938a-eeee0a8c9147.OPERATION#flowable-async-job-executor-thread-20306#
[CreateOrUpdateAppStep] Getting features for application "56922c12-bbe9-4d92-96fb-99e2e7d3caea"#
#2026 04 13 19:05:47.454#Z#DEBUG#be2d3d37-376b-11f1-938a-eeee0a8c9147.OPERATION#flowable-async-job-executor-thread-20306#
[CreateOrUpdateAppStep] Updating staging of application "BTP_CI_CD_Deployment_CAPM-approuter" to: {
  "isReadinessHealthCheckEnabled" : true,
  "buildpacks" : [ ],
  "healthCheckType" : "port",
  "appFeatures" : { }
}#
#2026 04 13 19:05:47.700#Z#DEBUG#be2d3d37-376b-11f1-938a-eeee0a8c9147.OPERATION#flowable-async-job-executor-thread-20306#
[CreateOrUpdateAppStep] Application "BTP_CI_CD_Deployment_CAPM-approuter" updated#
#2026 04 13 19:05:47.700#Z#DEBUG#be2d3d37-376b-11f1-938a-eeee0a8c9147.OPERATION#flowable-async-job-executor-thread-20306#
[CreateOrUpdateAppStep] Getting environment of application "56922c12-bbe9-4d92-96fb-99e2e7d3caea"...#
#2026 04 13 19:05:47.773#Z#DEBUG#be2d3d37-376b-11f1-938a-eeee0a8c9147.OPERATION#flowable-async-job-executor-thread-20306#
[CreateOrUpdateAppStep] Application "BTP_CI_CD_Deployment_CAPM-approuter" updated#
#2026 04 13 19:05:47.773#Z#DEBUG#be2d3d37-376b-11f1-938a-eeee0a8c9147.OPERATION#flowable-async-job-executor-thread-20306#
Step "Create App" finished#
#2026 04 13 19:05:47.635#Z#DEBUG#be2d3d37-376b-11f1-938a-eeee0a8c9147.OPERATION#flowable-async-job-executor-thread-20309#
[UnbindServiceFromApplicationStep] Executing task "unbindServiceFromApplicationTask" of process "c767c16f-376b-11f1-9e6c-eeee0a8074b5"...#
#2026 04 13 19:05:47.638#Z#INFO#be2d3d37-376b-11f1-938a-eeee0a8c9147.OPERATION#flowable-async-job-executor-thread-20309#
[UnbindServiceFromApplicationStep] Unbinding service instance "BTP_CI_CD_Deployment_CAPM-auth" from application "BTP_CI_CD_Deployment_CAPM-srv"...#
#2026 04 13 19:05:47.642#Z#DEBUG#be2d3d37-376b-11f1-938a-eeee0a8c9147.OPERATION#flowable-async-job-executor-thread-20309#
[UnbindServiceFromApplicationStep] Unbinding application "BTP_CI_CD_Deployment_CAPM-srv" from service instance "BTP_CI_CD_Deployment_CAPM-auth"...#
#2026 04 13 19:05:47.698#Z#DEBUG#be2d3d37-376b-11f1-938a-eeee0a8c9147.OPERATION#flowable-async-job-executor-thread-20307#
[UnbindServiceFromApplicationStep] Executing task "unbindServiceFromApplicationTask" of process "c7741d7c-376b-11f1-9e6c-eeee0a8074b5"...#
#2026 04 13 19:05:47.700#Z#INFO#be2d3d37-376b-11f1-938a-eeee0a8c9147.OPERATION#flowable-async-job-executor-thread-20307#
[UnbindServiceFromApplicationStep] Unbinding service instance "PostgreSQLInstance" from application "BTP_CI_CD_Deployment_CAPM-srv"...#
#2026 04 13 19:05:47.705#Z#DEBUG#be2d3d37-376b-11f1-938a-eeee0a8c9147.OPERATION#flowable-async-job-executor-thread-20307#
[UnbindServiceFromApplicationStep] Unbinding application "BTP_CI_CD_Deployment_CAPM-srv" from service instance "PostgreSQLInstance"...#
#2026 04 13 19:05:47.820#Z#DEBUG#be2d3d37-376b-11f1-938a-eeee0a8c9147.OPERATION#flowable-async-job-executor-thread-20309#
Step "Unbind Service from Application" finished#
#2026 04 13 19:05:47.880#Z#DEBUG#be2d3d37-376b-11f1-938a-eeee0a8c9147.OPERATION#flowable-async-job-executor-thread-20307#
Step "Unbind Service from Application" finished#
#2026 04 13 19:05:47.860#Z#DEBUG#be2d3d37-376b-11f1-938a-eeee0a8c9147.OPERATION#flowable-async-job-executor-thread-20306#
[CheckServiceBindingOperationStep] Executing task "checkForServiceBindingOperationInProgress" of process "c7cb3e0e-376b-11f1-9e6c-eeee0a8074b5"...#
#2026 04 13 19:05:47.860#Z#DEBUG#be2d3d37-376b-11f1-938a-eeee0a8c9147.OPERATION#flowable-async-job-executor-thread-20306#
[CheckServiceBindingOperationStep] Checking for service binding operation in progress between app "BTP_CI_CD_Deployment_CAPM-approuter" and service instance "BTP_CI_CD_Deployment_CAPM-auth"#
#2026 04 13 19:05:47.861#Z#DEBUG#be2d3d37-376b-11f1-938a-eeee0a8c9147.OPERATION#flowable-async-job-executor-thread-20306#
[CheckServiceBindingOperationStep] Getting application guid "BTP_CI_CD_Deployment_CAPM-approuter"...#
#2026 04 13 19:05:47.914#Z#DEBUG#be2d3d37-376b-11f1-938a-eeee0a8c9147.OPERATION#flowable-async-job-executor-thread-20306#
[CheckServiceBindingOperationStep] Getting GUID of required service instance "BTP_CI_CD_Deployment_CAPM-auth"...#
#2026 04 13 19:05:47.953#Z#DEBUG#be2d3d37-376b-11f1-938a-eeee0a8c9147.OPERATION#flowable-async-job-executor-thread-20306#
[CheckServiceBindingOperationStep] Getting binding of service instance "e03b5a80-5618-40dc-836a-2f0b8f1e7601" with application "56922c12-bbe9-4d92-96fb-99e2e7d3caea"...#
#2026 04 13 19:05:47.987#Z#DEBUG#be2d3d37-376b-11f1-938a-eeee0a8c9147.OPERATION#flowable-async-job-executor-thread-20306#
[CheckServiceBindingOperationStep] Service binding operation "386e25d5-ac38-418d-abab-d1bfcbbb745e" with type "create" is in state "succeeded"#
#2026 04 13 19:05:47.987#Z#DEBUG#be2d3d37-376b-11f1-938a-eeee0a8c9147.OPERATION#flowable-async-job-executor-thread-20306#
Step "Check For Service Binding Operation In Progress" finished#
#2026 04 13 19:05:48.015#Z#DEBUG#be2d3d37-376b-11f1-938a-eeee0a8c9147.OPERATION#flowable-async-job-executor-thread-20306#
[DetermineApplicationServiceBindingActionsStep] Executing task "determineApplicationServiceBindingActionsTask" of process "c7cb3e0e-376b-11f1-9e6c-eeee0a8074b5"...#
#2026 04 13 19:05:48.016#Z#DEBUG#be2d3d37-376b-11f1-938a-eeee0a8c9147.OPERATION#flowable-async-job-executor-thread-20306#
[DetermineApplicationServiceBindingActionsStep] Determine bind/unbind operations of application "BTP_CI_CD_Deployment_CAPM-approuter" to service instance "BTP_CI_CD_Deployment_CAPM-auth"#
#2026 04 13 19:05:48.016#Z#DEBUG#be2d3d37-376b-11f1-938a-eeee0a8c9147.OPERATION#flowable-async-job-executor-thread-20306#
[DetermineApplicationServiceBindingActionsStep] Getting application "BTP_CI_CD_Deployment_CAPM-approuter"...#
#2026 04 13 19:05:48.065#Z#DEBUG#be2d3d37-376b-11f1-938a-eeee0a8c9147.OPERATION#flowable-async-job-executor-thread-20306#
[DetermineApplicationServiceBindingActionsStep] Binding parameters for application "BTP_CI_CD_Deployment_CAPM-approuter": { }#
#2026 04 13 19:05:48.100#Z#DEBUG#be2d3d37-376b-11f1-938a-eeee0a8c9147.OPERATION#flowable-async-job-executor-thread-20306#
[DetermineApplicationServiceBindingActionsStep] Check should rebind application "BTP_CI_CD_Deployment_CAPM-approuter" and service instance "BTP_CI_CD_Deployment_CAPM-auth"#
#2026 04 13 19:05:48.100#Z#DEBUG#be2d3d37-376b-11f1-938a-eeee0a8c9147.OPERATION#flowable-async-job-executor-thread-20306#
[DetermineApplicationServiceBindingActionsStep] Getting GUID of required service instance "BTP_CI_CD_Deployment_CAPM-auth"...#
#2026 04 13 19:05:48.138#Z#DEBUG#be2d3d37-376b-11f1-938a-eeee0a8c9147.OPERATION#flowable-async-job-executor-thread-20306#
[DetermineApplicationServiceBindingActionsStep] Getting binding of service instance "e03b5a80-5618-40dc-836a-2f0b8f1e7601" with application "56922c12-bbe9-4d92-96fb-99e2e7d3caea"...#
#2026 04 13 19:05:48.177#Z#DEBUG#be2d3d37-376b-11f1-938a-eeee0a8c9147.OPERATION#flowable-async-job-executor-thread-20306#
[DetermineApplicationServiceBindingActionsStep] Getting parameters of service binding "386e25d5-ac38-418d-abab-d1bfcbbb745e"...#
#2026 04 13 19:05:48.214#Z#WARN#be2d3d37-376b-11f1-938a-eeee0a8c9147.OPERATION#flowable-async-job-executor-thread-20306#
[DetermineApplicationServiceBindingActionsStep] Cannot retrieve parameters of binding between application "BTP_CI_CD_Deployment_CAPM-approuter" and service instance "BTP_CI_CD_Deployment_CAPM-auth"#
#2026 04 13 19:05:48.215#Z#DEBUG#be2d3d37-376b-11f1-938a-eeee0a8c9147.OPERATION#flowable-async-job-executor-thread-20306#
[DetermineApplicationServiceBindingActionsStep] Calculated binding operations between application "BTP_CI_CD_Deployment_CAPM-approuter" and service instance "BTP_CI_CD_Deployment_CAPM-auth": unbind - true bind - true#
#2026 04 13 19:05:48.215#Z#DEBUG#be2d3d37-376b-11f1-938a-eeee0a8c9147.OPERATION#flowable-async-job-executor-thread-20306#
Step "Determine Application Service Binding Actions" finished#
#2026 04 13 19:05:48.248#Z#DEBUG#be2d3d37-376b-11f1-938a-eeee0a8c9147.OPERATION#flowable-async-job-executor-thread-20306#
[UnbindServiceFromApplicationStep] Executing task "unbindServiceFromApplicationTask" of process "c7cb3e0e-376b-11f1-9e6c-eeee0a8074b5"...#
#2026 04 13 19:05:48.250#Z#INFO#be2d3d37-376b-11f1-938a-eeee0a8c9147.OPERATION#flowable-async-job-executor-thread-20306#
[UnbindServiceFromApplicationStep] Unbinding service instance "BTP_CI_CD_Deployment_CAPM-auth" from application "BTP_CI_CD_Deployment_CAPM-approuter"...#
#2026 04 13 19:05:48.254#Z#DEBUG#be2d3d37-376b-11f1-938a-eeee0a8c9147.OPERATION#flowable-async-job-executor-thread-20306#
[UnbindServiceFromApplicationStep] Unbinding application "BTP_CI_CD_Deployment_CAPM-approuter" from service instance "BTP_CI_CD_Deployment_CAPM-auth"...#
#2026 04 13 19:05:48.428#Z#DEBUG#be2d3d37-376b-11f1-938a-eeee0a8c9147.OPERATION#flowable-async-job-executor-thread-20306#
Step "Unbind Service from Application" finished#
#2026 04 13 19:05:50.244#Z#DEBUG#be2d3d37-376b-11f1-938a-eeee0a8c9147.OPERATION#flowable-async-job-executor-thread-16163#
[CheckServiceBindingOperationStep] Executing task "checkForServiceBindingOperationInProgress" of process "c93332f0-376b-11f1-93f7-eeee0a99d52c"...#
#2026 04 13 19:05:50.244#Z#DEBUG#be2d3d37-376b-11f1-938a-eeee0a8c9147.OPERATION#flowable-async-job-executor-thread-16163#
[CheckServiceBindingOperationStep] Checking for service binding operation in progress between app "BTP_CI_CD_Deployment_CAPM-srv" and service instance "BTP_CI_CD_Deployment_CAPM-connectivity"#
#2026 04 13 19:05:50.317#Z#DEBUG#be2d3d37-376b-11f1-938a-eeee0a8c9147.OPERATION#flowable-async-job-executor-thread-16163#
[CheckServiceBindingOperationStep] Getting application guid "BTP_CI_CD_Deployment_CAPM-srv"...#
#2026 04 13 19:05:50.385#Z#DEBUG#be2d3d37-376b-11f1-938a-eeee0a8c9147.OPERATION#flowable-async-job-executor-thread-16163#
[CheckServiceBindingOperationStep] Getting GUID of required service instance "BTP_CI_CD_Deployment_CAPM-connectivity"...#
#2026 04 13 19:05:50.420#Z#DEBUG#be2d3d37-376b-11f1-938a-eeee0a8c9147.OPERATION#flowable-async-job-executor-thread-16163#
[CheckServiceBindingOperationStep] Getting binding of service instance "14b0d68c-964e-4d57-849f-01598b4aaacb" with application "7698ddb5-9928-4464-8f91-f365800fe760"...#
#2026 04 13 19:05:50.452#Z#DEBUG#be2d3d37-376b-11f1-938a-eeee0a8c9147.OPERATION#flowable-async-job-executor-thread-16163#
[CheckServiceBindingOperationStep] Service binding operation "ae17abf1-8fdf-441a-9de4-120007584f49" with type "create" is in state "succeeded"#
#2026 04 13 19:05:50.452#Z#DEBUG#be2d3d37-376b-11f1-938a-eeee0a8c9147.OPERATION#flowable-async-job-executor-thread-16163#
Step "Check For Service Binding Operation In Progress" finished#
#2026 04 13 19:05:50.507#Z#DEBUG#be2d3d37-376b-11f1-938a-eeee0a8c9147.OPERATION#flowable-async-job-executor-thread-16164#
[DetermineApplicationServiceBindingActionsStep] Executing task "determineApplicationServiceBindingActionsTask" of process "c93332f0-376b-11f1-93f7-eeee0a99d52c"...#
#2026 04 13 19:05:50.512#Z#DEBUG#be2d3d37-376b-11f1-938a-eeee0a8c9147.OPERATION#flowable-async-job-executor-thread-16164#
[DetermineApplicationServiceBindingActionsStep] Determine bind/unbind operations of application "BTP_CI_CD_Deployment_CAPM-srv" to service instance "BTP_CI_CD_Deployment_CAPM-connectivity"#
#2026 04 13 19:05:50.512#Z#DEBUG#be2d3d37-376b-11f1-938a-eeee0a8c9147.OPERATION#flowable-async-job-executor-thread-16164#
[DetermineApplicationServiceBindingActionsStep] Getting application "BTP_CI_CD_Deployment_CAPM-srv"...#
#2026 04 13 19:05:50.559#Z#DEBUG#be2d3d37-376b-11f1-938a-eeee0a8c9147.OPERATION#flowable-async-job-executor-thread-16164#
[DetermineApplicationServiceBindingActionsStep] Binding parameters for application "BTP_CI_CD_Deployment_CAPM-srv": { }#
#2026 04 13 19:05:50.594#Z#DEBUG#be2d3d37-376b-11f1-938a-eeee0a8c9147.OPERATION#flowable-async-job-executor-thread-16164#
[DetermineApplicationServiceBindingActionsStep] Check should rebind application "BTP_CI_CD_Deployment_CAPM-srv" and service instance "BTP_CI_CD_Deployment_CAPM-connectivity"#
#2026 04 13 19:05:50.594#Z#DEBUG#be2d3d37-376b-11f1-938a-eeee0a8c9147.OPERATION#flowable-async-job-executor-thread-16164#
[DetermineApplicationServiceBindingActionsStep] Getting GUID of required service instance "BTP_CI_CD_Deployment_CAPM-connectivity"...#
#2026 04 13 19:05:50.626#Z#DEBUG#be2d3d37-376b-11f1-938a-eeee0a8c9147.OPERATION#flowable-async-job-executor-thread-16164#
[DetermineApplicationServiceBindingActionsStep] Getting binding of service instance "14b0d68c-964e-4d57-849f-01598b4aaacb" with application "7698ddb5-9928-4464-8f91-f365800fe760"...#
#2026 04 13 19:05:50.661#Z#DEBUG#be2d3d37-376b-11f1-938a-eeee0a8c9147.OPERATION#flowable-async-job-executor-thread-16164#
[DetermineApplicationServiceBindingActionsStep] Getting parameters of service binding "ae17abf1-8fdf-441a-9de4-120007584f49"...#
#2026 04 13 19:05:50.697#Z#WARN#be2d3d37-376b-11f1-938a-eeee0a8c9147.OPERATION#flowable-async-job-executor-thread-16164#
[DetermineApplicationServiceBindingActionsStep] Cannot retrieve parameters of binding between application "BTP_CI_CD_Deployment_CAPM-srv" and service instance "BTP_CI_CD_Deployment_CAPM-connectivity"#
#2026 04 13 19:05:50.698#Z#DEBUG#be2d3d37-376b-11f1-938a-eeee0a8c9147.OPERATION#flowable-async-job-executor-thread-16164#
[DetermineApplicationServiceBindingActionsStep] Calculated binding operations between application "BTP_CI_CD_Deployment_CAPM-srv" and service instance "BTP_CI_CD_Deployment_CAPM-connectivity": unbind - true bind - true#
#2026 04 13 19:05:50.698#Z#DEBUG#be2d3d37-376b-11f1-938a-eeee0a8c9147.OPERATION#flowable-async-job-executor-thread-16164#
Step "Determine Application Service Binding Actions" finished#
#2026 04 13 19:05:50.778#Z#DEBUG#be2d3d37-376b-11f1-938a-eeee0a8c9147.OPERATION#flowable-async-job-executor-thread-16159#
[UnbindServiceFromApplicationStep] Executing task "unbindServiceFromApplicationTask" of process "c93332f0-376b-11f1-93f7-eeee0a99d52c"...#
#2026 04 13 19:05:50.781#Z#INFO#be2d3d37-376b-11f1-938a-eeee0a8c9147.OPERATION#flowable-async-job-executor-thread-16159#
[UnbindServiceFromApplicationStep] Unbinding service instance "BTP_CI_CD_Deployment_CAPM-connectivity" from application "BTP_CI_CD_Deployment_CAPM-srv"...#
#2026 04 13 19:05:50.787#Z#DEBUG#be2d3d37-376b-11f1-938a-eeee0a8c9147.OPERATION#flowable-async-job-executor-thread-16159#
[UnbindServiceFromApplicationStep] Unbinding application "BTP_CI_CD_Deployment_CAPM-srv" from service instance "BTP_CI_CD_Deployment_CAPM-connectivity"...#
#2026 04 13 19:05:50.960#Z#DEBUG#be2d3d37-376b-11f1-938a-eeee0a8c9147.OPERATION#flowable-async-job-executor-thread-16159#
Step "Unbind Service from Application" finished#
#2026 04 13 19:05:53.630#Z#DEBUG#be2d3d37-376b-11f1-938a-eeee0a8c9147.OPERATION#flowable-async-job-executor-thread-20309#
[UnbindServiceFromApplicationStep] Executing task "unbindServiceFromApplicationTask" of process "c60216f3-376b-11f1-9e6c-eeee0a8074b5"...#
#2026 04 13 19:05:53.638#Z#DEBUG#be2d3d37-376b-11f1-938a-eeee0a8c9147.OPERATION#flowable-async-job-executor-thread-20309#
[UnbindServiceFromApplicationStep] Getting async job "ee320722-5486-4544-a511-ae1588def81e"#
#2026 04 13 19:05:53.670#Z#DEBUG#be2d3d37-376b-11f1-938a-eeee0a8c9147.OPERATION#flowable-async-job-executor-thread-20309#
[UnbindServiceFromApplicationStep] Getting service instance "PostgreSQLInstance"...#
#2026 04 13 19:05:53.692#Z#DEBUG#be2d3d37-376b-11f1-938a-eeee0a8c9147.OPERATION#flowable-async-job-executor-thread-20310#
[UnbindServiceFromApplicationStep] Executing task "unbindServiceFromApplicationTask" of process "c767c16f-376b-11f1-9e6c-eeee0a8074b5"...#
#2026 04 13 19:05:53.694#Z#DEBUG#be2d3d37-376b-11f1-938a-eeee0a8c9147.OPERATION#flowable-async-job-executor-thread-20310#
[UnbindServiceFromApplicationStep] Getting async job "cb3a20d7-5df4-43b8-83c0-7589942750b6"#
#2026 04 13 19:05:53.728#Z#DEBUG#be2d3d37-376b-11f1-938a-eeee0a8c9147.OPERATION#flowable-async-job-executor-thread-20310#
[UnbindServiceFromApplicationStep] Getting service instance "BTP_CI_CD_Deployment_CAPM-auth"...#
#2026 04 13 19:05:53.814#Z#DEBUG#be2d3d37-376b-11f1-938a-eeee0a8c9147.OPERATION#flowable-async-job-executor-thread-20309#
[UnbindServiceFromApplicationStep] Async service binding operation with id "ee320722-5486-4544-a511-ae1588def81e" finished#
#2026 04 13 19:05:53.816#Z#DEBUG#be2d3d37-376b-11f1-938a-eeee0a8c9147.OPERATION#flowable-async-job-executor-thread-20309#
Step "Unbind Service from Application" finished#
#2026 04 13 19:05:53.681#Z#DEBUG#be2d3d37-376b-11f1-938a-eeee0a8c9147.OPERATION#flowable-async-job-executor-thread-16161#
[UnbindServiceFromApplicationStep] Executing task "unbindServiceFromApplicationTask" of process "c6148df0-376b-11f1-938a-eeee0a8c9147"...#
#2026 04 13 19:05:53.686#Z#DEBUG#be2d3d37-376b-11f1-938a-eeee0a8c9147.OPERATION#flowable-async-job-executor-thread-16161#
[UnbindServiceFromApplicationStep] Getting async job "915988fa-9696-431d-bbe0-b73794414e87"#
#2026 04 13 19:05:53.712#Z#DEBUG#be2d3d37-376b-11f1-938a-eeee0a8c9147.OPERATION#flowable-async-job-executor-thread-16161#
[UnbindServiceFromApplicationStep] Getting service instance "BTP_CI_CD_Deployment_CAPM-destination"...#
#2026 04 13 19:05:53.719#Z#DEBUG#be2d3d37-376b-11f1-938a-eeee0a8c9147.OPERATION#flowable-async-job-executor-thread-16165#
[UnbindServiceFromApplicationStep] Executing task "unbindServiceFromApplicationTask" of process "c7cb3e0e-376b-11f1-9e6c-eeee0a8074b5"...#
#2026 04 13 19:05:53.721#Z#DEBUG#be2d3d37-376b-11f1-938a-eeee0a8c9147.OPERATION#flowable-async-job-executor-thread-16165#
[UnbindServiceFromApplicationStep] Getting async job "0a57a673-287d-4c31-9b68-df8e56ef4fc3"#
#2026 04 13 19:05:53.754#Z#DEBUG#be2d3d37-376b-11f1-938a-eeee0a8c9147.OPERATION#flowable-async-job-executor-thread-16165#
[UnbindServiceFromApplicationStep] Getting service instance "BTP_CI_CD_Deployment_CAPM-auth"...#
#2026 04 13 19:05:53.827#Z#DEBUG#be2d3d37-376b-11f1-938a-eeee0a8c9147.OPERATION#flowable-async-job-executor-thread-16161#
[UnbindServiceFromApplicationStep] Async service binding operation with id "915988fa-9696-431d-bbe0-b73794414e87" finished#
#2026 04 13 19:05:53.829#Z#DEBUG#be2d3d37-376b-11f1-938a-eeee0a8c9147.OPERATION#flowable-async-job-executor-thread-16161#
Step "Unbind Service from Application" finished#
#2026 04 13 19:05:53.844#Z#DEBUG#be2d3d37-376b-11f1-938a-eeee0a8c9147.OPERATION#flowable-async-job-executor-thread-20310#
[UnbindServiceFromApplicationStep] Async service binding operation with id "cb3a20d7-5df4-43b8-83c0-7589942750b6" finished#
#2026 04 13 19:05:53.846#Z#DEBUG#be2d3d37-376b-11f1-938a-eeee0a8c9147.OPERATION#flowable-async-job-executor-thread-20310#
Step "Unbind Service from Application" finished#
#2026 04 13 19:05:53.868#Z#DEBUG#be2d3d37-376b-11f1-938a-eeee0a8c9147.OPERATION#flowable-async-job-executor-thread-16165#
[UnbindServiceFromApplicationStep] Async service binding operation with id "0a57a673-287d-4c31-9b68-df8e56ef4fc3" finished#
#2026 04 13 19:05:53.870#Z#DEBUG#be2d3d37-376b-11f1-938a-eeee0a8c9147.OPERATION#flowable-async-job-executor-thread-16165#
Step "Unbind Service from Application" finished#
#2026 04 13 19:05:53.874#Z#DEBUG#be2d3d37-376b-11f1-938a-eeee0a8c9147.OPERATION#flowable-async-job-executor-thread-20306#
[UnbindServiceFromApplicationStep] Executing task "unbindServiceFromApplicationTask" of process "c7741d7c-376b-11f1-9e6c-eeee0a8074b5"...#
#2026 04 13 19:05:53.876#Z#DEBUG#be2d3d37-376b-11f1-938a-eeee0a8c9147.OPERATION#flowable-async-job-executor-thread-20306#
[UnbindServiceFromApplicationStep] Getting async job "164e8a17-0853-41de-bd6a-a0d779bff327"#
#2026 04 13 19:05:53.906#Z#DEBUG#be2d3d37-376b-11f1-938a-eeee0a8c9147.OPERATION#flowable-async-job-executor-thread-20306#
[UnbindServiceFromApplicationStep] Getting service instance "PostgreSQLInstance"...#
#2026 04 13 19:05:54.038#Z#DEBUG#be2d3d37-376b-11f1-938a-eeee0a8c9147.OPERATION#flowable-async-job-executor-thread-20306#
[UnbindServiceFromApplicationStep] Async service binding operation with id "164e8a17-0853-41de-bd6a-a0d779bff327" finished#
#2026 04 13 19:05:54.039#Z#DEBUG#be2d3d37-376b-11f1-938a-eeee0a8c9147.OPERATION#flowable-async-job-executor-thread-20306#
Step "Unbind Service from Application" finished#
#2026 04 13 19:05:53.879#Z#DEBUG#be2d3d37-376b-11f1-938a-eeee0a8c9147.OPERATION#flowable-async-job-executor-thread-16161#
[BindServiceToApplicationStep] Executing task "bindServiceToApplicationTask" of process "c6148df0-376b-11f1-938a-eeee0a8c9147"...#
#2026 04 13 19:05:53.882#Z#INFO#be2d3d37-376b-11f1-938a-eeee0a8c9147.OPERATION#flowable-async-job-executor-thread-16161#
[BindServiceToApplicationStep] Binding service instance "BTP_CI_CD_Deployment_CAPM-destination" to application "BTP_CI_CD_Deployment_CAPM-srv"...#
#2026 04 13 19:05:53.892#Z#DEBUG#be2d3d37-376b-11f1-938a-eeee0a8c9147.OPERATION#flowable-async-job-executor-thread-16161#
[BindServiceToApplicationStep] Binding service instance "BTP_CI_CD_Deployment_CAPM-destination" to application "BTP_CI_CD_Deployment_CAPM-srv" with parameters: { }#
#2026 04 13 19:05:53.923#Z#DEBUG#be2d3d37-376b-11f1-938a-eeee0a8c9147.OPERATION#flowable-async-job-executor-thread-16165#
[BindServiceToApplicationStep] Executing task "bindServiceToApplicationTask" of process "c7cb3e0e-376b-11f1-9e6c-eeee0a8074b5"...#
#2026 04 13 19:05:53.925#Z#INFO#be2d3d37-376b-11f1-938a-eeee0a8c9147.OPERATION#flowable-async-job-executor-thread-16165#
[BindServiceToApplicationStep] Binding service instance "BTP_CI_CD_Deployment_CAPM-auth" to application "BTP_CI_CD_Deployment_CAPM-approuter"...#
#2026 04 13 19:05:53.933#Z#DEBUG#be2d3d37-376b-11f1-938a-eeee0a8c9147.OPERATION#flowable-async-job-executor-thread-16165#
[BindServiceToApplicationStep] Binding service instance "BTP_CI_CD_Deployment_CAPM-auth" to application "BTP_CI_CD_Deployment_CAPM-approuter" with parameters: { }#
#2026 04 13 19:05:54.055#Z#DEBUG#be2d3d37-376b-11f1-938a-eeee0a8c9147.OPERATION#flowable-async-job-executor-thread-16161#
Step "Bind Service to Application" finished#
#2026 04 13 19:05:54.081#Z#DEBUG#be2d3d37-376b-11f1-938a-eeee0a8c9147.OPERATION#flowable-async-job-executor-thread-16165#
Step "Bind Service to Application" finished#
#2026 04 13 19:05:53.948#Z#DEBUG#be2d3d37-376b-11f1-938a-eeee0a8c9147.OPERATION#flowable-async-job-executor-thread-20314#
[BindServiceToApplicationStep] Executing task "bindServiceToApplicationTask" of process "c60216f3-376b-11f1-9e6c-eeee0a8074b5"...#
#2026 04 13 19:05:53.950#Z#INFO#be2d3d37-376b-11f1-938a-eeee0a8c9147.OPERATION#flowable-async-job-executor-thread-20314#
[BindServiceToApplicationStep] Binding service instance "PostgreSQLInstance" to application "BTP_CI_CD_Deployment_CAPM-postgres-deployer"...#
#2026 04 13 19:05:53.957#Z#DEBUG#be2d3d37-376b-11f1-938a-eeee0a8c9147.OPERATION#flowable-async-job-executor-thread-20314#
[BindServiceToApplicationStep] Binding service instance "PostgreSQLInstance" to application "BTP_CI_CD_Deployment_CAPM-postgres-deployer" with parameters: { }#
#2026 04 13 19:05:54.081#Z#DEBUG#be2d3d37-376b-11f1-938a-eeee0a8c9147.OPERATION#flowable-async-job-executor-thread-20309#
[BindServiceToApplicationStep] Executing task "bindServiceToApplicationTask" of process "c767c16f-376b-11f1-9e6c-eeee0a8074b5"...#
#2026 04 13 19:05:54.084#Z#INFO#be2d3d37-376b-11f1-938a-eeee0a8c9147.OPERATION#flowable-async-job-executor-thread-20309#
[BindServiceToApplicationStep] Binding service instance "BTP_CI_CD_Deployment_CAPM-auth" to application "BTP_CI_CD_Deployment_CAPM-srv"...#
#2026 04 13 19:05:54.092#Z#DEBUG#be2d3d37-376b-11f1-938a-eeee0a8c9147.OPERATION#flowable-async-job-executor-thread-20309#
[BindServiceToApplicationStep] Binding service instance "BTP_CI_CD_Deployment_CAPM-auth" to application "BTP_CI_CD_Deployment_CAPM-srv" with parameters: { }#
#2026 04 13 19:05:54.115#Z#DEBUG#be2d3d37-376b-11f1-938a-eeee0a8c9147.OPERATION#flowable-async-job-executor-thread-20314#
Step "Bind Service to Application" finished#
#2026 04 13 19:05:54.236#Z#DEBUG#be2d3d37-376b-11f1-938a-eeee0a8c9147.OPERATION#flowable-async-job-executor-thread-20309#
Step "Bind Service to Application" finished#
#2026 04 13 19:05:54.267#Z#DEBUG#be2d3d37-376b-11f1-938a-eeee0a8c9147.OPERATION#flowable-async-job-executor-thread-20306#
[BindServiceToApplicationStep] Executing task "bindServiceToApplicationTask" of process "c7741d7c-376b-11f1-9e6c-eeee0a8074b5"...#
#2026 04 13 19:05:54.269#Z#INFO#be2d3d37-376b-11f1-938a-eeee0a8c9147.OPERATION#flowable-async-job-executor-thread-20306#
[BindServiceToApplicationStep] Binding service instance "PostgreSQLInstance" to application "BTP_CI_CD_Deployment_CAPM-srv"...#
#2026 04 13 19:05:54.276#Z#DEBUG#be2d3d37-376b-11f1-938a-eeee0a8c9147.OPERATION#flowable-async-job-executor-thread-20306#
[BindServiceToApplicationStep] Binding service instance "PostgreSQLInstance" to application "BTP_CI_CD_Deployment_CAPM-srv" with parameters: { }#
#2026 04 13 19:05:54.422#Z#DEBUG#be2d3d37-376b-11f1-938a-eeee0a8c9147.OPERATION#flowable-async-job-executor-thread-20306#
Step "Bind Service to Application" finished#
#2026 04 13 19:06:03.768#Z#DEBUG#be2d3d37-376b-11f1-938a-eeee0a8c9147.OPERATION#flowable-async-job-executor-thread-20321#
[BindServiceToApplicationStep] Executing task "bindServiceToApplicationTask" of process "c7cb3e0e-376b-11f1-9e6c-eeee0a8074b5"...#
#2026 04 13 19:06:03.770#Z#DEBUG#be2d3d37-376b-11f1-938a-eeee0a8c9147.OPERATION#flowable-async-job-executor-thread-20321#
[BindServiceToApplicationStep] Getting async job "fe20ae8d-99c4-4d27-9f16-88dd82b4f749"#
#2026 04 13 19:06:03.802#Z#DEBUG#be2d3d37-376b-11f1-938a-eeee0a8c9147.OPERATION#flowable-async-job-executor-thread-20321#
[BindServiceToApplicationStep] Getting service instance "BTP_CI_CD_Deployment_CAPM-auth"...#
#2026 04 13 19:06:03.917#Z#DEBUG#be2d3d37-376b-11f1-938a-eeee0a8c9147.OPERATION#flowable-async-job-executor-thread-20321#
[BindServiceToApplicationStep] Async service binding operation with id "fe20ae8d-99c4-4d27-9f16-88dd82b4f749" finished#
#2026 04 13 19:06:03.919#Z#DEBUG#be2d3d37-376b-11f1-938a-eeee0a8c9147.OPERATION#flowable-async-job-executor-thread-20321#
Step "Bind Service to Application" finished#
#2026 04 13 19:06:03.815#Z#DEBUG#be2d3d37-376b-11f1-938a-eeee0a8c9147.OPERATION#flowable-async-job-executor-thread-16171#
[UnbindServiceFromApplicationStep] Executing task "unbindServiceFromApplicationTask" of process "c93332f0-376b-11f1-93f7-eeee0a99d52c"...#
#2026 04 13 19:06:03.817#Z#DEBUG#be2d3d37-376b-11f1-938a-eeee0a8c9147.OPERATION#flowable-async-job-executor-thread-16171#
[UnbindServiceFromApplicationStep] Getting async job "e845334b-50de-4ca2-a5a6-ec810291964a"#
#2026 04 13 19:06:03.845#Z#DEBUG#be2d3d37-376b-11f1-938a-eeee0a8c9147.OPERATION#flowable-async-job-executor-thread-16171#
[UnbindServiceFromApplicationStep] Getting service instance "BTP_CI_CD_Deployment_CAPM-connectivity"...#
#2026 04 13 19:06:03.967#Z#DEBUG#be2d3d37-376b-11f1-938a-eeee0a8c9147.OPERATION#flowable-async-job-executor-thread-16171#
[UnbindServiceFromApplicationStep] Async service binding operation with id "e845334b-50de-4ca2-a5a6-ec810291964a" finished#
#2026 04 13 19:06:03.969#Z#DEBUG#be2d3d37-376b-11f1-938a-eeee0a8c9147.OPERATION#flowable-async-job-executor-thread-16171#
Step "Unbind Service from Application" finished#
#2026 04 13 19:06:04.024#Z#DEBUG#be2d3d37-376b-11f1-938a-eeee0a8c9147.OPERATION#flowable-async-job-executor-thread-16171#
[BindServiceToApplicationStep] Executing task "bindServiceToApplicationTask" of process "c93332f0-376b-11f1-93f7-eeee0a99d52c"...#
#2026 04 13 19:06:04.026#Z#INFO#be2d3d37-376b-11f1-938a-eeee0a8c9147.OPERATION#flowable-async-job-executor-thread-16171#
[BindServiceToApplicationStep] Binding service instance "BTP_CI_CD_Deployment_CAPM-connectivity" to application "BTP_CI_CD_Deployment_CAPM-srv"...#
#2026 04 13 19:06:04.035#Z#DEBUG#be2d3d37-376b-11f1-938a-eeee0a8c9147.OPERATION#flowable-async-job-executor-thread-16171#
[BindServiceToApplicationStep] Binding service instance "BTP_CI_CD_Deployment_CAPM-connectivity" to application "BTP_CI_CD_Deployment_CAPM-srv" with parameters: { }#
#2026 04 13 19:06:04.162#Z#DEBUG#be2d3d37-376b-11f1-938a-eeee0a8c9147.OPERATION#flowable-async-job-executor-thread-16171#
Step "Bind Service to Application" finished#
#2026 04 13 19:06:04.155#Z#DEBUG#be2d3d37-376b-11f1-938a-eeee0a8c9147.OPERATION#flowable-async-job-executor-thread-20322#
[BindServiceToApplicationStep] Executing task "bindServiceToApplicationTask" of process "c6148df0-376b-11f1-938a-eeee0a8c9147"...#
#2026 04 13 19:06:04.156#Z#DEBUG#be2d3d37-376b-11f1-938a-eeee0a8c9147.OPERATION#flowable-async-job-executor-thread-20322#
[BindServiceToApplicationStep] Getting async job "a688012e-d8db-4f82-a212-9c3a9672b21f"#
#2026 04 13 19:06:04.182#Z#DEBUG#be2d3d37-376b-11f1-938a-eeee0a8c9147.OPERATION#flowable-async-job-executor-thread-20322#
[BindServiceToApplicationStep] Getting service instance "BTP_CI_CD_Deployment_CAPM-destination"...#
#2026 04 13 19:06:04.257#Z#DEBUG#be2d3d37-376b-11f1-938a-eeee0a8c9147.OPERATION#flowable-async-job-executor-thread-20319#
[BindServiceToApplicationStep] Executing task "bindServiceToApplicationTask" of process "c60216f3-376b-11f1-9e6c-eeee0a8074b5"...#
#2026 04 13 19:06:04.259#Z#DEBUG#be2d3d37-376b-11f1-938a-eeee0a8c9147.OPERATION#flowable-async-job-executor-thread-20319#
[BindServiceToApplicationStep] Getting async job "05fe44a4-e324-4449-91c3-b19addac8a90"#
#2026 04 13 19:06:04.292#Z#DEBUG#be2d3d37-376b-11f1-938a-eeee0a8c9147.OPERATION#flowable-async-job-executor-thread-20319#
[BindServiceToApplicationStep] Getting service instance "PostgreSQLInstance"...#
#2026 04 13 19:06:04.301#Z#DEBUG#be2d3d37-376b-11f1-938a-eeee0a8c9147.OPERATION#flowable-async-job-executor-thread-20322#
[BindServiceToApplicationStep] Async service binding operation with id "a688012e-d8db-4f82-a212-9c3a9672b21f" finished#
#2026 04 13 19:06:04.304#Z#DEBUG#be2d3d37-376b-11f1-938a-eeee0a8c9147.OPERATION#flowable-async-job-executor-thread-20322#
Step "Bind Service to Application" finished#
#2026 04 13 19:06:04.402#Z#DEBUG#be2d3d37-376b-11f1-938a-eeee0a8c9147.OPERATION#flowable-async-job-executor-thread-20325#
[BindServiceToApplicationStep] Executing task "bindServiceToApplicationTask" of process "c7741d7c-376b-11f1-9e6c-eeee0a8074b5"...#
#2026 04 13 19:06:04.406#Z#DEBUG#be2d3d37-376b-11f1-938a-eeee0a8c9147.OPERATION#flowable-async-job-executor-thread-20325#
[BindServiceToApplicationStep] Getting async job "45f8c8ec-6aa3-4e52-89fe-0980b275bcca"#
#2026 04 13 19:06:04.418#Z#DEBUG#be2d3d37-376b-11f1-938a-eeee0a8c9147.OPERATION#flowable-async-job-executor-thread-20319#
[BindServiceToApplicationStep] Async service binding operation with id "05fe44a4-e324-4449-91c3-b19addac8a90" finished#
#2026 04 13 19:06:04.422#Z#DEBUG#be2d3d37-376b-11f1-938a-eeee0a8c9147.OPERATION#flowable-async-job-executor-thread-20319#
Step "Bind Service to Application" finished#
#2026 04 13 19:06:04.436#Z#DEBUG#be2d3d37-376b-11f1-938a-eeee0a8c9147.OPERATION#flowable-async-job-executor-thread-20326#
[BindServiceToApplicationStep] Executing task "bindServiceToApplicationTask" of process "c767c16f-376b-11f1-9e6c-eeee0a8074b5"...#
#2026 04 13 19:06:04.439#Z#DEBUG#be2d3d37-376b-11f1-938a-eeee0a8c9147.OPERATION#flowable-async-job-executor-thread-20326#
[BindServiceToApplicationStep] Getting async job "c3cce62d-390a-4187-845e-73090f0803c1"#
#2026 04 13 19:06:04.541#Z#DEBUG#be2d3d37-376b-11f1-938a-eeee0a8c9147.OPERATION#flowable-async-job-executor-thread-20319#
[DetermineVcapServicesPropertiesChangedStep] Executing task "determineVcapServicesPropertiesChangedTask" of process "d17ca119-376b-11f1-9e6c-eeee0a8074b5"...#
#2026 04 13 19:06:04.544#Z#DEBUG#be2d3d37-376b-11f1-938a-eeee0a8c9147.OPERATION#flowable-async-job-executor-thread-20319#
[DetermineVcapServicesPropertiesChangedStep] VCAP_SERVICES properties for application "BTP_CI_CD_Deployment_CAPM-approuter" changed: true#
#2026 04 13 19:06:04.544#Z#DEBUG#be2d3d37-376b-11f1-938a-eeee0a8c9147.OPERATION#flowable-async-job-executor-thread-20319#
Step "Determine vcap services properties changed" finished#
#2026 04 13 19:06:04.452#Z#DEBUG#be2d3d37-376b-11f1-938a-eeee0a8c9147.OPERATION#flowable-async-job-executor-thread-20325#
[BindServiceToApplicationStep] Getting service instance "PostgreSQLInstance"...#
#2026 04 13 19:06:04.476#Z#DEBUG#be2d3d37-376b-11f1-938a-eeee0a8c9147.OPERATION#flowable-async-job-executor-thread-20326#
[BindServiceToApplicationStep] Getting service instance "BTP_CI_CD_Deployment_CAPM-auth"...#
#2026 04 13 19:06:04.583#Z#DEBUG#be2d3d37-376b-11f1-938a-eeee0a8c9147.OPERATION#flowable-async-job-executor-thread-20325#
[BindServiceToApplicationStep] Async service binding operation with id "45f8c8ec-6aa3-4e52-89fe-0980b275bcca" finished#
#2026 04 13 19:06:04.585#Z#DEBUG#be2d3d37-376b-11f1-938a-eeee0a8c9147.OPERATION#flowable-async-job-executor-thread-20325#
Step "Bind Service to Application" finished#
#2026 04 13 19:06:04.612#Z#DEBUG#be2d3d37-376b-11f1-938a-eeee0a8c9147.OPERATION#flowable-async-job-executor-thread-20326#
[BindServiceToApplicationStep] Async service binding operation with id "c3cce62d-390a-4187-845e-73090f0803c1" finished#
#2026 04 13 19:06:04.612#Z#DEBUG#be2d3d37-376b-11f1-938a-eeee0a8c9147.OPERATION#flowable-async-job-executor-thread-20326#
Step "Bind Service to Application" finished#
#2026 04 13 19:06:05.204#Z#DEBUG#be2d3d37-376b-11f1-938a-eeee0a8c9147.OPERATION#flowable-async-job-executor-thread-20317#
[DetermineVcapServicesPropertiesChangedStep] Executing task "determineVcapServicesPropertiesChangedTask" of process "d20cfa23-376b-11f1-9e6c-eeee0a8074b5"...#
#2026 04 13 19:06:05.211#Z#DEBUG#be2d3d37-376b-11f1-938a-eeee0a8c9147.OPERATION#flowable-async-job-executor-thread-20317#
[DetermineVcapServicesPropertiesChangedStep] VCAP_SERVICES properties for application "BTP_CI_CD_Deployment_CAPM-postgres-deployer" changed: true#
#2026 04 13 19:06:05.211#Z#DEBUG#be2d3d37-376b-11f1-938a-eeee0a8c9147.OPERATION#flowable-async-job-executor-thread-20317#
Step "Determine vcap services properties changed" finished#
#2026 04 13 19:06:04.908#Z#DEBUG#be2d3d37-376b-11f1-938a-eeee0a8c9147.OPERATION#flowable-async-job-executor-thread-20323#
[UploadAppStep] Executing task "uploadAppTask" of process "d17ca119-376b-11f1-9e6c-eeee0a8074b5"...#
#2026 04 13 19:06:04.924#Z#DEBUG#be2d3d37-376b-11f1-938a-eeee0a8c9147.OPERATION#flowable-async-job-executor-thread-20323#
[UploadAppStep] Application upload timeout is default one: 3,600 seconds#
#2026 04 13 19:06:04.924#Z#INFO#be2d3d37-376b-11f1-938a-eeee0a8c9147.OPERATION#flowable-async-job-executor-thread-20323#
[UploadAppStep] Uploading application "BTP_CI_CD_Deployment_CAPM-approuter"...#
#2026 04 13 19:06:04.962#Z#DEBUG#be2d3d37-376b-11f1-938a-eeee0a8c9147.OPERATION#flowable-async-job-executor-thread-20323#
[UploadAppStep] Getting application "BTP_CI_CD_Deployment_CAPM-approuter"...#
#2026 04 13 19:06:05.020#Z#DEBUG#be2d3d37-376b-11f1-938a-eeee0a8c9147.OPERATION#flowable-async-job-executor-thread-20323#
[UploadAppStep] Getting environment of application "56922c12-bbe9-4d92-96fb-99e2e7d3caea"...#
#2026 04 13 19:06:05.072#Z#INFO#be2d3d37-376b-11f1-938a-eeee0a8c9147.OPERATION#flowable-async-job-executor-thread-20323#
[UploadAppStep] Calculating application digest: "BTP_CI_CD_Deployment_CAPM-approuter"#
#2026 04 13 19:06:05.292#Z#DEBUG#be2d3d37-376b-11f1-938a-eeee0a8c9147.OPERATION#flowable-async-job-executor-thread-20323#
Step "Upload App" finished#
#2026 04 13 19:06:05.331#Z#DEBUG#be2d3d37-376b-11f1-938a-eeee0a8c9147.OPERATION#flowable-async-job-executor-thread-20317#
[UploadAppStep] Executing task "uploadAppTask" of process "d20cfa23-376b-11f1-9e6c-eeee0a8074b5"...#
#2026 04 13 19:06:05.336#Z#DEBUG#be2d3d37-376b-11f1-938a-eeee0a8c9147.OPERATION#flowable-async-job-executor-thread-20317#
[UploadAppStep] Application upload timeout is default one: 3,600 seconds#
#2026 04 13 19:06:05.336#Z#INFO#be2d3d37-376b-11f1-938a-eeee0a8c9147.OPERATION#flowable-async-job-executor-thread-20317#
[UploadAppStep] Uploading application "BTP_CI_CD_Deployment_CAPM-postgres-deployer"...#
#2026 04 13 19:06:05.345#Z#DEBUG#be2d3d37-376b-11f1-938a-eeee0a8c9147.OPERATION#flowable-async-job-executor-thread-20317#
[UploadAppStep] Getting application "BTP_CI_CD_Deployment_CAPM-postgres-deployer"...#
#2026 04 13 19:06:05.392#Z#DEBUG#be2d3d37-376b-11f1-938a-eeee0a8c9147.OPERATION#flowable-async-job-executor-thread-20317#
[UploadAppStep] Getting environment of application "c49c6f4e-6a21-4cf0-9f92-c125a8dc9d83"...#
#2026 04 13 19:06:05.440#Z#INFO#be2d3d37-376b-11f1-938a-eeee0a8c9147.OPERATION#flowable-async-job-executor-thread-20317#
[UploadAppStep] Calculating application digest: "BTP_CI_CD_Deployment_CAPM-postgres-deployer"#
#2026 04 13 19:06:05.505#Z#DEBUG#be2d3d37-376b-11f1-938a-eeee0a8c9147.OPERATION#flowable-async-job-executor-thread-20317#
Step "Upload App" finished#
#2026 04 13 19:06:14.041#Z#DEBUG#be2d3d37-376b-11f1-938a-eeee0a8c9147.OPERATION#flowable-async-job-executor-thread-16177#
[BindServiceToApplicationStep] Executing task "bindServiceToApplicationTask" of process "c93332f0-376b-11f1-93f7-eeee0a99d52c"...#
#2026 04 13 19:06:14.043#Z#DEBUG#be2d3d37-376b-11f1-938a-eeee0a8c9147.OPERATION#flowable-async-job-executor-thread-16177#
[BindServiceToApplicationStep] Getting async job "73147d7b-3de3-403a-b9b6-deacc3a15692"#
#2026 04 13 19:06:14.073#Z#DEBUG#be2d3d37-376b-11f1-938a-eeee0a8c9147.OPERATION#flowable-async-job-executor-thread-16177#
[BindServiceToApplicationStep] Getting service instance "BTP_CI_CD_Deployment_CAPM-connectivity"...#
#2026 04 13 19:06:14.175#Z#DEBUG#be2d3d37-376b-11f1-938a-eeee0a8c9147.OPERATION#flowable-async-job-executor-thread-16177#
[BindServiceToApplicationStep] Async service binding operation with id "73147d7b-3de3-403a-b9b6-deacc3a15692" finished#
#2026 04 13 19:06:14.176#Z#DEBUG#be2d3d37-376b-11f1-938a-eeee0a8c9147.OPERATION#flowable-async-job-executor-thread-16177#
Step "Bind Service to Application" finished#
#2026 04 13 19:06:14.356#Z#DEBUG#be2d3d37-376b-11f1-938a-eeee0a8c9147.OPERATION#flowable-async-job-executor-thread-16177#
[DetermineVcapServicesPropertiesChangedStep] Executing task "determineVcapServicesPropertiesChangedTask" of process "d7901be1-376b-11f1-93f7-eeee0a99d52c"...#
#2026 04 13 19:06:14.358#Z#DEBUG#be2d3d37-376b-11f1-938a-eeee0a8c9147.OPERATION#flowable-async-job-executor-thread-16177#
[DetermineVcapServicesPropertiesChangedStep] VCAP_SERVICES properties for application "BTP_CI_CD_Deployment_CAPM-srv" changed: true#
#2026 04 13 19:06:14.358#Z#DEBUG#be2d3d37-376b-11f1-938a-eeee0a8c9147.OPERATION#flowable-async-job-executor-thread-16177#
Step "Determine vcap services properties changed" finished#
#2026 04 13 19:06:14.393#Z#DEBUG#be2d3d37-376b-11f1-938a-eeee0a8c9147.OPERATION#flowable-async-job-executor-thread-16177#
[UploadAppStep] Executing task "uploadAppTask" of process "d7901be1-376b-11f1-93f7-eeee0a99d52c"...#
#2026 04 13 19:06:14.395#Z#DEBUG#be2d3d37-376b-11f1-938a-eeee0a8c9147.OPERATION#flowable-async-job-executor-thread-16177#
[UploadAppStep] Application upload timeout is default one: 3,600 seconds#
#2026 04 13 19:06:14.395#Z#INFO#be2d3d37-376b-11f1-938a-eeee0a8c9147.OPERATION#flowable-async-job-executor-thread-16177#
[UploadAppStep] Uploading application "BTP_CI_CD_Deployment_CAPM-srv"...#
#2026 04 13 19:06:14.401#Z#DEBUG#be2d3d37-376b-11f1-938a-eeee0a8c9147.OPERATION#flowable-async-job-executor-thread-16177#
[UploadAppStep] Getting application "BTP_CI_CD_Deployment_CAPM-srv"...#
#2026 04 13 19:06:14.446#Z#DEBUG#be2d3d37-376b-11f1-938a-eeee0a8c9147.OPERATION#flowable-async-job-executor-thread-16177#
[UploadAppStep] Getting environment of application "7698ddb5-9928-4464-8f91-f365800fe760"...#
#2026 04 13 19:06:14.484#Z#INFO#be2d3d37-376b-11f1-938a-eeee0a8c9147.OPERATION#flowable-async-job-executor-thread-16177#
[UploadAppStep] Calculating application digest: "BTP_CI_CD_Deployment_CAPM-srv"#
#2026 04 13 19:06:14.696#Z#DEBUG#be2d3d37-376b-11f1-938a-eeee0a8c9147.OPERATION#flowable-async-job-executor-thread-16177#
Step "Upload App" finished#
#2026 04 13 19:06:13.986#Z#DEBUG#be2d3d37-376b-11f1-938a-eeee0a8c9147.OPERATION#flowable-async-job-executor-thread-20333#
[UploadAppStep] Executing task "uploadAppTask" of process "d17ca119-376b-11f1-9e6c-eeee0a8074b5"...#
#2026 04 13 19:06:13.989#Z#DEBUG#be2d3d37-376b-11f1-938a-eeee0a8c9147.OPERATION#flowable-async-job-executor-thread-20333#
[UploadAppStep] Application upload timeout is default one: 3,600 seconds#
#2026 04 13 19:06:13.992#Z#DEBUG#be2d3d37-376b-11f1-938a-eeee0a8c9147.OPERATION#pool-21-thread-6#
[UploadAppStep] Upload of application: BTP_CI_CD_Deployment_CAPM-approuter started on instance: 0#
#2026 04 13 19:06:13.992#Z#DEBUG#be2d3d37-376b-11f1-938a-eeee0a8c9147.OPERATION#pool-21-thread-6#
[UploadAppStep] Uploading file "BTP_CI_CD_Deployment_CAPM-approuter/data.zip" for application "BTP_CI_CD_Deployment_CAPM-approuter"#
#2026 04 13 19:06:14.249#Z#INFO#be2d3d37-376b-11f1-938a-eeee0a8c9147.OPERATION#pool-21-thread-6#
[UploadAppStep] Time elapsed for app binary download: 257 in millis#
#2026 04 13 19:06:14.249#Z#INFO#be2d3d37-376b-11f1-938a-eeee0a8c9147.OPERATION#pool-21-thread-6#
[UploadAppStep] Size of app BTP_CI_CD_Deployment_CAPM-approuter is 7,581,058 bytes#
#2026 04 13 19:06:14.249#Z#DEBUG#be2d3d37-376b-11f1-938a-eeee0a8c9147.OPERATION#pool-21-thread-6#
[UploadAppStep] Asynchronously uploading binaries for application "BTP_CI_CD_Deployment_CAPM-approuter"...#
#2026 04 13 19:06:14.330#Z#DEBUG#be2d3d37-376b-11f1-938a-eeee0a8c9147.OPERATION#flowable-async-job-executor-thread-20334#
[UploadAppStep] Executing task "uploadAppTask" of process "d20cfa23-376b-11f1-9e6c-eeee0a8074b5"...#
#2026 04 13 19:06:14.333#Z#DEBUG#be2d3d37-376b-11f1-938a-eeee0a8c9147.OPERATION#flowable-async-job-executor-thread-20334#
[UploadAppStep] Application upload timeout is default one: 3,600 seconds#
#2026 04 13 19:06:14.336#Z#DEBUG#be2d3d37-376b-11f1-938a-eeee0a8c9147.OPERATION#pool-21-thread-4#
[UploadAppStep] Upload of application: BTP_CI_CD_Deployment_CAPM-postgres-deployer started on instance: 0#
#2026 04 13 19:06:14.336#Z#DEBUG#be2d3d37-376b-11f1-938a-eeee0a8c9147.OPERATION#pool-21-thread-4#
[UploadAppStep] Uploading file "BTP_CI_CD_Deployment_CAPM-postgres-deployer/data.zip" for application "BTP_CI_CD_Deployment_CAPM-postgres-deployer"#
#2026 04 13 19:06:14.435#Z#INFO#be2d3d37-376b-11f1-938a-eeee0a8c9147.OPERATION#pool-21-thread-4#
[UploadAppStep] Time elapsed for app binary download: 99 in millis#
#2026 04 13 19:06:14.435#Z#INFO#be2d3d37-376b-11f1-938a-eeee0a8c9147.OPERATION#pool-21-thread-4#
[UploadAppStep] Size of app BTP_CI_CD_Deployment_CAPM-postgres-deployer is 3,107,389 bytes#
#2026 04 13 19:06:14.435#Z#DEBUG#be2d3d37-376b-11f1-938a-eeee0a8c9147.OPERATION#pool-21-thread-4#
[UploadAppStep] Asynchronously uploading binaries for application "BTP_CI_CD_Deployment_CAPM-postgres-deployer"...#
#2026 04 13 19:06:14.802#Z#INFO#be2d3d37-376b-11f1-938a-eeee0a8c9147.OPERATION#pool-21-thread-6#
[UploadAppStep] Started async upload of application "BTP_CI_CD_Deployment_CAPM-approuter"#
#2026 04 13 19:06:14.809#Z#INFO#be2d3d37-376b-11f1-938a-eeee0a8c9147.OPERATION#flowable-async-job-executor-thread-20333#
[UploadAppStep] Time elapsed for upload: 819 in millis#
#2026 04 13 19:06:14.809#Z#DEBUG#be2d3d37-376b-11f1-938a-eeee0a8c9147.OPERATION#flowable-async-job-executor-thread-20333#
[UploadAppStep] Getting application "BTP_CI_CD_Deployment_CAPM-approuter"...#
#2026 04 13 19:06:14.823#Z#INFO#be2d3d37-376b-11f1-938a-eeee0a8c9147.OPERATION#pool-21-thread-4#
[UploadAppStep] Started async upload of application "BTP_CI_CD_Deployment_CAPM-postgres-deployer"#
#2026 04 13 19:06:14.829#Z#INFO#be2d3d37-376b-11f1-938a-eeee0a8c9147.OPERATION#flowable-async-job-executor-thread-20334#
[UploadAppStep] Time elapsed for upload: 496 in millis#
#2026 04 13 19:06:14.829#Z#DEBUG#be2d3d37-376b-11f1-938a-eeee0a8c9147.OPERATION#flowable-async-job-executor-thread-20334#
[UploadAppStep] Getting application "BTP_CI_CD_Deployment_CAPM-postgres-deployer"...#
#2026 04 13 19:06:14.834#Z#DEBUG#be2d3d37-376b-11f1-938a-eeee0a8c9147.OPERATION#App upload monitor: 1c83f4ad-6e44-4e47-9c28-4b38a4d0613c#
[UploadAppStep] Upload status: PROCESSING_UPLOAD#
#2026 04 13 19:06:14.856#Z#DEBUG#be2d3d37-376b-11f1-938a-eeee0a8c9147.OPERATION#App upload monitor: a93f7772-c79d-4a26-83eb-fee02f5103bd#
[UploadAppStep] Upload status: PROCESSING_UPLOAD#
#2026 04 13 19:06:14.868#Z#DEBUG#be2d3d37-376b-11f1-938a-eeee0a8c9147.OPERATION#flowable-async-job-executor-thread-20333#
[UploadAppStep] Getting environment of application "56922c12-bbe9-4d92-96fb-99e2e7d3caea"...#
#2026 04 13 19:06:14.881#Z#DEBUG#be2d3d37-376b-11f1-938a-eeee0a8c9147.OPERATION#flowable-async-job-executor-thread-20334#
[UploadAppStep] Getting environment of application "c49c6f4e-6a21-4cf0-9f92-c125a8dc9d83"...#
#2026 04 13 19:06:14.905#Z#DEBUG#be2d3d37-376b-11f1-938a-eeee0a8c9147.OPERATION#flowable-async-job-executor-thread-20333#
[UploadAppStep] Updating environment of application "BTP_CI_CD_Deployment_CAPM-approuter"#
#2026 04 13 19:06:14.917#Z#DEBUG#be2d3d37-376b-11f1-938a-eeee0a8c9147.OPERATION#flowable-async-job-executor-thread-20334#
[UploadAppStep] Updating environment of application "BTP_CI_CD_Deployment_CAPM-postgres-deployer"#
#2026 04 13 19:06:15.004#Z#DEBUG#be2d3d37-376b-11f1-938a-eeee0a8c9147.OPERATION#flowable-async-job-executor-thread-20333#
Step "Upload App" finished#
#2026 04 13 19:06:15.034#Z#DEBUG#be2d3d37-376b-11f1-938a-eeee0a8c9147.OPERATION#flowable-async-job-executor-thread-20334#
Step "Upload App" finished#
#2026 04 13 19:06:19.866#Z#DEBUG#be2d3d37-376b-11f1-938a-eeee0a8c9147.OPERATION#App upload monitor: 1c83f4ad-6e44-4e47-9c28-4b38a4d0613c#
[UploadAppStep] Upload status: READY#
#2026 04 13 19:06:19.882#Z#DEBUG#be2d3d37-376b-11f1-938a-eeee0a8c9147.OPERATION#App upload monitor: a93f7772-c79d-4a26-83eb-fee02f5103bd#
[UploadAppStep] Upload status: READY#
#2026 04 13 19:06:24.190#Z#DEBUG#be2d3d37-376b-11f1-938a-eeee0a8c9147.OPERATION#flowable-async-job-executor-thread-16185#
[UploadAppStep] Executing task "uploadAppTask" of process "d20cfa23-376b-11f1-9e6c-eeee0a8074b5"...#
#2026 04 13 19:06:24.192#Z#DEBUG#be2d3d37-376b-11f1-938a-eeee0a8c9147.OPERATION#flowable-async-job-executor-thread-16185#
[UploadAppStep] Application upload timeout is default one: 3,600 seconds#
#2026 04 13 19:06:24.192#Z#DEBUG#be2d3d37-376b-11f1-938a-eeee0a8c9147.OPERATION#flowable-async-job-executor-thread-16185#
[UploadAppStep] Checking upload status of application "BTP_CI_CD_Deployment_CAPM-postgres-deployer"...#
#2026 04 13 19:06:24.194#Z#DEBUG#be2d3d37-376b-11f1-938a-eeee0a8c9147.OPERATION#flowable-async-job-executor-thread-16185#
[UploadAppStep] Getting package "a93f7772-c79d-4a26-83eb-fee02f5103bd"...#
#2026 04 13 19:06:24.221#Z#DEBUG#be2d3d37-376b-11f1-938a-eeee0a8c9147.OPERATION#flowable-async-job-executor-thread-16185#
[UploadAppStep] Application "BTP_CI_CD_Deployment_CAPM-postgres-deployer" uploaded#
#2026 04 13 19:06:24.222#Z#DEBUG#be2d3d37-376b-11f1-938a-eeee0a8c9147.OPERATION#flowable-async-job-executor-thread-16185#
Step "Upload App" finished#
#2026 04 13 19:06:24.208#Z#DEBUG#be2d3d37-376b-11f1-938a-eeee0a8c9147.OPERATION#flowable-async-job-executor-thread-20341#
[UploadAppStep] Executing task "uploadAppTask" of process "d17ca119-376b-11f1-9e6c-eeee0a8074b5"...#
#2026 04 13 19:06:24.211#Z#DEBUG#be2d3d37-376b-11f1-938a-eeee0a8c9147.OPERATION#flowable-async-job-executor-thread-20341#
[UploadAppStep] Application upload timeout is default one: 3,600 seconds#
#2026 04 13 19:06:24.211#Z#DEBUG#be2d3d37-376b-11f1-938a-eeee0a8c9147.OPERATION#flowable-async-job-executor-thread-20341#
[UploadAppStep] Checking upload status of application "BTP_CI_CD_Deployment_CAPM-approuter"...#
#2026 04 13 19:06:24.212#Z#DEBUG#be2d3d37-376b-11f1-938a-eeee0a8c9147.OPERATION#flowable-async-job-executor-thread-20341#
[UploadAppStep] Getting package "1c83f4ad-6e44-4e47-9c28-4b38a4d0613c"...#
#2026 04 13 19:06:24.244#Z#DEBUG#be2d3d37-376b-11f1-938a-eeee0a8c9147.OPERATION#flowable-async-job-executor-thread-20341#
[UploadAppStep] Application "BTP_CI_CD_Deployment_CAPM-approuter" uploaded#
#2026 04 13 19:06:24.245#Z#DEBUG#be2d3d37-376b-11f1-938a-eeee0a8c9147.OPERATION#flowable-async-job-executor-thread-20341#
Step "Upload App" finished#
#2026 04 13 19:06:24.261#Z#DEBUG#be2d3d37-376b-11f1-938a-eeee0a8c9147.OPERATION#flowable-async-job-executor-thread-16185#
[ScaleAppStep] Executing task "scaleAppTask" of process "d20cfa23-376b-11f1-9e6c-eeee0a8074b5"...#
#2026 04 13 19:06:24.264#Z#DEBUG#be2d3d37-376b-11f1-938a-eeee0a8c9147.OPERATION#flowable-async-job-executor-thread-16185#
[ScaleAppStep] Scaling application "BTP_CI_CD_Deployment_CAPM-postgres-deployer"...#
#2026 04 13 19:06:24.264#Z#DEBUG#be2d3d37-376b-11f1-938a-eeee0a8c9147.OPERATION#flowable-async-job-executor-thread-16185#
[ScaleAppStep] Getting application guid "BTP_CI_CD_Deployment_CAPM-postgres-deployer"...#
#2026 04 13 19:06:24.307#Z#DEBUG#be2d3d37-376b-11f1-938a-eeee0a8c9147.OPERATION#flowable-async-job-executor-thread-16185#
[ScaleAppStep] Getting process for application "c49c6f4e-6a21-4cf0-9f92-c125a8dc9d83"...#
#2026 04 13 19:06:24.342#Z#DEBUG#be2d3d37-376b-11f1-938a-eeee0a8c9147.OPERATION#flowable-async-job-executor-thread-16185#
[ScaleAppStep] Application "BTP_CI_CD_Deployment_CAPM-postgres-deployer" scaled#
#2026 04 13 19:06:24.342#Z#DEBUG#be2d3d37-376b-11f1-938a-eeee0a8c9147.OPERATION#flowable-async-job-executor-thread-16185#
Step "Scale App" finished#
#2026 04 13 19:06:24.280#Z#DEBUG#be2d3d37-376b-11f1-938a-eeee0a8c9147.OPERATION#flowable-async-job-executor-thread-20341#
[ScaleAppStep] Executing task "scaleAppTask" of process "d17ca119-376b-11f1-9e6c-eeee0a8074b5"...#
#2026 04 13 19:06:24.283#Z#DEBUG#be2d3d37-376b-11f1-938a-eeee0a8c9147.OPERATION#flowable-async-job-executor-thread-20341#
[ScaleAppStep] Scaling application "BTP_CI_CD_Deployment_CAPM-approuter"...#
#2026 04 13 19:06:24.283#Z#DEBUG#be2d3d37-376b-11f1-938a-eeee0a8c9147.OPERATION#flowable-async-job-executor-thread-20341#
[ScaleAppStep] Getting application guid "BTP_CI_CD_Deployment_CAPM-approuter"...#
#2026 04 13 19:06:24.328#Z#DEBUG#be2d3d37-376b-11f1-938a-eeee0a8c9147.OPERATION#flowable-async-job-executor-thread-20341#
[ScaleAppStep] Getting process for application "56922c12-bbe9-4d92-96fb-99e2e7d3caea"...#
#2026 04 13 19:06:24.375#Z#DEBUG#be2d3d37-376b-11f1-938a-eeee0a8c9147.OPERATION#flowable-async-job-executor-thread-20341#
[ScaleAppStep] Application "BTP_CI_CD_Deployment_CAPM-approuter" scaled#
#2026 04 13 19:06:24.375#Z#DEBUG#be2d3d37-376b-11f1-938a-eeee0a8c9147.OPERATION#flowable-async-job-executor-thread-20341#
Step "Scale App" finished#
#2026 04 13 19:06:24.406#Z#DEBUG#be2d3d37-376b-11f1-938a-eeee0a8c9147.OPERATION#flowable-async-job-executor-thread-16185#
[DetermineDesiredStateAchievingActionsStep] Executing task "determineDesiredStateAchievingActionsTask" of process "d20cfa23-376b-11f1-9e6c-eeee0a8074b5"...#
#2026 04 13 19:06:24.422#Z#DEBUG#be2d3d37-376b-11f1-938a-eeee0a8c9147.OPERATION#flowable-async-job-executor-thread-16185#
[DetermineDesiredStateAchievingActionsStep] Getting application "BTP_CI_CD_Deployment_CAPM-postgres-deployer"...#
#2026 04 13 19:06:24.468#Z#DEBUG#be2d3d37-376b-11f1-938a-eeee0a8c9147.OPERATION#flowable-async-job-executor-thread-16185#
[DetermineDesiredStateAchievingActionsStep] Getting instances for application "BTP_CI_CD_Deployment_CAPM-postgres-deployer"...#
#2026 04 13 19:06:24.468#Z#DEBUG#be2d3d37-376b-11f1-938a-eeee0a8c9147.OPERATION#flowable-async-job-executor-thread-16185#
[DetermineDesiredStateAchievingActionsStep] Getting environment of application "c49c6f4e-6a21-4cf0-9f92-c125a8dc9d83"...#
#2026 04 13 19:06:24.503#Z#DEBUG#be2d3d37-376b-11f1-938a-eeee0a8c9147.OPERATION#flowable-async-job-executor-thread-16185#
[DetermineDesiredStateAchievingActionsStep] Current state of application BTP_CI_CD_Deployment_CAPM-postgres-deployer: STOPPED#
#2026 04 13 19:06:24.503#Z#DEBUG#be2d3d37-376b-11f1-938a-eeee0a8c9147.OPERATION#flowable-async-job-executor-thread-16185#
[DetermineDesiredStateAchievingActionsStep] Desired state of application BTP_CI_CD_Deployment_CAPM-postgres-deployer: STOPPED#
#2026 04 13 19:06:24.503#Z#DEBUG#be2d3d37-376b-11f1-938a-eeee0a8c9147.OPERATION#flowable-async-job-executor-thread-16185#
[DetermineDesiredStateAchievingActionsStep] Actions that should be executed on application BTP_CI_CD_Deployment_CAPM-postgres-deployer: [STAGE]#
#2026 04 13 19:06:24.504#Z#DEBUG#be2d3d37-376b-11f1-938a-eeee0a8c9147.OPERATION#flowable-async-job-executor-thread-16185#
Step "Determine Desired State Achieving Actions" finished#
#2026 04 13 19:06:24.403#Z#DEBUG#be2d3d37-376b-11f1-938a-eeee0a8c9147.OPERATION#flowable-async-job-executor-thread-20341#
[DetermineDesiredStateAchievingActionsStep] Executing task "determineDesiredStateAchievingActionsTask" of process "d17ca119-376b-11f1-9e6c-eeee0a8074b5"...#
#2026 04 13 19:06:24.404#Z#DEBUG#be2d3d37-376b-11f1-938a-eeee0a8c9147.OPERATION#flowable-async-job-executor-thread-20341#
[DetermineDesiredStateAchievingActionsStep] Getting application "BTP_CI_CD_Deployment_CAPM-approuter"...#
#2026 04 13 19:06:24.457#Z#DEBUG#be2d3d37-376b-11f1-938a-eeee0a8c9147.OPERATION#flowable-async-job-executor-thread-20341#
[DetermineDesiredStateAchievingActionsStep] Getting instances for application "BTP_CI_CD_Deployment_CAPM-approuter"...#
#2026 04 13 19:06:24.508#Z#DEBUG#be2d3d37-376b-11f1-938a-eeee0a8c9147.OPERATION#flowable-async-job-executor-thread-20341#
[DetermineDesiredStateAchievingActionsStep] Getting environment of application "56922c12-bbe9-4d92-96fb-99e2e7d3caea"...#
#2026 04 13 19:06:24.550#Z#DEBUG#be2d3d37-376b-11f1-938a-eeee0a8c9147.OPERATION#flowable-async-job-executor-thread-20341#
[DetermineDesiredStateAchievingActionsStep] Current state of application BTP_CI_CD_Deployment_CAPM-approuter: STARTED#
#2026 04 13 19:06:24.550#Z#DEBUG#be2d3d37-376b-11f1-938a-eeee0a8c9147.OPERATION#flowable-async-job-executor-thread-20341#
[DetermineDesiredStateAchievingActionsStep] Desired state of application BTP_CI_CD_Deployment_CAPM-approuter: STARTED#
#2026 04 13 19:06:24.550#Z#DEBUG#be2d3d37-376b-11f1-938a-eeee0a8c9147.OPERATION#flowable-async-job-executor-thread-20341#
[DetermineDesiredStateAchievingActionsStep] Actions that should be executed on application BTP_CI_CD_Deployment_CAPM-approuter: [STOP, STAGE, START]#
#2026 04 13 19:06:24.550#Z#DEBUG#be2d3d37-376b-11f1-938a-eeee0a8c9147.OPERATION#flowable-async-job-executor-thread-20341#
Step "Determine Desired State Achieving Actions" finished#
#2026 04 13 19:06:24.583#Z#DEBUG#be2d3d37-376b-11f1-938a-eeee0a8c9147.OPERATION#flowable-async-job-executor-thread-20341#
[StopAppStep] Executing task "stopAppTask" of process "d17ca119-376b-11f1-9e6c-eeee0a8074b5"...#
#2026 04 13 19:06:24.585#Z#INFO#be2d3d37-376b-11f1-938a-eeee0a8c9147.OPERATION#flowable-async-job-executor-thread-20341#
[StopAppStep] Stopping application "BTP_CI_CD_Deployment_CAPM-approuter"...#
#2026 04 13 19:06:24.591#Z#DEBUG#be2d3d37-376b-11f1-938a-eeee0a8c9147.OPERATION#flowable-async-job-executor-thread-20341#
[StopAppStep] Stopping application "BTP_CI_CD_Deployment_CAPM-approuter"...#
#2026 04 13 19:06:24.741#Z#DEBUG#be2d3d37-376b-11f1-938a-eeee0a8c9147.OPERATION#flowable-async-job-executor-thread-20341#
[StopAppStep] Application "BTP_CI_CD_Deployment_CAPM-approuter" stopped#
#2026 04 13 19:06:24.741#Z#DEBUG#be2d3d37-376b-11f1-938a-eeee0a8c9147.OPERATION#flowable-async-job-executor-thread-20341#
[StopAppStep] Getting environment of application "56922c12-bbe9-4d92-96fb-99e2e7d3caea"...#
#2026 04 13 19:06:24.787#Z#DEBUG#be2d3d37-376b-11f1-938a-eeee0a8c9147.OPERATION#flowable-async-job-executor-thread-20341#
Step "Stop App" finished#
#2026 04 13 19:06:24.560#Z#DEBUG#be2d3d37-376b-11f1-938a-eeee0a8c9147.OPERATION#flowable-async-job-executor-thread-16186#
[StageAppStep] Executing task "stageAppTask" of process "d20cfa23-376b-11f1-9e6c-eeee0a8074b5"...#
#2026 04 13 19:06:24.562#Z#DEBUG#be2d3d37-376b-11f1-938a-eeee0a8c9147.OPERATION#flowable-async-job-executor-thread-16186#
[StageAppStep] Application stage timeout is default one: 3,600 seconds#
#2026 04 13 19:06:24.564#Z#INFO#be2d3d37-376b-11f1-938a-eeee0a8c9147.OPERATION#flowable-async-job-executor-thread-16186#
[StageAppStep] Staging application "BTP_CI_CD_Deployment_CAPM-postgres-deployer"...#
#2026 04 13 19:06:24.571#Z#DEBUG#be2d3d37-376b-11f1-938a-eeee0a8c9147.OPERATION#flowable-async-job-executor-thread-16186#
[StageAppStep] Creating build for package "a93f7772-c79d-4a26-83eb-fee02f5103bd"...#
#2026 04 13 19:06:24.981#Z#DEBUG#be2d3d37-376b-11f1-938a-eeee0a8c9147.OPERATION#flowable-async-job-executor-thread-16186#
Step "Stage App" finished#
#2026 04 13 19:06:24.890#Z#DEBUG#be2d3d37-376b-11f1-938a-eeee0a8c9147.OPERATION#flowable-async-job-executor-thread-20341#
[StageAppStep] Executing task "stageAppTask" of process "ddd554ee-376b-11f1-9e6c-eeee0a8074b5"...#
#2026 04 13 19:06:24.892#Z#DEBUG#be2d3d37-376b-11f1-938a-eeee0a8c9147.OPERATION#flowable-async-job-executor-thread-20341#
[StageAppStep] Application stage timeout is default one: 3,600 seconds#
#2026 04 13 19:06:24.895#Z#INFO#be2d3d37-376b-11f1-938a-eeee0a8c9147.OPERATION#flowable-async-job-executor-thread-20341#
[StageAppStep] Staging application "BTP_CI_CD_Deployment_CAPM-approuter"...#
#2026 04 13 19:06:24.899#Z#DEBUG#be2d3d37-376b-11f1-938a-eeee0a8c9147.OPERATION#flowable-async-job-executor-thread-20341#
[StageAppStep] Creating build for package "1c83f4ad-6e44-4e47-9c28-4b38a4d0613c"...#
#2026 04 13 19:06:25.574#Z#DEBUG#be2d3d37-376b-11f1-938a-eeee0a8c9147.OPERATION#flowable-async-job-executor-thread-20341#
Step "Stage App" finished#
#2026 04 13 19:06:24.261#Z#DEBUG#be2d3d37-376b-11f1-938a-eeee0a8c9147.OPERATION#flowable-async-job-executor-thread-16180#
[UploadAppStep] Executing task "uploadAppTask" of process "d7901be1-376b-11f1-93f7-eeee0a99d52c"...#
#2026 04 13 19:06:24.263#Z#DEBUG#be2d3d37-376b-11f1-938a-eeee0a8c9147.OPERATION#flowable-async-job-executor-thread-16180#
[UploadAppStep] Application upload timeout is default one: 3,600 seconds#
#2026 04 13 19:06:24.266#Z#DEBUG#be2d3d37-376b-11f1-938a-eeee0a8c9147.OPERATION#pool-21-thread-4#
[UploadAppStep] Upload of application: BTP_CI_CD_Deployment_CAPM-srv started on instance: 1#
#2026 04 13 19:06:24.266#Z#DEBUG#be2d3d37-376b-11f1-938a-eeee0a8c9147.OPERATION#pool-21-thread-4#
[UploadAppStep] Uploading file "BTP_CI_CD_Deployment_CAPM-srv/data.zip" for application "BTP_CI_CD_Deployment_CAPM-srv"#
#2026 04 13 19:06:25.298#Z#INFO#be2d3d37-376b-11f1-938a-eeee0a8c9147.OPERATION#pool-21-thread-4#
[UploadAppStep] Time elapsed for app binary download: 1,031 in millis#
#2026 04 13 19:06:25.298#Z#INFO#be2d3d37-376b-11f1-938a-eeee0a8c9147.OPERATION#pool-21-thread-4#
[UploadAppStep] Size of app BTP_CI_CD_Deployment_CAPM-srv is 12,718,870 bytes#
#2026 04 13 19:06:25.298#Z#DEBUG#be2d3d37-376b-11f1-938a-eeee0a8c9147.OPERATION#pool-21-thread-4#
[UploadAppStep] Asynchronously uploading binaries for application "BTP_CI_CD_Deployment_CAPM-srv"...#
#2026 04 13 19:06:25.735#Z#INFO#be2d3d37-376b-11f1-938a-eeee0a8c9147.OPERATION#pool-21-thread-4#
[UploadAppStep] Started async upload of application "BTP_CI_CD_Deployment_CAPM-srv"#
#2026 04 13 19:06:25.742#Z#INFO#be2d3d37-376b-11f1-938a-eeee0a8c9147.OPERATION#flowable-async-job-executor-thread-16180#
[UploadAppStep] Time elapsed for upload: 1,479 in millis#
#2026 04 13 19:06:25.742#Z#DEBUG#be2d3d37-376b-11f1-938a-eeee0a8c9147.OPERATION#flowable-async-job-executor-thread-16180#
[UploadAppStep] Getting application "BTP_CI_CD_Deployment_CAPM-srv"...#
#2026 04 13 19:06:25.774#Z#DEBUG#be2d3d37-376b-11f1-938a-eeee0a8c9147.OPERATION#App upload monitor: 48f28b29-7669-4775-b2b8-443892e46eb4#
[UploadAppStep] Upload status: PROCESSING_UPLOAD#
#2026 04 13 19:06:25.789#Z#DEBUG#be2d3d37-376b-11f1-938a-eeee0a8c9147.OPERATION#flowable-async-job-executor-thread-16180#
[UploadAppStep] Getting environment of application "7698ddb5-9928-4464-8f91-f365800fe760"...#
#2026 04 13 19:06:25.822#Z#DEBUG#be2d3d37-376b-11f1-938a-eeee0a8c9147.OPERATION#flowable-async-job-executor-thread-16180#
[UploadAppStep] Updating environment of application "BTP_CI_CD_Deployment_CAPM-srv"#
#2026 04 13 19:06:25.919#Z#DEBUG#be2d3d37-376b-11f1-938a-eeee0a8c9147.OPERATION#flowable-async-job-executor-thread-16180#
Step "Upload App" finished#
#2026 04 13 19:06:30.808#Z#DEBUG#be2d3d37-376b-11f1-938a-eeee0a8c9147.OPERATION#App upload monitor: 48f28b29-7669-4775-b2b8-443892e46eb4#
[UploadAppStep] Upload status: READY#
#2026 04 13 19:06:34.346#Z#DEBUG#be2d3d37-376b-11f1-938a-eeee0a8c9147.OPERATION#flowable-async-job-executor-thread-16191#
[UploadAppStep] Executing task "uploadAppTask" of process "d7901be1-376b-11f1-93f7-eeee0a99d52c"...#
#2026 04 13 19:06:34.349#Z#DEBUG#be2d3d37-376b-11f1-938a-eeee0a8c9147.OPERATION#flowable-async-job-executor-thread-16191#
[UploadAppStep] Application upload timeout is default one: 3,600 seconds#
#2026 04 13 19:06:34.349#Z#DEBUG#be2d3d37-376b-11f1-938a-eeee0a8c9147.OPERATION#flowable-async-job-executor-thread-16191#
[UploadAppStep] Checking upload status of application "BTP_CI_CD_Deployment_CAPM-srv"...#
#2026 04 13 19:06:34.350#Z#DEBUG#be2d3d37-376b-11f1-938a-eeee0a8c9147.OPERATION#flowable-async-job-executor-thread-16191#
[UploadAppStep] Getting package "48f28b29-7669-4775-b2b8-443892e46eb4"...#
#2026 04 13 19:06:34.380#Z#DEBUG#be2d3d37-376b-11f1-938a-eeee0a8c9147.OPERATION#flowable-async-job-executor-thread-16191#
[UploadAppStep] Application "BTP_CI_CD_Deployment_CAPM-srv" uploaded#
#2026 04 13 19:06:34.381#Z#DEBUG#be2d3d37-376b-11f1-938a-eeee0a8c9147.OPERATION#flowable-async-job-executor-thread-16191#
Step "Upload App" finished#
#2026 04 13 19:06:34.334#Z#DEBUG#be2d3d37-376b-11f1-938a-eeee0a8c9147.OPERATION#flowable-async-job-executor-thread-16193#
[StageAppStep] Executing task "stageAppTask" of process "d20cfa23-376b-11f1-9e6c-eeee0a8074b5"...#
#2026 04 13 19:06:34.336#Z#DEBUG#be2d3d37-376b-11f1-938a-eeee0a8c9147.OPERATION#flowable-async-job-executor-thread-16193#
[StageAppStep] Application stage timeout is default one: 3,600 seconds#
#2026 04 13 19:06:34.337#Z#DEBUG#be2d3d37-376b-11f1-938a-eeee0a8c9147.OPERATION#flowable-async-job-executor-thread-16193#
[StageAppStep] Checking status of application "BTP_CI_CD_Deployment_CAPM-postgres-deployer"...#
#2026 04 13 19:06:34.337#Z#DEBUG#be2d3d37-376b-11f1-938a-eeee0a8c9147.OPERATION#flowable-async-job-executor-thread-16193#
[StageAppStep] Getting build "520dd5bf-9e73-4cd2-81ae-ff4728adf795"...#
#2026 04 13 19:06:34.369#Z#DEBUG#be2d3d37-376b-11f1-938a-eeee0a8c9147.OPERATION#flowable-async-job-executor-thread-16193#
[StageAppStep] Staging status of application "BTP_CI_CD_Deployment_CAPM-postgres-deployer": PENDING#
#2026 04 13 19:06:34.370#Z#DEBUG#be2d3d37-376b-11f1-938a-eeee0a8c9147.OPERATION#flowable-async-job-executor-thread-16193#
[StageAppStep] Getting application guid "BTP_CI_CD_Deployment_CAPM-postgres-deployer"...#
#2026 04 13 19:06:34.464#Z#DEBUG#be2d3d37-376b-11f1-938a-eeee0a8c9147.OPERATION#flowable-async-job-executor-thread-16193#
Step "Stage App" finished#
#2026 04 13 19:06:34.311#Z#DEBUG#be2d3d37-376b-11f1-938a-eeee0a8c9147.OPERATION#flowable-async-job-executor-thread-20346#
[StageAppStep] Executing task "stageAppTask" of process "ddd554ee-376b-11f1-9e6c-eeee0a8074b5"...#
#2026 04 13 19:06:34.314#Z#DEBUG#be2d3d37-376b-11f1-938a-eeee0a8c9147.OPERATION#flowable-async-job-executor-thread-20346#
[StageAppStep] Application stage timeout is default one: 3,600 seconds#
#2026 04 13 19:06:34.315#Z#DEBUG#be2d3d37-376b-11f1-938a-eeee0a8c9147.OPERATION#flowable-async-job-executor-thread-20346#
[StageAppStep] Checking status of application "BTP_CI_CD_Deployment_CAPM-approuter"...#
#2026 04 13 19:06:34.315#Z#DEBUG#be2d3d37-376b-11f1-938a-eeee0a8c9147.OPERATION#flowable-async-job-executor-thread-20346#
[StageAppStep] Getting build "82d9fcf1-89e7-4bd1-9470-ea9ed6a7b51a"...#
#2026 04 13 19:06:34.349#Z#DEBUG#be2d3d37-376b-11f1-938a-eeee0a8c9147.OPERATION#flowable-async-job-executor-thread-20346#
[StageAppStep] Staging status of application "BTP_CI_CD_Deployment_CAPM-approuter": PENDING#
#2026 04 13 19:06:34.351#Z#DEBUG#be2d3d37-376b-11f1-938a-eeee0a8c9147.OPERATION#flowable-async-job-executor-thread-20346#
[StageAppStep] Getting application guid "BTP_CI_CD_Deployment_CAPM-approuter"...#
#2026 04 13 19:06:34.463#Z#DEBUG#be2d3d37-376b-11f1-938a-eeee0a8c9147.OPERATION#flowable-async-job-executor-thread-20346#
Step "Stage App" finished#
#2026 04 13 19:06:34.419#Z#DEBUG#be2d3d37-376b-11f1-938a-eeee0a8c9147.OPERATION#flowable-async-job-executor-thread-16191#
[ScaleAppStep] Executing task "scaleAppTask" of process "d7901be1-376b-11f1-93f7-eeee0a99d52c"...#
#2026 04 13 19:06:34.424#Z#DEBUG#be2d3d37-376b-11f1-938a-eeee0a8c9147.OPERATION#flowable-async-job-executor-thread-16191#
[ScaleAppStep] Scaling application "BTP_CI_CD_Deployment_CAPM-srv"...#
#2026 04 13 19:06:34.424#Z#DEBUG#be2d3d37-376b-11f1-938a-eeee0a8c9147.OPERATION#flowable-async-job-executor-thread-16191#
[ScaleAppStep] Getting application guid "BTP_CI_CD_Deployment_CAPM-srv"...#
#2026 04 13 19:06:34.468#Z#DEBUG#be2d3d37-376b-11f1-938a-eeee0a8c9147.OPERATION#flowable-async-job-executor-thread-16191#
[ScaleAppStep] Getting process for application "7698ddb5-9928-4464-8f91-f365800fe760"...#
#2026 04 13 19:06:34.509#Z#DEBUG#be2d3d37-376b-11f1-938a-eeee0a8c9147.OPERATION#flowable-async-job-executor-thread-16191#
[ScaleAppStep] Application "BTP_CI_CD_Deployment_CAPM-srv" scaled#
#2026 04 13 19:06:34.509#Z#DEBUG#be2d3d37-376b-11f1-938a-eeee0a8c9147.OPERATION#flowable-async-job-executor-thread-16191#
Step "Scale App" finished#
#2026 04 13 19:06:34.553#Z#DEBUG#be2d3d37-376b-11f1-938a-eeee0a8c9147.OPERATION#flowable-async-job-executor-thread-16191#
[DetermineDesiredStateAchievingActionsStep] Executing task "determineDesiredStateAchievingActionsTask" of process "d7901be1-376b-11f1-93f7-eeee0a99d52c"...#
#2026 04 13 19:06:34.555#Z#DEBUG#be2d3d37-376b-11f1-938a-eeee0a8c9147.OPERATION#flowable-async-job-executor-thread-16191#
[DetermineDesiredStateAchievingActionsStep] Getting application "BTP_CI_CD_Deployment_CAPM-srv"...#
#2026 04 13 19:06:34.601#Z#DEBUG#be2d3d37-376b-11f1-938a-eeee0a8c9147.OPERATION#flowable-async-job-executor-thread-16191#
[DetermineDesiredStateAchievingActionsStep] Getting instances for application "BTP_CI_CD_Deployment_CAPM-srv"...#
#2026 04 13 19:06:34.637#Z#DEBUG#be2d3d37-376b-11f1-938a-eeee0a8c9147.OPERATION#flowable-async-job-executor-thread-16191#
[DetermineDesiredStateAchievingActionsStep] Getting environment of application "7698ddb5-9928-4464-8f91-f365800fe760"...#
#2026 04 13 19:06:34.678#Z#DEBUG#be2d3d37-376b-11f1-938a-eeee0a8c9147.OPERATION#flowable-async-job-executor-thread-16191#
[DetermineDesiredStateAchievingActionsStep] Current state of application BTP_CI_CD_Deployment_CAPM-srv: STARTED#
#2026 04 13 19:06:34.678#Z#DEBUG#be2d3d37-376b-11f1-938a-eeee0a8c9147.OPERATION#flowable-async-job-executor-thread-16191#
[DetermineDesiredStateAchievingActionsStep] Desired state of application BTP_CI_CD_Deployment_CAPM-srv: STARTED#
#2026 04 13 19:06:34.678#Z#DEBUG#be2d3d37-376b-11f1-938a-eeee0a8c9147.OPERATION#flowable-async-job-executor-thread-16191#
[DetermineDesiredStateAchievingActionsStep] Actions that should be executed on application BTP_CI_CD_Deployment_CAPM-srv: [STOP, STAGE, START]#
#2026 04 13 19:06:34.678#Z#DEBUG#be2d3d37-376b-11f1-938a-eeee0a8c9147.OPERATION#flowable-async-job-executor-thread-16191#
Step "Determine Desired State Achieving Actions" finished#
#2026 04 13 19:06:34.889#Z#DEBUG#be2d3d37-376b-11f1-938a-eeee0a8c9147.OPERATION#flowable-async-job-executor-thread-16191#
[StopAppStep] Executing task "stopAppTask" of process "d7901be1-376b-11f1-93f7-eeee0a99d52c"...#
#2026 04 13 19:06:34.936#Z#INFO#be2d3d37-376b-11f1-938a-eeee0a8c9147.OPERATION#flowable-async-job-executor-thread-16191#
[StopAppStep] Stopping application "BTP_CI_CD_Deployment_CAPM-srv"...#
#2026 04 13 19:06:35.007#Z#DEBUG#be2d3d37-376b-11f1-938a-eeee0a8c9147.OPERATION#flowable-async-job-executor-thread-16191#
[StopAppStep] Stopping application "BTP_CI_CD_Deployment_CAPM-srv"...#
#2026 04 13 19:06:35.266#Z#DEBUG#be2d3d37-376b-11f1-938a-eeee0a8c9147.OPERATION#flowable-async-job-executor-thread-16191#
[StopAppStep] Application "BTP_CI_CD_Deployment_CAPM-srv" stopped#
#2026 04 13 19:06:35.266#Z#DEBUG#be2d3d37-376b-11f1-938a-eeee0a8c9147.OPERATION#flowable-async-job-executor-thread-16191#
[StopAppStep] Getting environment of application "7698ddb5-9928-4464-8f91-f365800fe760"...#
#2026 04 13 19:06:35.311#Z#DEBUG#be2d3d37-376b-11f1-938a-eeee0a8c9147.OPERATION#flowable-async-job-executor-thread-16191#
Step "Stop App" finished#
#2026 04 13 19:06:35.364#Z#DEBUG#be2d3d37-376b-11f1-938a-eeee0a8c9147.OPERATION#flowable-async-job-executor-thread-16191#
[StageAppStep] Executing task "stageAppTask" of process "e41a8e50-376b-11f1-93f7-eeee0a99d52c"...#
#2026 04 13 19:06:35.366#Z#DEBUG#be2d3d37-376b-11f1-938a-eeee0a8c9147.OPERATION#flowable-async-job-executor-thread-16191#
[StageAppStep] Application stage timeout is default one: 3,600 seconds#
#2026 04 13 19:06:35.368#Z#INFO#be2d3d37-376b-11f1-938a-eeee0a8c9147.OPERATION#flowable-async-job-executor-thread-16191#
[StageAppStep] Staging application "BTP_CI_CD_Deployment_CAPM-srv"...#
#2026 04 13 19:06:35.373#Z#DEBUG#be2d3d37-376b-11f1-938a-eeee0a8c9147.OPERATION#flowable-async-job-executor-thread-16191#
[StageAppStep] Creating build for package "48f28b29-7669-4775-b2b8-443892e46eb4"...#
#2026 04 13 19:06:35.792#Z#DEBUG#be2d3d37-376b-11f1-938a-eeee0a8c9147.OPERATION#flowable-async-job-executor-thread-16191#
Step "Stage App" finished#
#2026 04 13 19:06:44.402#Z#DEBUG#be2d3d37-376b-11f1-938a-eeee0a8c9147.OPERATION#flowable-async-job-executor-thread-20357#
[StageAppStep] Executing task "stageAppTask" of process "e41a8e50-376b-11f1-93f7-eeee0a99d52c"...#
#2026 04 13 19:06:44.404#Z#DEBUG#be2d3d37-376b-11f1-938a-eeee0a8c9147.OPERATION#flowable-async-job-executor-thread-20357#
[StageAppStep] Application stage timeout is default one: 3,600 seconds#
#2026 04 13 19:06:44.404#Z#DEBUG#be2d3d37-376b-11f1-938a-eeee0a8c9147.OPERATION#flowable-async-job-executor-thread-20357#
[StageAppStep] Checking status of application "BTP_CI_CD_Deployment_CAPM-srv"...#
#2026 04 13 19:06:44.404#Z#DEBUG#be2d3d37-376b-11f1-938a-eeee0a8c9147.OPERATION#flowable-async-job-executor-thread-20357#
[StageAppStep] Getting build "9e3e2121-eb7a-4239-b865-01db7e21e2b9"...#
#2026 04 13 19:06:44.435#Z#DEBUG#be2d3d37-376b-11f1-938a-eeee0a8c9147.OPERATION#flowable-async-job-executor-thread-20351#
[StageAppStep] Executing task "stageAppTask" of process "ddd554ee-376b-11f1-9e6c-eeee0a8074b5"...#
#2026 04 13 19:06:44.436#Z#DEBUG#be2d3d37-376b-11f1-938a-eeee0a8c9147.OPERATION#flowable-async-job-executor-thread-20351#
[StageAppStep] Application stage timeout is default one: 3,600 seconds#
#2026 04 13 19:06:44.437#Z#DEBUG#be2d3d37-376b-11f1-938a-eeee0a8c9147.OPERATION#flowable-async-job-executor-thread-20351#
[StageAppStep] Checking status of application "BTP_CI_CD_Deployment_CAPM-approuter"...#
#2026 04 13 19:06:44.437#Z#DEBUG#be2d3d37-376b-11f1-938a-eeee0a8c9147.OPERATION#flowable-async-job-executor-thread-20351#
[StageAppStep] Getting build "82d9fcf1-89e7-4bd1-9470-ea9ed6a7b51a"...#
#2026 04 13 19:06:44.441#Z#DEBUG#be2d3d37-376b-11f1-938a-eeee0a8c9147.OPERATION#flowable-async-job-executor-thread-20357#
[StageAppStep] Staging status of application "BTP_CI_CD_Deployment_CAPM-srv": PENDING#
#2026 04 13 19:06:44.442#Z#DEBUG#be2d3d37-376b-11f1-938a-eeee0a8c9147.OPERATION#flowable-async-job-executor-thread-20357#
[StageAppStep] Getting application guid "BTP_CI_CD_Deployment_CAPM-srv"...#
#2026 04 13 19:06:44.472#Z#DEBUG#be2d3d37-376b-11f1-938a-eeee0a8c9147.OPERATION#flowable-async-job-executor-thread-20351#
[StageAppStep] Staging status of application "BTP_CI_CD_Deployment_CAPM-approuter": PENDING#
#2026 04 13 19:06:44.473#Z#DEBUG#be2d3d37-376b-11f1-938a-eeee0a8c9147.OPERATION#flowable-async-job-executor-thread-20351#
[StageAppStep] Getting application guid "BTP_CI_CD_Deployment_CAPM-approuter"...#
#2026 04 13 19:06:44.558#Z#DEBUG#be2d3d37-376b-11f1-938a-eeee0a8c9147.OPERATION#flowable-async-job-executor-thread-20357#
Step "Stage App" finished#
#2026 04 13 19:06:44.425#Z#DEBUG#be2d3d37-376b-11f1-938a-eeee0a8c9147.OPERATION#flowable-async-job-executor-thread-16201#
[StageAppStep] Executing task "stageAppTask" of process "d20cfa23-376b-11f1-9e6c-eeee0a8074b5"...#
#2026 04 13 19:06:44.427#Z#DEBUG#be2d3d37-376b-11f1-938a-eeee0a8c9147.OPERATION#flowable-async-job-executor-thread-16201#
[StageAppStep] Application stage timeout is default one: 3,600 seconds#
#2026 04 13 19:06:44.429#Z#DEBUG#be2d3d37-376b-11f1-938a-eeee0a8c9147.OPERATION#flowable-async-job-executor-thread-16201#
[StageAppStep] Checking status of application "BTP_CI_CD_Deployment_CAPM-postgres-deployer"...#
#2026 04 13 19:06:44.429#Z#DEBUG#be2d3d37-376b-11f1-938a-eeee0a8c9147.OPERATION#flowable-async-job-executor-thread-16201#
[StageAppStep] Getting build "520dd5bf-9e73-4cd2-81ae-ff4728adf795"...#
#2026 04 13 19:06:44.463#Z#DEBUG#be2d3d37-376b-11f1-938a-eeee0a8c9147.OPERATION#flowable-async-job-executor-thread-16201#
[StageAppStep] Staging status of application "BTP_CI_CD_Deployment_CAPM-postgres-deployer": PENDING#
#2026 04 13 19:06:44.465#Z#DEBUG#be2d3d37-376b-11f1-938a-eeee0a8c9147.OPERATION#flowable-async-job-executor-thread-16201#
[StageAppStep] Getting application guid "BTP_CI_CD_Deployment_CAPM-postgres-deployer"...#
#2026 04 13 19:06:44.580#Z#DEBUG#be2d3d37-376b-11f1-938a-eeee0a8c9147.OPERATION#flowable-async-job-executor-thread-16201#
Step "Stage App" finished#
#2026 04 13 19:06:44.584#Z#DEBUG#be2d3d37-376b-11f1-938a-eeee0a8c9147.OPERATION#flowable-async-job-executor-thread-20351#
Step "Stage App" finished#
#2026 04 13 19:06:54.460#Z#DEBUG#be2d3d37-376b-11f1-938a-eeee0a8c9147.OPERATION#flowable-async-job-executor-thread-16204#
[StageAppStep] Executing task "stageAppTask" of process "d20cfa23-376b-11f1-9e6c-eeee0a8074b5"...#
#2026 04 13 19:06:54.462#Z#DEBUG#be2d3d37-376b-11f1-938a-eeee0a8c9147.OPERATION#flowable-async-job-executor-thread-16204#
[StageAppStep] Application stage timeout is default one: 3,600 seconds#
#2026 04 13 19:06:54.463#Z#DEBUG#be2d3d37-376b-11f1-938a-eeee0a8c9147.OPERATION#flowable-async-job-executor-thread-16204#
[StageAppStep] Checking status of application "BTP_CI_CD_Deployment_CAPM-postgres-deployer"...#
#2026 04 13 19:06:54.463#Z#DEBUG#be2d3d37-376b-11f1-938a-eeee0a8c9147.OPERATION#flowable-async-job-executor-thread-16204#
[StageAppStep] Getting build "520dd5bf-9e73-4cd2-81ae-ff4728adf795"...#
#2026 04 13 19:06:54.495#Z#DEBUG#be2d3d37-376b-11f1-938a-eeee0a8c9147.OPERATION#flowable-async-job-executor-thread-16204#
[StageAppStep] Staging status of application "BTP_CI_CD_Deployment_CAPM-postgres-deployer": STAGED#
#2026 04 13 19:06:54.496#Z#DEBUG#be2d3d37-376b-11f1-938a-eeee0a8c9147.OPERATION#flowable-async-job-executor-thread-16204#
[StageAppStep] Getting application guid "BTP_CI_CD_Deployment_CAPM-postgres-deployer"...#
#2026 04 13 19:06:54.542#Z#DEBUG#be2d3d37-376b-11f1-938a-eeee0a8c9147.OPERATION#flowable-async-job-executor-thread-16206#
[StageAppStep] Executing task "stageAppTask" of process "ddd554ee-376b-11f1-9e6c-eeee0a8074b5"...#
#2026 04 13 19:06:54.544#Z#DEBUG#be2d3d37-376b-11f1-938a-eeee0a8c9147.OPERATION#flowable-async-job-executor-thread-16206#
[StageAppStep] Application stage timeout is default one: 3,600 seconds#
#2026 04 13 19:06:54.545#Z#DEBUG#be2d3d37-376b-11f1-938a-eeee0a8c9147.OPERATION#flowable-async-job-executor-thread-16206#
[StageAppStep] Checking status of application "BTP_CI_CD_Deployment_CAPM-approuter"...#
#2026 04 13 19:06:54.545#Z#DEBUG#be2d3d37-376b-11f1-938a-eeee0a8c9147.OPERATION#flowable-async-job-executor-thread-16206#
[StageAppStep] Getting build "82d9fcf1-89e7-4bd1-9470-ea9ed6a7b51a"...#
#2026 04 13 19:06:54.595#Z#DEBUG#be2d3d37-376b-11f1-938a-eeee0a8c9147.OPERATION#flowable-async-job-executor-thread-16206#
[StageAppStep] Staging status of application "BTP_CI_CD_Deployment_CAPM-approuter": PENDING#
#2026 04 13 19:06:54.598#Z#DEBUG#be2d3d37-376b-11f1-938a-eeee0a8c9147.OPERATION#flowable-async-job-executor-thread-16206#
[StageAppStep] Getting application guid "BTP_CI_CD_Deployment_CAPM-approuter"...#
#2026 04 13 19:06:54.602#Z#DEBUG#be2d3d37-376b-11f1-938a-eeee0a8c9147.OPERATION#flowable-async-job-executor-thread-16204#
[StageAppStep] Getting build "520dd5bf-9e73-4cd2-81ae-ff4728adf795"...#
#2026 04 13 19:06:54.637#Z#DEBUG#be2d3d37-376b-11f1-938a-eeee0a8c9147.OPERATION#flowable-async-job-executor-thread-16204#
[StageAppStep] Binding droplet "66820033-03b0-4088-8b93-547b0f74541b" to application "c49c6f4e-6a21-4cf0-9f92-c125a8dc9d83"...#
#2026 04 13 19:06:54.692#Z#INFO#be2d3d37-376b-11f1-938a-eeee0a8c9147.OPERATION#flowable-async-job-executor-thread-16204#
[StageAppStep] Application "BTP_CI_CD_Deployment_CAPM-postgres-deployer" staged#
#2026 04 13 19:06:54.700#Z#DEBUG#be2d3d37-376b-11f1-938a-eeee0a8c9147.OPERATION#flowable-async-job-executor-thread-16204#
Step "Stage App" finished#
#2026 04 13 19:06:54.707#Z#DEBUG#be2d3d37-376b-11f1-938a-eeee0a8c9147.OPERATION#flowable-async-job-executor-thread-16206#
Step "Stage App" finished#
#2026 04 13 19:06:54.784#Z#DEBUG#be2d3d37-376b-11f1-938a-eeee0a8c9147.OPERATION#flowable-async-job-executor-thread-16208#
[PrepareToExecuteTasksStep] Executing task "prepareToExecuteTasksTask" of process "efafcccd-376b-11f1-93f7-eeee0a99d52c"...#
#2026 04 13 19:06:54.786#Z#DEBUG#be2d3d37-376b-11f1-938a-eeee0a8c9147.OPERATION#flowable-async-job-executor-thread-16208#
Step "Prepare To Execute Tasks" finished#
#2026 04 13 19:06:54.663#Z#DEBUG#be2d3d37-376b-11f1-938a-eeee0a8c9147.OPERATION#flowable-async-job-executor-thread-20363#
[StageAppStep] Executing task "stageAppTask" of process "e41a8e50-376b-11f1-93f7-eeee0a99d52c"...#
#2026 04 13 19:06:54.665#Z#DEBUG#be2d3d37-376b-11f1-938a-eeee0a8c9147.OPERATION#flowable-async-job-executor-thread-20363#
[StageAppStep] Application stage timeout is default one: 3,600 seconds#
#2026 04 13 19:06:54.666#Z#DEBUG#be2d3d37-376b-11f1-938a-eeee0a8c9147.OPERATION#flowable-async-job-executor-thread-20363#
[StageAppStep] Checking status of application "BTP_CI_CD_Deployment_CAPM-srv"...#
#2026 04 13 19:06:54.666#Z#DEBUG#be2d3d37-376b-11f1-938a-eeee0a8c9147.OPERATION#flowable-async-job-executor-thread-20363#
[StageAppStep] Getting build "9e3e2121-eb7a-4239-b865-01db7e21e2b9"...#
#2026 04 13 19:06:54.704#Z#DEBUG#be2d3d37-376b-11f1-938a-eeee0a8c9147.OPERATION#flowable-async-job-executor-thread-20363#
[StageAppStep] Staging status of application "BTP_CI_CD_Deployment_CAPM-srv": PENDING#
#2026 04 13 19:06:54.706#Z#DEBUG#be2d3d37-376b-11f1-938a-eeee0a8c9147.OPERATION#flowable-async-job-executor-thread-20363#
[StageAppStep] Getting application guid "BTP_CI_CD_Deployment_CAPM-srv"...#
#2026 04 13 19:06:54.826#Z#DEBUG#be2d3d37-376b-11f1-938a-eeee0a8c9147.OPERATION#flowable-async-job-executor-thread-20363#
Step "Stage App" finished#
#2026 04 13 19:06:54.817#Z#DEBUG#be2d3d37-376b-11f1-938a-eeee0a8c9147.OPERATION#flowable-async-job-executor-thread-16209#
[ExecuteTaskStep] Executing task "executeTaskTask" of process "efafcccd-376b-11f1-93f7-eeee0a99d52c"...#
#2026 04 13 19:06:54.819#Z#DEBUG#be2d3d37-376b-11f1-938a-eeee0a8c9147.OPERATION#flowable-async-job-executor-thread-16209#
[ExecuteTaskStep] Application task execution timeout is default one: 43,200 seconds#
#2026 04 13 19:06:54.822#Z#INFO#be2d3d37-376b-11f1-938a-eeee0a8c9147.OPERATION#flowable-async-job-executor-thread-16209#
[ExecuteTaskStep] Executing task "deploy-to-postgresql" on application "BTP_CI_CD_Deployment_CAPM-postgres-deployer"...#
#2026 04 13 19:06:54.828#Z#DEBUG#be2d3d37-376b-11f1-938a-eeee0a8c9147.OPERATION#flowable-async-job-executor-thread-16209#
[ExecuteTaskStep] Running task on application "BTP_CI_CD_Deployment_CAPM-postgres-deployer": {
  "name" : "deploy-to-postgresql",
  "command" : "npm start",
  "limits" : { }
}#
#2026 04 13 19:06:55.185#Z#DEBUG#be2d3d37-376b-11f1-938a-eeee0a8c9147.OPERATION#flowable-async-job-executor-thread-16209#
Step "Execute Task" finished#
#2026 04 13 19:07:04.564#Z#DEBUG#be2d3d37-376b-11f1-938a-eeee0a8c9147.OPERATION#flowable-async-job-executor-thread-16216#
[ExecuteTaskStep] Executing task "executeTaskTask" of process "efafcccd-376b-11f1-93f7-eeee0a99d52c"...#
#2026 04 13 19:07:04.567#Z#DEBUG#be2d3d37-376b-11f1-938a-eeee0a8c9147.OPERATION#flowable-async-job-executor-thread-16216#
[ExecuteTaskStep] Application task execution timeout is default one: 43,200 seconds#
#2026 04 13 19:07:04.569#Z#DEBUG#be2d3d37-376b-11f1-938a-eeee0a8c9147.OPERATION#flowable-async-job-executor-thread-16216#
[ExecuteTaskStep] Getting task "61946480-7c1e-46cb-8861-09d9be2a1338"...#
#2026 04 13 19:07:04.600#Z#DEBUG#be2d3d37-376b-11f1-938a-eeee0a8c9147.OPERATION#flowable-async-job-executor-thread-16216#
[ExecuteTaskStep] Task execution status: failed#
#2026 04 13 19:07:04.601#Z#DEBUG#be2d3d37-376b-11f1-938a-eeee0a8c9147.OPERATION#flowable-async-job-executor-thread-16216#
[ExecuteTaskStep] Getting application guid "BTP_CI_CD_Deployment_CAPM-postgres-deployer"...#
#2026 04 13 19:07:04.700#Z#ERROR#be2d3d37-376b-11f1-938a-eeee0a8c9147.OPERATION#flowable-async-job-executor-thread-16216#
[ExecuteTaskStep] Execution of task "deploy-to-postgresql" on application "BTP_CI_CD_Deployment_CAPM-postgres-deployer" failed.
Download the application logs via the dmol command and check them for more information.#
#2026 04 13 19:07:04.706#Z#ERROR#be2d3d37-376b-11f1-938a-eeee0a8c9147.OPERATION#flowable-async-job-executor-thread-16216#
Exception caught#
org.cloudfoundry.multiapps.common.SLException: A step of the process has failed. Retrying it may solve the issue.
	at org.cloudfoundry.multiapps.controller.process.steps.SyncFlowableStep.executeInternal(SyncFlowableStep.java:83)
	at org.cloudfoundry.multiapps.controller.process.steps.SyncFlowableStep.lambda$execute$0(SyncFlowableStep.java:71)
	at org.cloudfoundry.multiapps.controller.core.util.LoggingUtil.logWithCorrelationId(LoggingUtil.java:14)
	at org.cloudfoundry.multiapps.controller.process.steps.SyncFlowableStep.execute(SyncFlowableStep.java:71)
	at org.flowable.engine.impl.delegate.invocation.JavaDelegateInvocation.invoke(JavaDelegateInvocation.java:35)
	at org.flowable.engine.impl.delegate.invocation.DelegateInvocation.proceed(DelegateInvocation.java:32)
	at org.flowable.engine.impl.delegate.invocation.DefaultDelegateInterceptor.handleInvocation(DefaultDelegateInterceptor.java:26)
	at org.flowable.engine.impl.bpmn.behavior.ServiceTaskDelegateExpressionActivityBehavior.execute(ServiceTaskDelegateExpressionActivityBehavior.java:177)
	at org.flowable.engine.impl.agenda.ContinueProcessOperation.executeActivityBehavior(ContinueProcessOperation.java:298)
	at org.flowable.engine.impl.agenda.ContinueProcessOperation.executeSynchronous(ContinueProcessOperation.java:175)
	at org.flowable.engine.impl.agenda.ContinueProcessOperation.continueThroughFlowNode(ContinueProcessOperation.java:125)
	at org.flowable.engine.impl.agenda.ContinueProcessOperation.run(ContinueProcessOperation.java:88)
	at org.flowable.common.engine.impl.AbstractEngineConfiguration.lambda$new$0(AbstractEngineConfiguration.java:198)
	at org.flowable.engine.impl.interceptor.CommandInvoker.executeOperation(CommandInvoker.java:189)
	at org.flowable.engine.impl.interceptor.CommandInvoker.executeOperations(CommandInvoker.java:128)
	at org.flowable.engine.impl.interceptor.CommandInvoker.execute(CommandInvoker.java:80)
	at org.flowable.engine.impl.interceptor.BpmnOverrideContextInterceptor.execute(BpmnOverrideContextInterceptor.java:26)
	at org.flowable.common.engine.impl.interceptor.TransactionContextInterceptor.execute(TransactionContextInterceptor.java:53)
	at org.flowable.common.engine.impl.interceptor.CommandContextInterceptor.execute(CommandContextInterceptor.java:105)
	at org.flowable.common.spring.SpringTransactionInterceptor.lambda$execute$0(SpringTransactionInterceptor.java:57)
	at org.springframework.transaction.support.TransactionTemplate.execute(TransactionTemplate.java:140)
	at org.flowable.common.spring.SpringTransactionInterceptor.execute(SpringTransactionInterceptor.java:57)
	at org.flowable.common.engine.impl.interceptor.LogInterceptor.execute(LogInterceptor.java:30)
	at org.flowable.common.engine.impl.cfg.CommandExecutorImpl.execute(CommandExecutorImpl.java:56)
	at org.flowable.common.engine.impl.cfg.CommandExecutorImpl.execute(CommandExecutorImpl.java:51)
	at org.flowable.job.service.impl.asyncexecutor.ExecuteAsyncRunnable.handleTransactionalJob(ExecuteAsyncRunnable.java:177)
	at org.flowable.job.service.impl.asyncexecutor.ExecuteAsyncRunnable.executeJob(ExecuteAsyncRunnable.java:146)
	at org.flowable.job.service.impl.asyncexecutor.ExecuteAsyncRunnable.runInternally(ExecuteAsyncRunnable.java:122)
	at org.flowable.job.service.impl.asyncexecutor.ExecuteAsyncRunnable.run(ExecuteAsyncRunnable.java:96)
	at java.base/java.util.concurrent.ThreadPoolExecutor.runWorker(ThreadPoolExecutor.java:1090)
	at java.base/java.util.concurrent.ThreadPoolExecutor$Worker.run(ThreadPoolExecutor.java:614)
	at java.base/java.lang.Thread.run(Thread.java:1474)
#2026 04 13 19:07:04.717#Z#DEBUG#be2d3d37-376b-11f1-938a-eeee0a8c9147.OPERATION#flowable-async-job-executor-thread-16216#
Step "Execute Task" finished#
#2026 04 13 19:07:04.585#Z#DEBUG#be2d3d37-376b-11f1-938a-eeee0a8c9147.OPERATION#flowable-async-job-executor-thread-20369#
[StageAppStep] Executing task "stageAppTask" of process "e41a8e50-376b-11f1-93f7-eeee0a99d52c"...#
#2026 04 13 19:07:04.587#Z#DEBUG#be2d3d37-376b-11f1-938a-eeee0a8c9147.OPERATION#flowable-async-job-executor-thread-20369#
[StageAppStep] Application stage timeout is default one: 3,600 seconds#
#2026 04 13 19:07:04.588#Z#DEBUG#be2d3d37-376b-11f1-938a-eeee0a8c9147.OPERATION#flowable-async-job-executor-thread-20369#
[StageAppStep] Checking status of application "BTP_CI_CD_Deployment_CAPM-srv"...#
#2026 04 13 19:07:04.588#Z#DEBUG#be2d3d37-376b-11f1-938a-eeee0a8c9147.OPERATION#flowable-async-job-executor-thread-20369#
[StageAppStep] Getting build "9e3e2121-eb7a-4239-b865-01db7e21e2b9"...#
#2026 04 13 19:07:04.626#Z#DEBUG#be2d3d37-376b-11f1-938a-eeee0a8c9147.OPERATION#flowable-async-job-executor-thread-20369#
[StageAppStep] Staging status of application "BTP_CI_CD_Deployment_CAPM-srv": PENDING#
#2026 04 13 19:07:04.627#Z#DEBUG#be2d3d37-376b-11f1-938a-eeee0a8c9147.OPERATION#flowable-async-job-executor-thread-20369#
[StageAppStep] Getting application guid "BTP_CI_CD_Deployment_CAPM-srv"...#
#2026 04 13 19:07:04.739#Z#DEBUG#be2d3d37-376b-11f1-938a-eeee0a8c9147.OPERATION#flowable-async-job-executor-thread-20369#
Step "Stage App" finished#
#2026 04 13 19:07:04.556#Z#DEBUG#be2d3d37-376b-11f1-938a-eeee0a8c9147.OPERATION#flowable-async-job-executor-thread-16215#
[StageAppStep] Executing task "stageAppTask" of process "ddd554ee-376b-11f1-9e6c-eeee0a8074b5"...#
#2026 04 13 19:07:04.558#Z#DEBUG#be2d3d37-376b-11f1-938a-eeee0a8c9147.OPERATION#flowable-async-job-executor-thread-16215#
[StageAppStep] Application stage timeout is default one: 3,600 seconds#
#2026 04 13 19:07:04.559#Z#DEBUG#be2d3d37-376b-11f1-938a-eeee0a8c9147.OPERATION#flowable-async-job-executor-thread-16215#
[StageAppStep] Checking status of application "BTP_CI_CD_Deployment_CAPM-approuter"...#
#2026 04 13 19:07:04.559#Z#DEBUG#be2d3d37-376b-11f1-938a-eeee0a8c9147.OPERATION#flowable-async-job-executor-thread-16215#
[StageAppStep] Getting build "82d9fcf1-89e7-4bd1-9470-ea9ed6a7b51a"...#
#2026 04 13 19:07:04.597#Z#DEBUG#be2d3d37-376b-11f1-938a-eeee0a8c9147.OPERATION#flowable-async-job-executor-thread-16215#
[StageAppStep] Staging status of application "BTP_CI_CD_Deployment_CAPM-approuter": STAGED#
#2026 04 13 19:07:04.598#Z#DEBUG#be2d3d37-376b-11f1-938a-eeee0a8c9147.OPERATION#flowable-async-job-executor-thread-16215#
[StageAppStep] Getting application guid "BTP_CI_CD_Deployment_CAPM-approuter"...#
#2026 04 13 19:07:04.702#Z#DEBUG#be2d3d37-376b-11f1-938a-eeee0a8c9147.OPERATION#flowable-async-job-executor-thread-16215#
[StageAppStep] Getting build "82d9fcf1-89e7-4bd1-9470-ea9ed6a7b51a"...#
#2026 04 13 19:07:04.736#Z#DEBUG#be2d3d37-376b-11f1-938a-eeee0a8c9147.OPERATION#flowable-async-job-executor-thread-16215#
[StageAppStep] Binding droplet "deb0b174-9cf9-4b9e-8d7d-6845dd56a3a2" to application "56922c12-bbe9-4d92-96fb-99e2e7d3caea"...#
#2026 04 13 19:07:04.787#Z#INFO#be2d3d37-376b-11f1-938a-eeee0a8c9147.OPERATION#flowable-async-job-executor-thread-16215#
[StageAppStep] Application "BTP_CI_CD_Deployment_CAPM-approuter" staged#
#2026 04 13 19:07:04.795#Z#DEBUG#be2d3d37-376b-11f1-938a-eeee0a8c9147.OPERATION#flowable-async-job-executor-thread-16215#
Step "Stage App" finished#
#2026 04 13 19:07:04.836#Z#DEBUG#be2d3d37-376b-11f1-938a-eeee0a8c9147.OPERATION#flowable-async-job-executor-thread-16215#
[RestartAppStep] Executing task "startAppTask" of process "ddd554ee-376b-11f1-9e6c-eeee0a8074b5"...#
#2026 04 13 19:07:04.840#Z#DEBUG#be2d3d37-376b-11f1-938a-eeee0a8c9147.OPERATION#flowable-async-job-executor-thread-16215#
[RestartAppStep] Application start timeout is default one: 3,600 seconds#
#2026 04 13 19:07:04.911#Z#DEBUG#be2d3d37-376b-11f1-938a-eeee0a8c9147.OPERATION#flowable-async-job-executor-thread-16215#
[RestartAppStep] Getting application "BTP_CI_CD_Deployment_CAPM-approuter"...#
#2026 04 13 19:07:04.967#Z#INFO#be2d3d37-376b-11f1-938a-eeee0a8c9147.OPERATION#flowable-async-job-executor-thread-16215#
[RestartAppStep] Starting application "BTP_CI_CD_Deployment_CAPM-approuter"...#
#2026 04 13 19:07:04.973#Z#DEBUG#be2d3d37-376b-11f1-938a-eeee0a8c9147.OPERATION#flowable-async-job-executor-thread-16215#
[RestartAppStep] Starting application "BTP_CI_CD_Deployment_CAPM-approuter"...#
#2026 04 13 19:07:05.220#Z#DEBUG#be2d3d37-376b-11f1-938a-eeee0a8c9147.OPERATION#flowable-async-job-executor-thread-16215#
Step "Start App" finished#
#2026 04 13 19:07:05.569#Z#DEBUG#be2d3d37-376b-11f1-938a-eeee0a8c9147.OPERATION#flowable-async-job-executor-thread-20369#
[ExecuteTaskStep] Executing task "executeTaskTask" of process "efafcccd-376b-11f1-93f7-eeee0a99d52c"...#
#2026 04 13 19:07:05.570#Z#DEBUG#be2d3d37-376b-11f1-938a-eeee0a8c9147.OPERATION#flowable-async-job-executor-thread-20369#
[ExecuteTaskStep] Application task execution timeout is default one: 43,200 seconds#
#2026 04 13 19:07:05.573#Z#INFO#be2d3d37-376b-11f1-938a-eeee0a8c9147.OPERATION#flowable-async-job-executor-thread-20369#
[ExecuteTaskStep] Executing task "deploy-to-postgresql" on application "BTP_CI_CD_Deployment_CAPM-postgres-deployer"...#
#2026 04 13 19:07:05.579#Z#DEBUG#be2d3d37-376b-11f1-938a-eeee0a8c9147.OPERATION#flowable-async-job-executor-thread-20369#
[ExecuteTaskStep] Running task on application "BTP_CI_CD_Deployment_CAPM-postgres-deployer": {
  "name" : "deploy-to-postgresql",
  "command" : "npm start",
  "limits" : { }
}#
#2026 04 13 19:07:05.875#Z#DEBUG#be2d3d37-376b-11f1-938a-eeee0a8c9147.OPERATION#flowable-async-job-executor-thread-20369#
Step "Execute Task" finished#
#2026 04 13 19:07:14.646#Z#DEBUG#be2d3d37-376b-11f1-938a-eeee0a8c9147.OPERATION#flowable-async-job-executor-thread-14017#
[RestartAppStep] Executing task "startAppTask" of process "f5ee0170-376b-11f1-93f7-eeee0a99d52c"...#
#2026 04 13 19:07:14.651#Z#DEBUG#be2d3d37-376b-11f1-938a-eeee0a8c9147.OPERATION#flowable-async-job-executor-thread-14017#
[RestartAppStep] Application start timeout is default one: 3,600 seconds#
#2026 04 13 19:07:14.653#Z#DEBUG#be2d3d37-376b-11f1-938a-eeee0a8c9147.OPERATION#flowable-async-job-executor-thread-14017#
[RestartAppStep] Checking status of application "BTP_CI_CD_Deployment_CAPM-approuter"...#
#2026 04 13 19:07:14.653#Z#DEBUG#be2d3d37-376b-11f1-938a-eeee0a8c9147.OPERATION#flowable-async-job-executor-thread-14017#
[RestartAppStep] Getting application "BTP_CI_CD_Deployment_CAPM-approuter"...#
#2026 04 13 19:07:14.699#Z#DEBUG#be2d3d37-376b-11f1-938a-eeee0a8c9147.OPERATION#flowable-async-job-executor-thread-14017#
[RestartAppStep] Getting instances for application "BTP_CI_CD_Deployment_CAPM-approuter"...#
#2026 04 13 19:07:14.759#Z#DEBUG#be2d3d37-376b-11f1-938a-eeee0a8c9147.OPERATION#flowable-async-job-executor-thread-14017#
[RestartAppStep] Application "BTP_CI_CD_Deployment_CAPM-approuter": 0 of 1 instances running (1 starting)#
#2026 04 13 19:07:14.836#Z#DEBUG#be2d3d37-376b-11f1-938a-eeee0a8c9147.OPERATION#flowable-async-job-executor-thread-14017#
Step "Start App" finished#
#2026 04 13 19:07:14.677#Z#DEBUG#be2d3d37-376b-11f1-938a-eeee0a8c9147.OPERATION#flowable-async-job-executor-thread-20382#
[ExecuteTaskStep] Executing task "executeTaskTask" of process "efafcccd-376b-11f1-93f7-eeee0a99d52c"...#
#2026 04 13 19:07:14.679#Z#DEBUG#be2d3d37-376b-11f1-938a-eeee0a8c9147.OPERATION#flowable-async-job-executor-thread-20382#
[ExecuteTaskStep] Application task execution timeout is default one: 43,200 seconds#
#2026 04 13 19:07:14.680#Z#DEBUG#be2d3d37-376b-11f1-938a-eeee0a8c9147.OPERATION#flowable-async-job-executor-thread-20382#
[ExecuteTaskStep] Getting task "6408ffa1-9c5f-4fdc-979e-4cd8fd74e6f5"...#
#2026 04 13 19:07:14.712#Z#DEBUG#be2d3d37-376b-11f1-938a-eeee0a8c9147.OPERATION#flowable-async-job-executor-thread-20382#
[ExecuteTaskStep] Task execution status: failed#
#2026 04 13 19:07:14.713#Z#DEBUG#be2d3d37-376b-11f1-938a-eeee0a8c9147.OPERATION#flowable-async-job-executor-thread-20382#
[ExecuteTaskStep] Getting application guid "BTP_CI_CD_Deployment_CAPM-postgres-deployer"...#
#2026 04 13 19:07:14.842#Z#ERROR#be2d3d37-376b-11f1-938a-eeee0a8c9147.OPERATION#flowable-async-job-executor-thread-20382#
[ExecuteTaskStep] Execution of task "deploy-to-postgresql" on application "BTP_CI_CD_Deployment_CAPM-postgres-deployer" failed.
Download the application logs via the dmol command and check them for more information.#
#2026 04 13 19:07:14.848#Z#ERROR#be2d3d37-376b-11f1-938a-eeee0a8c9147.OPERATION#flowable-async-job-executor-thread-20382#
Exception caught#
org.cloudfoundry.multiapps.common.SLException: A step of the process has failed. Retrying it may solve the issue.
	at org.cloudfoundry.multiapps.controller.process.steps.SyncFlowableStep.executeInternal(SyncFlowableStep.java:83)
	at org.cloudfoundry.multiapps.controller.process.steps.SyncFlowableStep.lambda$execute$0(SyncFlowableStep.java:71)
	at org.cloudfoundry.multiapps.controller.core.util.LoggingUtil.logWithCorrelationId(LoggingUtil.java:14)
	at org.cloudfoundry.multiapps.controller.process.steps.SyncFlowableStep.execute(SyncFlowableStep.java:71)
	at org.flowable.engine.impl.delegate.invocation.JavaDelegateInvocation.invoke(JavaDelegateInvocation.java:35)
	at org.flowable.engine.impl.delegate.invocation.DelegateInvocation.proceed(DelegateInvocation.java:32)
	at org.flowable.engine.impl.delegate.invocation.DefaultDelegateInterceptor.handleInvocation(DefaultDelegateInterceptor.java:26)
	at org.flowable.engine.impl.bpmn.behavior.ServiceTaskDelegateExpressionActivityBehavior.execute(ServiceTaskDelegateExpressionActivityBehavior.java:177)
	at org.flowable.engine.impl.agenda.ContinueProcessOperation.executeActivityBehavior(ContinueProcessOperation.java:298)
	at org.flowable.engine.impl.agenda.ContinueProcessOperation.executeSynchronous(ContinueProcessOperation.java:175)
	at org.flowable.engine.impl.agenda.ContinueProcessOperation.continueThroughFlowNode(ContinueProcessOperation.java:125)
	at org.flowable.engine.impl.agenda.ContinueProcessOperation.run(ContinueProcessOperation.java:88)
	at org.flowable.common.engine.impl.AbstractEngineConfiguration.lambda$new$0(AbstractEngineConfiguration.java:198)
	at org.flowable.engine.impl.interceptor.CommandInvoker.executeOperation(CommandInvoker.java:189)
	at org.flowable.engine.impl.interceptor.CommandInvoker.executeOperations(CommandInvoker.java:128)
	at org.flowable.engine.impl.interceptor.CommandInvoker.execute(CommandInvoker.java:80)
	at org.flowable.engine.impl.interceptor.BpmnOverrideContextInterceptor.execute(BpmnOverrideContextInterceptor.java:26)
	at org.flowable.common.engine.impl.interceptor.TransactionContextInterceptor.execute(TransactionContextInterceptor.java:53)
	at org.flowable.common.engine.impl.interceptor.CommandContextInterceptor.execute(CommandContextInterceptor.java:105)
	at org.flowable.common.spring.SpringTransactionInterceptor.lambda$execute$0(SpringTransactionInterceptor.java:57)
	at org.springframework.transaction.support.TransactionTemplate.execute(TransactionTemplate.java:140)
	at org.flowable.common.spring.SpringTransactionInterceptor.execute(SpringTransactionInterceptor.java:57)
	at org.flowable.common.engine.impl.interceptor.LogInterceptor.execute(LogInterceptor.java:30)
	at org.flowable.common.engine.impl.cfg.CommandExecutorImpl.execute(CommandExecutorImpl.java:56)
	at org.flowable.common.engine.impl.cfg.CommandExecutorImpl.execute(CommandExecutorImpl.java:51)
	at org.flowable.job.service.impl.asyncexecutor.ExecuteAsyncRunnable.handleTransactionalJob(ExecuteAsyncRunnable.java:177)
	at org.flowable.job.service.impl.asyncexecutor.ExecuteAsyncRunnable.executeJob(ExecuteAsyncRunnable.java:146)
	at org.flowable.job.service.impl.asyncexecutor.ExecuteAsyncRunnable.runInternally(ExecuteAsyncRunnable.java:122)
	at org.flowable.job.service.impl.asyncexecutor.ExecuteAsyncRunnable.run(ExecuteAsyncRunnable.java:96)
	at java.base/java.util.concurrent.ThreadPoolExecutor.runWorker(ThreadPoolExecutor.java:1090)
	at java.base/java.util.concurrent.ThreadPoolExecutor$Worker.run(ThreadPoolExecutor.java:614)
	at java.base/java.lang.Thread.run(Thread.java:1474)
#2026 04 13 19:07:14.855#Z#DEBUG#be2d3d37-376b-11f1-938a-eeee0a8c9147.OPERATION#flowable-async-job-executor-thread-20382#
Step "Execute Task" finished#
#2026 04 13 19:07:14.675#Z#DEBUG#be2d3d37-376b-11f1-938a-eeee0a8c9147.OPERATION#flowable-async-job-executor-thread-20381#
[StageAppStep] Executing task "stageAppTask" of process "e41a8e50-376b-11f1-93f7-eeee0a99d52c"...#
#2026 04 13 19:07:14.677#Z#DEBUG#be2d3d37-376b-11f1-938a-eeee0a8c9147.OPERATION#flowable-async-job-executor-thread-20381#
[StageAppStep] Application stage timeout is default one: 3,600 seconds#
#2026 04 13 19:07:14.678#Z#DEBUG#be2d3d37-376b-11f1-938a-eeee0a8c9147.OPERATION#flowable-async-job-executor-thread-20381#
[StageAppStep] Checking status of application "BTP_CI_CD_Deployment_CAPM-srv"...#
#2026 04 13 19:07:14.678#Z#DEBUG#be2d3d37-376b-11f1-938a-eeee0a8c9147.OPERATION#flowable-async-job-executor-thread-20381#
[StageAppStep] Getting build "9e3e2121-eb7a-4239-b865-01db7e21e2b9"...#
#2026 04 13 19:07:14.713#Z#DEBUG#be2d3d37-376b-11f1-938a-eeee0a8c9147.OPERATION#flowable-async-job-executor-thread-20381#
[StageAppStep] Staging status of application "BTP_CI_CD_Deployment_CAPM-srv": STAGED#
#2026 04 13 19:07:14.714#Z#DEBUG#be2d3d37-376b-11f1-938a-eeee0a8c9147.OPERATION#flowable-async-job-executor-thread-20381#
[StageAppStep] Getting application guid "BTP_CI_CD_Deployment_CAPM-srv"...#
#2026 04 13 19:07:14.840#Z#DEBUG#be2d3d37-376b-11f1-938a-eeee0a8c9147.OPERATION#flowable-async-job-executor-thread-20381#
[StageAppStep] Getting build "9e3e2121-eb7a-4239-b865-01db7e21e2b9"...#
#2026 04 13 19:07:14.875#Z#DEBUG#be2d3d37-376b-11f1-938a-eeee0a8c9147.OPERATION#flowable-async-job-executor-thread-20381#
[StageAppStep] Binding droplet "9e64dc60-5e7b-415f-9a70-2ceb2ed34909" to application "7698ddb5-9928-4464-8f91-f365800fe760"...#
#2026 04 13 19:07:14.940#Z#INFO#be2d3d37-376b-11f1-938a-eeee0a8c9147.OPERATION#flowable-async-job-executor-thread-20381#
[StageAppStep] Application "BTP_CI_CD_Deployment_CAPM-srv" staged#
#2026 04 13 19:07:14.947#Z#DEBUG#be2d3d37-376b-11f1-938a-eeee0a8c9147.OPERATION#flowable-async-job-executor-thread-20381#
Step "Stage App" finished#
#2026 04 13 19:07:14.979#Z#DEBUG#be2d3d37-376b-11f1-938a-eeee0a8c9147.OPERATION#flowable-async-job-executor-thread-20381#
[RestartAppStep] Executing task "startAppTask" of process "e41a8e50-376b-11f1-93f7-eeee0a99d52c"...#
#2026 04 13 19:07:14.982#Z#DEBUG#be2d3d37-376b-11f1-938a-eeee0a8c9147.OPERATION#flowable-async-job-executor-thread-20381#
[RestartAppStep] Application start timeout is default one: 3,600 seconds#
#2026 04 13 19:07:15.061#Z#DEBUG#be2d3d37-376b-11f1-938a-eeee0a8c9147.OPERATION#flowable-async-job-executor-thread-20381#
[RestartAppStep] Getting application "BTP_CI_CD_Deployment_CAPM-srv"...#
#2026 04 13 19:07:15.128#Z#INFO#be2d3d37-376b-11f1-938a-eeee0a8c9147.OPERATION#flowable-async-job-executor-thread-20381#
[RestartAppStep] Starting application "BTP_CI_CD_Deployment_CAPM-srv"...#
#2026 04 13 19:07:15.135#Z#DEBUG#be2d3d37-376b-11f1-938a-eeee0a8c9147.OPERATION#flowable-async-job-executor-thread-20381#
[RestartAppStep] Starting application "BTP_CI_CD_Deployment_CAPM-srv"...#
#2026 04 13 19:07:15.734#Z#DEBUG#be2d3d37-376b-11f1-938a-eeee0a8c9147.OPERATION#flowable-async-job-executor-thread-20381#
Step "Start App" finished#
#2026 04 13 19:07:17.794#Z#DEBUG#be2d3d37-376b-11f1-938a-eeee0a8c9147.OPERATION#flowable-async-job-executor-thread-20379#
[ExecuteTaskStep] Executing task "executeTaskTask" of process "efafcccd-376b-11f1-93f7-eeee0a99d52c"...#
#2026 04 13 19:07:17.796#Z#DEBUG#be2d3d37-376b-11f1-938a-eeee0a8c9147.OPERATION#flowable-async-job-executor-thread-20379#
[ExecuteTaskStep] Application task execution timeout is default one: 43,200 seconds#
#2026 04 13 19:07:17.798#Z#INFO#be2d3d37-376b-11f1-938a-eeee0a8c9147.OPERATION#flowable-async-job-executor-thread-20379#
[ExecuteTaskStep] Executing task "deploy-to-postgresql" on application "BTP_CI_CD_Deployment_CAPM-postgres-deployer"...#
#2026 04 13 19:07:17.802#Z#DEBUG#be2d3d37-376b-11f1-938a-eeee0a8c9147.OPERATION#flowable-async-job-executor-thread-20379#
[ExecuteTaskStep] Running task on application "BTP_CI_CD_Deployment_CAPM-postgres-deployer": {
  "name" : "deploy-to-postgresql",
  "command" : "npm start",
  "limits" : { }
}#
#2026 04 13 19:07:18.119#Z#DEBUG#be2d3d37-376b-11f1-938a-eeee0a8c9147.OPERATION#flowable-async-job-executor-thread-20379#
Step "Execute Task" finished#
#2026 04 13 19:07:24.732#Z#DEBUG#be2d3d37-376b-11f1-938a-eeee0a8c9147.OPERATION#flowable-async-job-executor-thread-20389#
[ExecuteTaskStep] Executing task "executeTaskTask" of process "efafcccd-376b-11f1-93f7-eeee0a99d52c"...#
#2026 04 13 19:07:24.734#Z#DEBUG#be2d3d37-376b-11f1-938a-eeee0a8c9147.OPERATION#flowable-async-job-executor-thread-20389#
[ExecuteTaskStep] Application task execution timeout is default one: 43,200 seconds#
#2026 04 13 19:07:24.735#Z#DEBUG#be2d3d37-376b-11f1-938a-eeee0a8c9147.OPERATION#flowable-async-job-executor-thread-20389#
[ExecuteTaskStep] Getting task "edf39563-0ed8-426b-a517-9dc0197449d3"...#
#2026 04 13 19:07:24.770#Z#DEBUG#be2d3d37-376b-11f1-938a-eeee0a8c9147.OPERATION#flowable-async-job-executor-thread-20389#
[ExecuteTaskStep] Task execution status: running#
#2026 04 13 19:07:24.771#Z#DEBUG#be2d3d37-376b-11f1-938a-eeee0a8c9147.OPERATION#flowable-async-job-executor-thread-20389#
[ExecuteTaskStep] Getting application guid "BTP_CI_CD_Deployment_CAPM-postgres-deployer"...#
#2026 04 13 19:07:24.931#Z#DEBUG#be2d3d37-376b-11f1-938a-eeee0a8c9147.OPERATION#flowable-async-job-executor-thread-20389#
Step "Execute Task" finished#
#2026 04 13 19:07:24.789#Z#DEBUG#be2d3d37-376b-11f1-938a-eeee0a8c9147.OPERATION#flowable-async-job-executor-thread-16222#
[RestartAppStep] Executing task "startAppTask" of process "fba9e5e0-376b-11f1-938a-eeee0a8c9147"...#
#2026 04 13 19:07:24.792#Z#DEBUG#be2d3d37-376b-11f1-938a-eeee0a8c9147.OPERATION#flowable-async-job-executor-thread-16222#
[RestartAppStep] Application start timeout is default one: 3,600 seconds#
#2026 04 13 19:07:24.794#Z#DEBUG#be2d3d37-376b-11f1-938a-eeee0a8c9147.OPERATION#flowable-async-job-executor-thread-16222#
[RestartAppStep] Checking status of application "BTP_CI_CD_Deployment_CAPM-approuter"...#
#2026 04 13 19:07:24.796#Z#DEBUG#be2d3d37-376b-11f1-938a-eeee0a8c9147.OPERATION#flowable-async-job-executor-thread-16222#
[RestartAppStep] Getting instances for application "BTP_CI_CD_Deployment_CAPM-approuter"...#
#2026 04 13 19:07:24.841#Z#DEBUG#be2d3d37-376b-11f1-938a-eeee0a8c9147.OPERATION#flowable-async-job-executor-thread-16222#
[RestartAppStep] Application "BTP_CI_CD_Deployment_CAPM-approuter": 1 of 1 instances running (1 running)#
#2026 04 13 19:07:24.878#Z#DEBUG#be2d3d37-376b-11f1-938a-eeee0a8c9147.OPERATION#flowable-async-job-executor-thread-16222#
[RestartAppStep] Getting routes for application "56922c12-bbe9-4d92-96fb-99e2e7d3caea"...#
#2026 04 13 19:07:24.922#Z#INFO#be2d3d37-376b-11f1-938a-eeee0a8c9147.OPERATION#flowable-async-job-executor-thread-16222#
[RestartAppStep] Application "BTP_CI_CD_Deployment_CAPM-approuter" started and available at "582fef10trial-dev-btp-ci-cd-deployment-capm-approuter.cfapps.us10-001.hana.ondemand.com"#
#2026 04 13 19:07:24.933#Z#DEBUG#be2d3d37-376b-11f1-938a-eeee0a8c9147.OPERATION#flowable-async-job-executor-thread-16222#
Step "Start App" finished#
#2026 04 13 19:07:24.746#Z#DEBUG#be2d3d37-376b-11f1-938a-eeee0a8c9147.OPERATION#flowable-async-job-executor-thread-20386#
[RestartAppStep] Executing task "startAppTask" of process "fc3228e5-376b-11f1-9e6c-eeee0a8074b5"...#
#2026 04 13 19:07:24.749#Z#DEBUG#be2d3d37-376b-11f1-938a-eeee0a8c9147.OPERATION#flowable-async-job-executor-thread-20386#
[RestartAppStep] Application start timeout is default one: 3,600 seconds#
#2026 04 13 19:07:24.751#Z#DEBUG#be2d3d37-376b-11f1-938a-eeee0a8c9147.OPERATION#flowable-async-job-executor-thread-20386#
[RestartAppStep] Checking status of application "BTP_CI_CD_Deployment_CAPM-srv"...#
#2026 04 13 19:07:24.751#Z#DEBUG#be2d3d37-376b-11f1-938a-eeee0a8c9147.OPERATION#flowable-async-job-executor-thread-20386#
[RestartAppStep] Getting application "BTP_CI_CD_Deployment_CAPM-srv"...#
#2026 04 13 19:07:24.807#Z#DEBUG#be2d3d37-376b-11f1-938a-eeee0a8c9147.OPERATION#flowable-async-job-executor-thread-20386#
[RestartAppStep] Getting instances for application "BTP_CI_CD_Deployment_CAPM-srv"...#
#2026 04 13 19:07:24.879#Z#DEBUG#be2d3d37-376b-11f1-938a-eeee0a8c9147.OPERATION#flowable-async-job-executor-thread-20386#
[RestartAppStep] Application "BTP_CI_CD_Deployment_CAPM-srv": 0 of 1 instances running (1 starting)#
#2026 04 13 19:07:24.943#Z#DEBUG#be2d3d37-376b-11f1-938a-eeee0a8c9147.OPERATION#flowable-async-job-executor-thread-20386#
Step "Start App" finished#
#2026 04 13 19:07:34.923#Z#DEBUG#be2d3d37-376b-11f1-938a-eeee0a8c9147.OPERATION#flowable-async-job-executor-thread-16237#
[RestartAppStep] Executing task "startAppTask" of process "01adf7ea-376c-11f1-93f7-eeee0a99d52c"...#
#2026 04 13 19:07:34.926#Z#DEBUG#be2d3d37-376b-11f1-938a-eeee0a8c9147.OPERATION#flowable-async-job-executor-thread-16237#
[RestartAppStep] Application start timeout is default one: 3,600 seconds#
#2026 04 13 19:07:34.928#Z#DEBUG#be2d3d37-376b-11f1-938a-eeee0a8c9147.OPERATION#flowable-async-job-executor-thread-16237#
Step "Start App" finished#
#2026 04 13 19:07:34.834#Z#DEBUG#be2d3d37-376b-11f1-938a-eeee0a8c9147.OPERATION#flowable-async-job-executor-thread-20395#
[RestartAppStep] Executing task "startAppTask" of process "01afcc6a-376c-11f1-9e6c-eeee0a8074b5"...#
#2026 04 13 19:07:34.840#Z#DEBUG#be2d3d37-376b-11f1-938a-eeee0a8c9147.OPERATION#flowable-async-job-executor-thread-20395#
[RestartAppStep] Application start timeout is default one: 3,600 seconds#
#2026 04 13 19:07:34.841#Z#DEBUG#be2d3d37-376b-11f1-938a-eeee0a8c9147.OPERATION#flowable-async-job-executor-thread-20395#
[RestartAppStep] Checking status of application "BTP_CI_CD_Deployment_CAPM-srv"...#
#2026 04 13 19:07:34.842#Z#DEBUG#be2d3d37-376b-11f1-938a-eeee0a8c9147.OPERATION#flowable-async-job-executor-thread-20395#
[RestartAppStep] Getting instances for application "BTP_CI_CD_Deployment_CAPM-srv"...#
#2026 04 13 19:07:34.907#Z#DEBUG#be2d3d37-376b-11f1-938a-eeee0a8c9147.OPERATION#flowable-async-job-executor-thread-20395#
[RestartAppStep] Application "BTP_CI_CD_Deployment_CAPM-srv": 1 of 1 instances running (1 running)#
#2026 04 13 19:07:34.952#Z#DEBUG#be2d3d37-376b-11f1-938a-eeee0a8c9147.OPERATION#flowable-async-job-executor-thread-20395#
[RestartAppStep] Getting routes for application "7698ddb5-9928-4464-8f91-f365800fe760"...#
#2026 04 13 19:07:35.004#Z#INFO#be2d3d37-376b-11f1-938a-eeee0a8c9147.OPERATION#flowable-async-job-executor-thread-20395#
[RestartAppStep] Application "BTP_CI_CD_Deployment_CAPM-srv" started and available at "582fef10trial-dev-btp-ci-cd-deployment-capm-srv.cfapps.us10-001.hana.ondemand.com"#
#2026 04 13 19:07:35.011#Z#DEBUG#be2d3d37-376b-11f1-938a-eeee0a8c9147.OPERATION#flowable-async-job-executor-thread-20395#
Step "Start App" finished#
#2026 04 13 19:07:35.014#Z#DEBUG#be2d3d37-376b-11f1-938a-eeee0a8c9147.OPERATION#flowable-async-job-executor-thread-16237#
[PrepareToExecuteTasksStep] Executing task "prepareToExecuteTasksTask" of process "07a95709-376c-11f1-93f7-eeee0a99d52c"...#
#2026 04 13 19:07:35.016#Z#DEBUG#be2d3d37-376b-11f1-938a-eeee0a8c9147.OPERATION#flowable-async-job-executor-thread-16237#
Step "Prepare To Execute Tasks" finished#
#2026 04 13 19:07:35.091#Z#DEBUG#be2d3d37-376b-11f1-938a-eeee0a8c9147.OPERATION#flowable-async-job-executor-thread-16237#
[PublishConfigurationEntriesStep] Executing task "publishProvidedDependenciesTask" of process "07a31556-376c-11f1-93f7-eeee0a99d52c"...#
#2026 04 13 19:07:35.092#Z#DEBUG#be2d3d37-376b-11f1-938a-eeee0a8c9147.OPERATION#flowable-async-job-executor-thread-16237#
[PublishConfigurationEntriesStep] Publishing public provided dependencies for application "BTP_CI_CD_Deployment_CAPM-approuter"...#
#2026 04 13 19:07:35.094#Z#DEBUG#be2d3d37-376b-11f1-938a-eeee0a8c9147.OPERATION#flowable-async-job-executor-thread-16237#
[PublishConfigurationEntriesStep] No public provided dependencies for publishing#
#2026 04 13 19:07:35.094#Z#DEBUG#be2d3d37-376b-11f1-938a-eeee0a8c9147.OPERATION#flowable-async-job-executor-thread-16237#
Step "Publish Provided Dependencies" finished#
#2026 04 13 19:07:34.944#Z#DEBUG#be2d3d37-376b-11f1-938a-eeee0a8c9147.OPERATION#flowable-async-job-executor-thread-20398#
[ExecuteTaskStep] Executing task "executeTaskTask" of process "efafcccd-376b-11f1-93f7-eeee0a99d52c"...#
#2026 04 13 19:07:34.946#Z#DEBUG#be2d3d37-376b-11f1-938a-eeee0a8c9147.OPERATION#flowable-async-job-executor-thread-20398#
[ExecuteTaskStep] Application task execution timeout is default one: 43,200 seconds#
#2026 04 13 19:07:34.948#Z#DEBUG#be2d3d37-376b-11f1-938a-eeee0a8c9147.OPERATION#flowable-async-job-executor-thread-20398#
[ExecuteTaskStep] Getting task "edf39563-0ed8-426b-a517-9dc0197449d3"...#
#2026 04 13 19:07:34.987#Z#DEBUG#be2d3d37-376b-11f1-938a-eeee0a8c9147.OPERATION#flowable-async-job-executor-thread-20398#
[ExecuteTaskStep] Task execution status: failed#
#2026 04 13 19:07:34.989#Z#DEBUG#be2d3d37-376b-11f1-938a-eeee0a8c9147.OPERATION#flowable-async-job-executor-thread-20398#
[ExecuteTaskStep] Getting application guid "BTP_CI_CD_Deployment_CAPM-postgres-deployer"...#
#2026 04 13 19:07:35.115#Z#ERROR#be2d3d37-376b-11f1-938a-eeee0a8c9147.OPERATION#flowable-async-job-executor-thread-20398#
[ExecuteTaskStep] Execution of task "deploy-to-postgresql" on application "BTP_CI_CD_Deployment_CAPM-postgres-deployer" failed.
Download the application logs via the dmol command and check them for more information.#
#2026 04 13 19:07:35.123#Z#ERROR#be2d3d37-376b-11f1-938a-eeee0a8c9147.OPERATION#flowable-async-job-executor-thread-20398#
Exception caught#
org.cloudfoundry.multiapps.common.SLException: A step of the process has failed. Retrying it may solve the issue.
	at org.cloudfoundry.multiapps.controller.process.steps.SyncFlowableStep.executeInternal(SyncFlowableStep.java:83)
	at org.cloudfoundry.multiapps.controller.process.steps.SyncFlowableStep.lambda$execute$0(SyncFlowableStep.java:71)
	at org.cloudfoundry.multiapps.controller.core.util.LoggingUtil.logWithCorrelationId(LoggingUtil.java:14)
	at org.cloudfoundry.multiapps.controller.process.steps.SyncFlowableStep.execute(SyncFlowableStep.java:71)
	at org.flowable.engine.impl.delegate.invocation.JavaDelegateInvocation.invoke(JavaDelegateInvocation.java:35)
	at org.flowable.engine.impl.delegate.invocation.DelegateInvocation.proceed(DelegateInvocation.java:32)
	at org.flowable.engine.impl.delegate.invocation.DefaultDelegateInterceptor.handleInvocation(DefaultDelegateInterceptor.java:26)
	at org.flowable.engine.impl.bpmn.behavior.ServiceTaskDelegateExpressionActivityBehavior.execute(ServiceTaskDelegateExpressionActivityBehavior.java:177)
	at org.flowable.engine.impl.agenda.ContinueProcessOperation.executeActivityBehavior(ContinueProcessOperation.java:298)
	at org.flowable.engine.impl.agenda.ContinueProcessOperation.executeSynchronous(ContinueProcessOperation.java:175)
	at org.flowable.engine.impl.agenda.ContinueProcessOperation.continueThroughFlowNode(ContinueProcessOperation.java:125)
	at org.flowable.engine.impl.agenda.ContinueProcessOperation.run(ContinueProcessOperation.java:88)
	at org.flowable.common.engine.impl.AbstractEngineConfiguration.lambda$new$0(AbstractEngineConfiguration.java:198)
	at org.flowable.engine.impl.interceptor.CommandInvoker.executeOperation(CommandInvoker.java:189)
	at org.flowable.engine.impl.interceptor.CommandInvoker.executeOperations(CommandInvoker.java:128)
	at org.flowable.engine.impl.interceptor.CommandInvoker.execute(CommandInvoker.java:80)
	at org.flowable.engine.impl.interceptor.BpmnOverrideContextInterceptor.execute(BpmnOverrideContextInterceptor.java:26)
	at org.flowable.common.engine.impl.interceptor.TransactionContextInterceptor.execute(TransactionContextInterceptor.java:53)
	at org.flowable.common.engine.impl.interceptor.CommandContextInterceptor.execute(CommandContextInterceptor.java:105)
	at org.flowable.common.spring.SpringTransactionInterceptor.lambda$execute$0(SpringTransactionInterceptor.java:57)
	at org.springframework.transaction.support.TransactionTemplate.execute(TransactionTemplate.java:140)
	at org.flowable.common.spring.SpringTransactionInterceptor.execute(SpringTransactionInterceptor.java:57)
	at org.flowable.common.engine.impl.interceptor.LogInterceptor.execute(LogInterceptor.java:30)
	at org.flowable.common.engine.impl.cfg.CommandExecutorImpl.execute(CommandExecutorImpl.java:56)
	at org.flowable.common.engine.impl.cfg.CommandExecutorImpl.execute(CommandExecutorImpl.java:51)
	at org.flowable.job.service.impl.asyncexecutor.ExecuteAsyncRunnable.handleTransactionalJob(ExecuteAsyncRunnable.java:177)
	at org.flowable.job.service.impl.asyncexecutor.ExecuteAsyncRunnable.executeJob(ExecuteAsyncRunnable.java:146)
	at org.flowable.job.service.impl.asyncexecutor.ExecuteAsyncRunnable.runInternally(ExecuteAsyncRunnable.java:122)
	at org.flowable.job.service.impl.asyncexecutor.ExecuteAsyncRunnable.run(ExecuteAsyncRunnable.java:96)
	at java.base/java.util.concurrent.ThreadPoolExecutor.runWorker(ThreadPoolExecutor.java:1090)
	at java.base/java.util.concurrent.ThreadPoolExecutor$Worker.run(ThreadPoolExecutor.java:614)
	at java.base/java.lang.Thread.run(Thread.java:1474)
#2026 04 13 19:07:35.131#Z#DEBUG#be2d3d37-376b-11f1-938a-eeee0a8c9147.OPERATION#flowable-async-job-executor-thread-20398#
Step "Execute Task" finished#
#2026 04 13 19:07:35.131#Z#DEBUG#be2d3d37-376b-11f1-938a-eeee0a8c9147.OPERATION#flowable-async-job-executor-thread-16237#
[CreateOrUpdateServiceBrokerStep] Executing task "createOrUpdateServiceBrokerTask" of process "07a31556-376c-11f1-93f7-eeee0a99d52c"...#
#2026 04 13 19:07:35.134#Z#DEBUG#be2d3d37-376b-11f1-938a-eeee0a8c9147.OPERATION#flowable-async-job-executor-thread-16237#
[CreateOrUpdateServiceBrokerStep] Creating service brokers...#
#2026 04 13 19:07:35.136#Z#DEBUG#be2d3d37-376b-11f1-938a-eeee0a8c9147.OPERATION#flowable-async-job-executor-thread-16237#
Step "Create Or Update Service Broker " finished#
#2026 04 13 19:07:36.051#Z#DEBUG#be2d3d37-376b-11f1-938a-eeee0a8c9147.OPERATION#flowable-async-job-executor-thread-20398#
[ExecuteTaskStep] Executing task "executeTaskTask" of process "efafcccd-376b-11f1-93f7-eeee0a99d52c"...#
#2026 04 13 19:07:36.053#Z#DEBUG#be2d3d37-376b-11f1-938a-eeee0a8c9147.OPERATION#flowable-async-job-executor-thread-20398#
[ExecuteTaskStep] Application task execution timeout is default one: 43,200 seconds#
#2026 04 13 19:07:36.126#Z#INFO#be2d3d37-376b-11f1-938a-eeee0a8c9147.OPERATION#flowable-async-job-executor-thread-20398#
[ExecuteTaskStep] Executing task "deploy-to-postgresql" on application "BTP_CI_CD_Deployment_CAPM-postgres-deployer"...#
#2026 04 13 19:07:36.130#Z#DEBUG#be2d3d37-376b-11f1-938a-eeee0a8c9147.OPERATION#flowable-async-job-executor-thread-20398#
[ExecuteTaskStep] Running task on application "BTP_CI_CD_Deployment_CAPM-postgres-deployer": {
  "name" : "deploy-to-postgresql",
  "command" : "npm start",
  "limits" : { }
}#
#2026 04 13 19:07:36.488#Z#DEBUG#be2d3d37-376b-11f1-938a-eeee0a8c9147.OPERATION#flowable-async-job-executor-thread-20398#
Step "Execute Task" finished#
#2026 04 13 19:07:44.943#Z#DEBUG#be2d3d37-376b-11f1-938a-eeee0a8c9147.OPERATION#flowable-async-job-executor-thread-20403#
[RestartAppStep] Executing task "startAppTask" of process "07af98ac-376c-11f1-9e6c-eeee0a8074b5"...#
#2026 04 13 19:07:44.946#Z#DEBUG#be2d3d37-376b-11f1-938a-eeee0a8c9147.OPERATION#flowable-async-job-executor-thread-20403#
[RestartAppStep] Application start timeout is default one: 3,600 seconds#
#2026 04 13 19:07:44.949#Z#DEBUG#be2d3d37-376b-11f1-938a-eeee0a8c9147.OPERATION#flowable-async-job-executor-thread-20403#
Step "Start App" finished#
#2026 04 13 19:07:45.007#Z#DEBUG#be2d3d37-376b-11f1-938a-eeee0a8c9147.OPERATION#flowable-async-job-executor-thread-20403#
[ExecuteTaskStep] Executing task "executeTaskTask" of process "efafcccd-376b-11f1-93f7-eeee0a99d52c"...#
#2026 04 13 19:07:45.013#Z#DEBUG#be2d3d37-376b-11f1-938a-eeee0a8c9147.OPERATION#flowable-async-job-executor-thread-20403#
[ExecuteTaskStep] Application task execution timeout is default one: 43,200 seconds#
#2026 04 13 19:07:45.015#Z#DEBUG#be2d3d37-376b-11f1-938a-eeee0a8c9147.OPERATION#flowable-async-job-executor-thread-20403#
[ExecuteTaskStep] Getting task "9523588e-2bc4-426a-8dab-bd3c7436f810"...#
#2026 04 13 19:07:45.053#Z#DEBUG#be2d3d37-376b-11f1-938a-eeee0a8c9147.OPERATION#flowable-async-job-executor-thread-20403#
[ExecuteTaskStep] Task execution status: running#
#2026 04 13 19:07:45.054#Z#DEBUG#be2d3d37-376b-11f1-938a-eeee0a8c9147.OPERATION#flowable-async-job-executor-thread-20403#
[ExecuteTaskStep] Getting application guid "BTP_CI_CD_Deployment_CAPM-postgres-deployer"...#
#2026 04 13 19:07:45.184#Z#DEBUG#be2d3d37-376b-11f1-938a-eeee0a8c9147.OPERATION#flowable-async-job-executor-thread-20403#
Step "Execute Task" finished#
#2026 04 13 19:07:45.206#Z#DEBUG#be2d3d37-376b-11f1-938a-eeee0a8c9147.OPERATION#flowable-async-job-executor-thread-20399#
[PrepareToExecuteTasksStep] Executing task "prepareToExecuteTasksTask" of process "0da8ade3-376c-11f1-9e6c-eeee0a8074b5"...#
#2026 04 13 19:07:45.208#Z#DEBUG#be2d3d37-376b-11f1-938a-eeee0a8c9147.OPERATION#flowable-async-job-executor-thread-20399#
Step "Prepare To Execute Tasks" finished#
#2026 04 13 19:07:45.280#Z#DEBUG#be2d3d37-376b-11f1-938a-eeee0a8c9147.OPERATION#flowable-async-job-executor-thread-20399#
[PublishConfigurationEntriesStep] Executing task "publishProvidedDependenciesTask" of process "0d9ceedc-376c-11f1-9e6c-eeee0a8074b5"...#
#2026 04 13 19:07:45.281#Z#DEBUG#be2d3d37-376b-11f1-938a-eeee0a8c9147.OPERATION#flowable-async-job-executor-thread-20399#
[PublishConfigurationEntriesStep] Publishing public provided dependencies for application "BTP_CI_CD_Deployment_CAPM-srv"...#
#2026 04 13 19:07:45.283#Z#DEBUG#be2d3d37-376b-11f1-938a-eeee0a8c9147.OPERATION#flowable-async-job-executor-thread-20399#
[PublishConfigurationEntriesStep] No public provided dependencies for publishing#
#2026 04 13 19:07:45.283#Z#DEBUG#be2d3d37-376b-11f1-938a-eeee0a8c9147.OPERATION#flowable-async-job-executor-thread-20399#
Step "Publish Provided Dependencies" finished#
#2026 04 13 19:07:45.314#Z#DEBUG#be2d3d37-376b-11f1-938a-eeee0a8c9147.OPERATION#flowable-async-job-executor-thread-20399#
[CreateOrUpdateServiceBrokerStep] Executing task "createOrUpdateServiceBrokerTask" of process "0d9ceedc-376c-11f1-9e6c-eeee0a8074b5"...#
#2026 04 13 19:07:45.316#Z#DEBUG#be2d3d37-376b-11f1-938a-eeee0a8c9147.OPERATION#flowable-async-job-executor-thread-20399#
[CreateOrUpdateServiceBrokerStep] Creating service brokers...#
#2026 04 13 19:07:45.317#Z#DEBUG#be2d3d37-376b-11f1-938a-eeee0a8c9147.OPERATION#flowable-async-job-executor-thread-20399#
Step "Create Or Update Service Broker " finished#
#2026 04 13 19:07:55.082#Z#DEBUG#be2d3d37-376b-11f1-938a-eeee0a8c9147.OPERATION#flowable-async-job-executor-thread-16251#
[ExecuteTaskStep] Executing task "executeTaskTask" of process "efafcccd-376b-11f1-93f7-eeee0a99d52c"...#
#2026 04 13 19:07:55.084#Z#DEBUG#be2d3d37-376b-11f1-938a-eeee0a8c9147.OPERATION#flowable-async-job-executor-thread-16251#
[ExecuteTaskStep] Application task execution timeout is default one: 43,200 seconds#
#2026 04 13 19:07:55.087#Z#DEBUG#be2d3d37-376b-11f1-938a-eeee0a8c9147.OPERATION#flowable-async-job-executor-thread-16251#
[ExecuteTaskStep] Getting task "9523588e-2bc4-426a-8dab-bd3c7436f810"...#
#2026 04 13 19:07:55.118#Z#DEBUG#be2d3d37-376b-11f1-938a-eeee0a8c9147.OPERATION#flowable-async-job-executor-thread-16251#
[ExecuteTaskStep] Task execution status: failed#
#2026 04 13 19:07:55.120#Z#DEBUG#be2d3d37-376b-11f1-938a-eeee0a8c9147.OPERATION#flowable-async-job-executor-thread-16251#
[ExecuteTaskStep] Getting application guid "BTP_CI_CD_Deployment_CAPM-postgres-deployer"...#
#2026 04 13 19:07:55.215#Z#ERROR#be2d3d37-376b-11f1-938a-eeee0a8c9147.OPERATION#flowable-async-job-executor-thread-16251#
[ExecuteTaskStep] Execution of task "deploy-to-postgresql" on application "BTP_CI_CD_Deployment_CAPM-postgres-deployer" failed.
Download the application logs via the dmol command and check them for more information.#
#2026 04 13 19:07:55.222#Z#ERROR#be2d3d37-376b-11f1-938a-eeee0a8c9147.OPERATION#flowable-async-job-executor-thread-16251#
Exception caught#
org.cloudfoundry.multiapps.common.SLException: A step of the process has failed. Retrying it may solve the issue.
	at org.cloudfoundry.multiapps.controller.process.steps.SyncFlowableStep.executeInternal(SyncFlowableStep.java:83)
	at org.cloudfoundry.multiapps.controller.process.steps.SyncFlowableStep.lambda$execute$0(SyncFlowableStep.java:71)
	at org.cloudfoundry.multiapps.controller.core.util.LoggingUtil.logWithCorrelationId(LoggingUtil.java:14)
	at org.cloudfoundry.multiapps.controller.process.steps.SyncFlowableStep.execute(SyncFlowableStep.java:71)
	at org.flowable.engine.impl.delegate.invocation.JavaDelegateInvocation.invoke(JavaDelegateInvocation.java:35)
	at org.flowable.engine.impl.delegate.invocation.DelegateInvocation.proceed(DelegateInvocation.java:32)
	at org.flowable.engine.impl.delegate.invocation.DefaultDelegateInterceptor.handleInvocation(DefaultDelegateInterceptor.java:26)
	at org.flowable.engine.impl.bpmn.behavior.ServiceTaskDelegateExpressionActivityBehavior.execute(ServiceTaskDelegateExpressionActivityBehavior.java:177)
	at org.flowable.engine.impl.agenda.ContinueProcessOperation.executeActivityBehavior(ContinueProcessOperation.java:298)
	at org.flowable.engine.impl.agenda.ContinueProcessOperation.executeSynchronous(ContinueProcessOperation.java:175)
	at org.flowable.engine.impl.agenda.ContinueProcessOperation.continueThroughFlowNode(ContinueProcessOperation.java:125)
	at org.flowable.engine.impl.agenda.ContinueProcessOperation.run(ContinueProcessOperation.java:88)
	at org.flowable.common.engine.impl.AbstractEngineConfiguration.lambda$new$0(AbstractEngineConfiguration.java:198)
	at org.flowable.engine.impl.interceptor.CommandInvoker.executeOperation(CommandInvoker.java:189)
	at org.flowable.engine.impl.interceptor.CommandInvoker.executeOperations(CommandInvoker.java:128)
	at org.flowable.engine.impl.interceptor.CommandInvoker.execute(CommandInvoker.java:80)
	at org.flowable.engine.impl.interceptor.BpmnOverrideContextInterceptor.execute(BpmnOverrideContextInterceptor.java:26)
	at org.flowable.common.engine.impl.interceptor.TransactionContextInterceptor.execute(TransactionContextInterceptor.java:53)
	at org.flowable.common.engine.impl.interceptor.CommandContextInterceptor.execute(CommandContextInterceptor.java:105)
	at org.flowable.common.spring.SpringTransactionInterceptor.lambda$execute$0(SpringTransactionInterceptor.java:57)
	at org.springframework.transaction.support.TransactionTemplate.execute(TransactionTemplate.java:140)
	at org.flowable.common.spring.SpringTransactionInterceptor.execute(SpringTransactionInterceptor.java:57)
	at org.flowable.common.engine.impl.interceptor.LogInterceptor.execute(LogInterceptor.java:30)
	at org.flowable.common.engine.impl.cfg.CommandExecutorImpl.execute(CommandExecutorImpl.java:56)
	at org.flowable.common.engine.impl.cfg.CommandExecutorImpl.execute(CommandExecutorImpl.java:51)
	at org.flowable.job.service.impl.asyncexecutor.ExecuteAsyncRunnable.handleTransactionalJob(ExecuteAsyncRunnable.java:177)
	at org.flowable.job.service.impl.asyncexecutor.ExecuteAsyncRunnable.executeJob(ExecuteAsyncRunnable.java:146)
	at org.flowable.job.service.impl.asyncexecutor.ExecuteAsyncRunnable.runInternally(ExecuteAsyncRunnable.java:122)
	at org.flowable.job.service.impl.asyncexecutor.ExecuteAsyncRunnable.run(ExecuteAsyncRunnable.java:96)
	at java.base/java.util.concurrent.ThreadPoolExecutor.runWorker(ThreadPoolExecutor.java:1090)
	at java.base/java.util.concurrent.ThreadPoolExecutor$Worker.run(ThreadPoolExecutor.java:614)
	at java.base/java.lang.Thread.run(Thread.java:1474)
#2026 04 13 19:07:55.231#Z#DEBUG#be2d3d37-376b-11f1-938a-eeee0a8c9147.OPERATION#flowable-async-job-executor-thread-16251#
Step "Execute Task" finished#
